pvs,src,codec,res_label,short_side,crf,pvs_set,bitrate_kbps,src_bitdepth,fps,v0_1080,v0_4k,v1_1d5h_2160,v1_1d5h_2160_8bit,v1_3d0h_1080
Aerial3200_1920x1080_5994_10bit_420__1280x720__av1__crf20,Aerial3200_1920x1080_5994_10bit_420,av1,720p,720,20,ladder,5111.147,10-bit src,59.94006309148265,92.669,94.927,93.91,93.91,93.084
Aerial3200_1920x1080_5994_10bit_420__1280x720__av1__crf30,Aerial3200_1920x1080_5994_10bit_420,av1,720p,720,30,ladder,3039.243,10-bit src,59.94006309148265,90.868,93.706,91.891,91.891,91.287
Aerial3200_1920x1080_5994_10bit_420__1280x720__av1__crf40,Aerial3200_1920x1080_5994_10bit_420,av1,720p,720,40,ladder,1922.065,10-bit src,59.94006309148265,88.461,92.083,89.168,89.168,88.857
Aerial3200_1920x1080_5994_10bit_420__1280x720__av1__crf50,Aerial3200_1920x1080_5994_10bit_420,av1,720p,720,50,ladder,1211.267,10-bit src,59.94006309148265,84.263,89.309,85.14,85.14,85.251
Aerial3200_1920x1080_5994_10bit_420__1280x720__av1__crf60,Aerial3200_1920x1080_5994_10bit_420,av1,720p,720,60,ladder,559.088,10-bit src,59.94006309148265,72.688,81.855,74.218,74.218,75.388
Aerial3200_1920x1080_5994_10bit_420__1280x720__h264__crf18,Aerial3200_1920x1080_5994_10bit_420,h264,720p,720,18,ladder,6166.458,10-bit src,59.94006309148265,91.51,94.094,92.952,92.952,92.23
Aerial3200_1920x1080_5994_10bit_420__1280x720__h264__crf23,Aerial3200_1920x1080_5994_10bit_420,h264,720p,720,23,ladder,2676.027,10-bit src,59.94006309148265,85.824,90.337,87.47,87.47,87.338
Aerial3200_1920x1080_5994_10bit_420__1280x720__h264__crf28,Aerial3200_1920x1080_5994_10bit_420,h264,720p,720,28,ladder,1346.032,10-bit src,59.94006309148265,74.105,82.82,77.352,77.352,78.23
Aerial3200_1920x1080_5994_10bit_420__1280x720__h264__crf33,Aerial3200_1920x1080_5994_10bit_420,h264,720p,720,33,ladder,792.792,10-bit src,59.94006309148265,54.316,70.112,61.167,61.167,63.453
Aerial3200_1920x1080_5994_10bit_420__1280x720__h264__crf38,Aerial3200_1920x1080_5994_10bit_420,h264,720p,720,38,ladder,484.167,10-bit src,59.94006309148265,30.738,53.897,38.615,38.615,42.435
Aerial3200_1920x1080_5994_10bit_420__1280x720__h264__crf43,Aerial3200_1920x1080_5994_10bit_420,h264,720p,720,43,ladder,278.166,10-bit src,59.94006309148265,14.768,40.856,13.895,13.895,18.829
Aerial3200_1920x1080_5994_10bit_420__1280x720__hevc__crf18,Aerial3200_1920x1080_5994_10bit_420,hevc,720p,720,18,ladder,5734.572,10-bit src,59.94006309148265,91.674,94.186,93.219,93.219,92.468
Aerial3200_1920x1080_5994_10bit_420__1280x720__hevc__crf23,Aerial3200_1920x1080_5994_10bit_420,hevc,720p,720,23,ladder,2590.812,10-bit src,59.94006309148265,86.794,90.915,88.507,88.507,88.267
Aerial3200_1920x1080_5994_10bit_420__1280x720__hevc__crf28,Aerial3200_1920x1080_5994_10bit_420,hevc,720p,720,28,ladder,1203.751,10-bit src,59.94006309148265,76.946,84.567,79.594,79.594,80.26
Aerial3200_1920x1080_5994_10bit_420__1280x720__hevc__crf33,Aerial3200_1920x1080_5994_10bit_420,hevc,720p,720,33,ladder,576.811,10-bit src,59.94006309148265,60.108,73.846,64.341,64.341,66.376
Aerial3200_1920x1080_5994_10bit_420__1280x720__hevc__crf38,Aerial3200_1920x1080_5994_10bit_420,hevc,720p,720,38,ladder,287.07,10-bit src,59.94006309148265,37.902,59.1,42.362,42.362,45.968
Aerial3200_1920x1080_5994_10bit_420__1280x720__hevc__crf43,Aerial3200_1920x1080_5994_10bit_420,hevc,720p,720,43,ladder,146.139,10-bit src,59.94006309148265,16.082,42.034,11.383,11.383,16.397
Aerial3200_1920x1080_5994_10bit_420__1280x720__vp9__crf20,Aerial3200_1920x1080_5994_10bit_420,vp9,720p,720,20,ladder,9917.731,10-bit src,59.94006309148265,93.592,95.614,94.414,94.414,93.531
Aerial3200_1920x1080_5994_10bit_420__1280x720__vp9__crf30,Aerial3200_1920x1080_5994_10bit_420,vp9,720p,720,30,ladder,4514.279,10-bit src,59.94006309148265,89.469,92.804,90.563,90.563,90.102
Aerial3200_1920x1080_5994_10bit_420__1280x720__vp9__crf40,Aerial3200_1920x1080_5994_10bit_420,vp9,720p,720,40,ladder,1944.497,10-bit src,59.94006309148265,79.6,86.312,80.694,80.694,81.247
Aerial3200_1920x1080_5994_10bit_420__1280x720__vp9__crf50,Aerial3200_1920x1080_5994_10bit_420,vp9,720p,720,50,ladder,826.574,10-bit src,59.94006309148265,62.418,75.265,61.73,61.73,63.956
Aerial3200_1920x1080_5994_10bit_420__1280x720__vp9__crf60,Aerial3200_1920x1080_5994_10bit_420,vp9,720p,720,60,ladder,356.621,10-bit src,59.94006309148265,39.596,60.111,34.789,34.789,38.795
Aerial3200_1920x1080_5994_10bit_420__1920x1080__av1__crf20,Aerial3200_1920x1080_5994_10bit_420,av1,1080p,1080,20,ladder,12067.223,10-bit src,59.94006309148265,97.074,98.252,98.147,98.147,96.853
Aerial3200_1920x1080_5994_10bit_420__1920x1080__av1__crf30,Aerial3200_1920x1080_5994_10bit_420,av1,1080p,1080,30,ladder,6450.05,10-bit src,59.94006309148265,95.667,97.225,96.676,96.676,95.538
Aerial3200_1920x1080_5994_10bit_420__1920x1080__av1__crf40,Aerial3200_1920x1080_5994_10bit_420,av1,1080p,1080,40,ladder,3640.221,10-bit src,59.94006309148265,93.602,95.755,94.598,94.598,93.694
Aerial3200_1920x1080_5994_10bit_420__1920x1080__av1__crf50,Aerial3200_1920x1080_5994_10bit_420,av1,1080p,1080,50,ladder,2222.336,10-bit src,59.94006309148265,90.676,93.762,91.585,91.585,91.014
Aerial3200_1920x1080_5994_10bit_420__1920x1080__av1__crf60,Aerial3200_1920x1080_5994_10bit_420,av1,1080p,1080,60,ladder,979.205,10-bit src,59.94006309148265,82.039,88.033,83.308,83.308,83.605
Aerial3200_1920x1080_5994_10bit_420__1920x1080__h264__crf18,Aerial3200_1920x1080_5994_10bit_420,h264,1080p,1080,18,ladder,15896.405,10-bit src,59.94006309148265,96.381,97.725,97.522,97.522,96.295
Aerial3200_1920x1080_5994_10bit_420__1920x1080__h264__crf23,Aerial3200_1920x1080_5994_10bit_420,h264,1080p,1080,23,ladder,6228.839,10-bit src,59.94006309148265,92.279,94.838,93.777,93.777,92.965
Aerial3200_1920x1080_5994_10bit_420__1920x1080__h264__crf28,Aerial3200_1920x1080_5994_10bit_420,h264,1080p,1080,28,ladder,2864.044,10-bit src,59.94006309148265,83.559,89.031,86.312,86.312,86.303
Aerial3200_1920x1080_5994_10bit_420__1920x1080__h264__crf33,Aerial3200_1920x1080_5994_10bit_420,h264,1080p,1080,33,ladder,1643.363,10-bit src,59.94006309148265,67.563,78.695,74.209,74.209,75.383
Aerial3200_1920x1080_5994_10bit_420__1920x1080__h264__crf38,Aerial3200_1920x1080_5994_10bit_420,h264,1080p,1080,38,ladder,1020.4,10-bit src,59.94006309148265,44.462,63.591,55.751,55.751,58.451
Aerial3200_1920x1080_5994_10bit_420__1920x1080__h264__crf43,Aerial3200_1920x1080_5994_10bit_420,h264,1080p,1080,43,ladder,592.781,10-bit src,59.94006309148265,22.743,47.807,31.156,31.156,35.372
Aerial3200_1920x1080_5994_10bit_420__1920x1080__hevc__crf18,Aerial3200_1920x1080_5994_10bit_420,hevc,1080p,1080,18,ladder,14255.243,10-bit src,59.94006309148265,96.073,97.486,97.478,97.478,96.261
Aerial3200_1920x1080_5994_10bit_420__1920x1080__hevc__crf23,Aerial3200_1920x1080_5994_10bit_420,hevc,1080p,1080,23,ladder,5708.864,10-bit src,59.94006309148265,92.773,95.139,94.016,94.016,93.177
Aerial3200_1920x1080_5994_10bit_420__1920x1080__hevc__crf28,Aerial3200_1920x1080_5994_10bit_420,hevc,1080p,1080,28,ladder,2425.877,10-bit src,59.94006309148265,86.116,90.692,87.543,87.543,87.406
Aerial3200_1920x1080_5994_10bit_420__1920x1080__hevc__crf33,Aerial3200_1920x1080_5994_10bit_420,hevc,1080p,1080,33,ladder,1100.403,10-bit src,59.94006309148265,73.607,82.631,76.481,76.481,77.446
Aerial3200_1920x1080_5994_10bit_420__1920x1080__hevc__crf38,Aerial3200_1920x1080_5994_10bit_420,hevc,1080p,1080,38,ladder,536.007,10-bit src,59.94006309148265,53.859,69.976,59.33,59.33,61.765
Aerial3200_1920x1080_5994_10bit_420__1920x1080__hevc__crf43,Aerial3200_1920x1080_5994_10bit_420,hevc,1080p,1080,43,ladder,277.27,10-bit src,59.94006309148265,29.351,52.943,34.355,34.355,38.415
Aerial3200_1920x1080_5994_10bit_420__1920x1080__vp9__crf20,Aerial3200_1920x1080_5994_10bit_420,vp9,1080p,1080,20,ladder,27053.905,10-bit src,59.94006309148265,97.562,98.601,98.253,98.253,97.085
Aerial3200_1920x1080_5994_10bit_420__1920x1080__vp9__crf30,Aerial3200_1920x1080_5994_10bit_420,vp9,1080p,1080,30,ladder,10302.816,10-bit src,59.94006309148265,94.742,96.578,95.386,95.386,94.417
Aerial3200_1920x1080_5994_10bit_420__1920x1080__vp9__crf40,Aerial3200_1920x1080_5994_10bit_420,vp9,1080p,1080,40,ladder,4007.649,10-bit src,59.94006309148265,87.743,91.784,88.057,88.057,87.86
Aerial3200_1920x1080_5994_10bit_420__1920x1080__vp9__crf50,Aerial3200_1920x1080_5994_10bit_420,vp9,1080p,1080,50,ladder,1601.353,10-bit src,59.94006309148265,74.763,83.281,73.855,73.855,75.048
Aerial3200_1920x1080_5994_10bit_420__1920x1080__vp9__crf60,Aerial3200_1920x1080_5994_10bit_420,vp9,1080p,1080,60,ladder,658.648,10-bit src,59.94006309148265,55.459,70.885,52.593,52.593,55.501
Aerial3200_1920x1080_5994_10bit_420__640x360__av1__crf20,Aerial3200_1920x1080_5994_10bit_420,av1,360p,360,20,ladder,1348.861,10-bit src,59.94006309148265,73.521,81.223,75.615,75.615,76.657
Aerial3200_1920x1080_5994_10bit_420__640x360__av1__crf30,Aerial3200_1920x1080_5994_10bit_420,av1,360p,360,30,ladder,873.327,10-bit src,59.94006309148265,70.507,79.366,72.266,72.266,73.615
Aerial3200_1920x1080_5994_10bit_420__640x360__av1__crf40,Aerial3200_1920x1080_5994_10bit_420,av1,360p,360,40,ladder,598.008,10-bit src,59.94006309148265,66.731,77.001,69.042,69.042,70.675
Aerial3200_1920x1080_5994_10bit_420__640x360__av1__crf50,Aerial3200_1920x1080_5994_10bit_420,av1,360p,360,50,ladder,406.369,10-bit src,59.94006309148265,60.768,73.318,64.09,64.09,66.14
Aerial3200_1920x1080_5994_10bit_420__640x360__av1__crf60,Aerial3200_1920x1080_5994_10bit_420,av1,360p,360,60,ladder,195.894,10-bit src,59.94006309148265,44.63,63.133,48.419,48.419,51.63
Aerial3200_1920x1080_5994_10bit_420__640x360__h264__crf18,Aerial3200_1920x1080_5994_10bit_420,h264,360p,360,18,ladder,1892.938,10-bit src,59.94006309148265,69.517,78.485,70.803,70.803,72.278
Aerial3200_1920x1080_5994_10bit_420__640x360__h264__crf23,Aerial3200_1920x1080_5994_10bit_420,h264,360p,360,23,ladder,853.613,10-bit src,59.94006309148265,59.398,72.292,59.609,59.609,62.014
Aerial3200_1920x1080_5994_10bit_420__640x360__h264__crf28,Aerial3200_1920x1080_5994_10bit_420,h264,360p,360,28,ladder,433.379,10-bit src,59.94006309148265,42.899,61.856,42.257,42.257,45.859
Aerial3200_1920x1080_5994_10bit_420__640x360__h264__crf33,Aerial3200_1920x1080_5994_10bit_420,h264,360p,360,33,ladder,248.944,10-bit src,59.94006309148265,23.978,48.572,20.468,20.468,25.158
Aerial3200_1920x1080_5994_10bit_420__640x360__h264__crf38,Aerial3200_1920x1080_5994_10bit_420,h264,360p,360,38,ladder,147.522,10-bit src,59.94006309148265,11.144,37.384,0.977,0.977,4.149
Aerial3200_1920x1080_5994_10bit_420__640x360__h264__crf43,Aerial3200_1920x1080_5994_10bit_420,h264,360p,360,43,ladder,84.086,10-bit src,59.94006309148265,5.242,29.727,0.0,0.0,0.0
Aerial3200_1920x1080_5994_10bit_420__640x360__hevc__crf18,Aerial3200_1920x1080_5994_10bit_420,hevc,360p,360,18,ladder,1660.544,10-bit src,59.94006309148265,70.17,78.795,73.727,73.727,74.942
Aerial3200_1920x1080_5994_10bit_420__640x360__hevc__crf23,Aerial3200_1920x1080_5994_10bit_420,hevc,360p,360,23,ladder,801.914,10-bit src,59.94006309148265,61.192,73.228,65.368,65.368,67.314
Aerial3200_1920x1080_5994_10bit_420__640x360__hevc__crf28,Aerial3200_1920x1080_5994_10bit_420,hevc,360p,360,28,ladder,397.927,10-bit src,59.94006309148265,45.826,63.522,49.833,49.833,52.954
Aerial3200_1920x1080_5994_10bit_420__640x360__hevc__crf33,Aerial3200_1920x1080_5994_10bit_420,hevc,360p,360,33,ladder,204.481,10-bit src,59.94006309148265,27.502,51.057,27.212,27.212,31.624
Aerial3200_1920x1080_5994_10bit_420__640x360__hevc__crf38,Aerial3200_1920x1080_5994_10bit_420,hevc,360p,360,38,ladder,108.411,10-bit src,59.94006309148265,12.049,38.334,1.377,1.377,5.171
Aerial3200_1920x1080_5994_10bit_420__640x360__hevc__crf43,Aerial3200_1920x1080_5994_10bit_420,hevc,360p,360,43,ladder,65.003,10-bit src,59.94006309148265,2.121,26.872,0.0,0.0,0.0
Aerial3200_1920x1080_5994_10bit_420__640x360__vp9__crf20,Aerial3200_1920x1080_5994_10bit_420,vp9,360p,360,20,ladder,2889.515,10-bit src,59.94006309148265,73.456,81.079,76.634,76.634,77.579
Aerial3200_1920x1080_5994_10bit_420__640x360__vp9__crf30,Aerial3200_1920x1080_5994_10bit_420,vp9,360p,360,30,ladder,1386.504,10-bit src,59.94006309148265,66.487,76.724,70.467,70.467,71.974
Aerial3200_1920x1080_5994_10bit_420__640x360__vp9__crf40,Aerial3200_1920x1080_5994_10bit_420,vp9,360p,360,40,ladder,621.359,10-bit src,59.94006309148265,50.84,66.747,54.703,54.703,57.471
Aerial3200_1920x1080_5994_10bit_420__640x360__vp9__crf50,Aerial3200_1920x1080_5994_10bit_420,vp9,360p,360,50,ladder,284.153,10-bit src,59.94006309148265,32.213,54.343,27.64,27.64,32.006
Aerial3200_1920x1080_5994_10bit_420__640x360__vp9__crf60,Aerial3200_1920x1080_5994_10bit_420,vp9,360p,360,60,ladder,130.53,10-bit src,59.94006309148265,15.755,41.6,4.381,4.381,8.105
Aerial3200_1920x1080_5994_10bit_420__960x540__av1__crf20,Aerial3200_1920x1080_5994_10bit_420,av1,540p,540,20,ladder,2975.656,10-bit src,59.94006309148265,87.743,91.336,88.526,88.526,88.283
Aerial3200_1920x1080_5994_10bit_420__960x540__av1__crf30,Aerial3200_1920x1080_5994_10bit_420,av1,540p,540,30,ladder,1913.619,10-bit src,59.94006309148265,85.912,90.149,86.419,86.419,86.397
Aerial3200_1920x1080_5994_10bit_420__960x540__av1__crf40,Aerial3200_1920x1080_5994_10bit_420,av1,540p,540,40,ladder,1259.905,10-bit src,59.94006309148265,82.825,88.112,83.535,83.535,83.808
Aerial3200_1920x1080_5994_10bit_420__960x540__av1__crf50,Aerial3200_1920x1080_5994_10bit_420,av1,540p,540,50,ladder,817.925,10-bit src,59.94006309148265,78.081,85.093,79.221,79.221,79.921
Aerial3200_1920x1080_5994_10bit_420__960x540__av1__crf60,Aerial3200_1920x1080_5994_10bit_420,av1,540p,540,60,ladder,374.989,10-bit src,59.94006309148265,63.632,75.917,66.352,66.352,68.214
Aerial3200_1920x1080_5994_10bit_420__960x540__h264__crf18,Aerial3200_1920x1080_5994_10bit_420,h264,540p,540,18,ladder,3725.071,10-bit src,59.94006309148265,84.89,89.272,86.282,86.282,86.273
Aerial3200_1920x1080_5994_10bit_420__960x540__h264__crf23,Aerial3200_1920x1080_5994_10bit_420,h264,540p,540,23,ladder,1656.715,10-bit src,59.94006309148265,77.347,84.478,78.75,78.75,79.493
Aerial3200_1920x1080_5994_10bit_420__960x540__h264__crf28,Aerial3200_1920x1080_5994_10bit_420,h264,540p,540,28,ladder,848.837,10-bit src,59.94006309148265,62.954,75.426,65.484,65.484,67.418
Aerial3200_1920x1080_5994_10bit_420__960x540__h264__crf33,Aerial3200_1920x1080_5994_10bit_420,h264,540p,540,33,ladder,486.126,10-bit src,59.94006309148265,41.576,61.48,45.506,45.506,48.911
Aerial3200_1920x1080_5994_10bit_420__960x540__h264__crf38,Aerial3200_1920x1080_5994_10bit_420,h264,540p,540,38,ladder,293.005,10-bit src,59.94006309148265,21.635,46.895,22.045,22.045,26.674
Aerial3200_1920x1080_5994_10bit_420__960x540__h264__crf43,Aerial3200_1920x1080_5994_10bit_420,h264,540p,540,43,ladder,164.175,10-bit src,59.94006309148265,9.983,35.874,1.006,1.006,4.267
Aerial3200_1920x1080_5994_10bit_420__960x540__hevc__crf18,Aerial3200_1920x1080_5994_10bit_420,hevc,540p,540,18,ladder,3485.764,10-bit src,59.94006309148265,85.361,89.56,87.354,87.354,87.234
Aerial3200_1920x1080_5994_10bit_420__960x540__hevc__crf23,Aerial3200_1920x1080_5994_10bit_420,hevc,540p,540,23,ladder,1633.294,10-bit src,59.94006309148265,78.864,85.375,81.391,81.391,81.879
Aerial3200_1920x1080_5994_10bit_420__960x540__hevc__crf28,Aerial3200_1920x1080_5994_10bit_420,hevc,540p,540,28,ladder,779.964,10-bit src,59.94006309148265,66.321,77.461,70.127,70.127,71.668
Aerial3200_1920x1080_5994_10bit_420__960x540__hevc__crf33,Aerial3200_1920x1080_5994_10bit_420,hevc,540p,540,33,ladder,379.92,10-bit src,59.94006309148265,47.054,65.039,51.187,51.187,54.219
Aerial3200_1920x1080_5994_10bit_420__960x540__hevc__crf38,Aerial3200_1920x1080_5994_10bit_420,hevc,540p,540,38,ladder,188.809,10-bit src,59.94006309148265,25.756,50.038,25.436,25.436,29.927
Aerial3200_1920x1080_5994_10bit_420__960x540__hevc__crf43,Aerial3200_1920x1080_5994_10bit_420,hevc,540p,540,43,ladder,97.442,10-bit src,59.94006309148265,8.141,34.328,0.007,0.007,0.791
Aerial3200_1920x1080_5994_10bit_420__960x540__vp9__crf20,Aerial3200_1920x1080_5994_10bit_420,vp9,540p,540,20,ladder,5944.254,10-bit src,59.94006309148265,87.724,91.26,89.014,89.014,88.718
Aerial3200_1920x1080_5994_10bit_420__960x540__vp9__crf30,Aerial3200_1920x1080_5994_10bit_420,vp9,540p,540,30,ladder,2831.527,10-bit src,59.94006309148265,82.62,87.932,84.67,84.67,84.826
Aerial3200_1920x1080_5994_10bit_420__960x540__vp9__crf40,Aerial3200_1920x1080_5994_10bit_420,vp9,540p,540,40,ladder,1243.747,10-bit src,59.94006309148265,69.948,79.771,72.399,72.399,73.728
Aerial3200_1920x1080_5994_10bit_420__960x540__vp9__crf50,Aerial3200_1920x1080_5994_10bit_420,vp9,540p,540,50,ladder,531.614,10-bit src,59.94006309148265,50.789,67.474,49.385,49.385,52.515
Aerial3200_1920x1080_5994_10bit_420__960x540__vp9__crf60,Aerial3200_1920x1080_5994_10bit_420,vp9,540p,540,60,ladder,227.264,10-bit src,59.94006309148265,29.093,52.465,20.047,20.047,24.736
Boat_1920x1080_5994_10bit_420__1280x720__av1__crf20,Boat_1920x1080_5994_10bit_420,av1,720p,720,20,ladder,17811.846,10-bit src,59.94006309148265,95.438,96.323,97.491,97.491,96.26
Boat_1920x1080_5994_10bit_420__1280x720__av1__crf30,Boat_1920x1080_5994_10bit_420,av1,720p,720,30,ladder,9496.52,10-bit src,59.94006309148265,92.258,94.197,95.019,95.019,94.069
Boat_1920x1080_5994_10bit_420__1280x720__av1__crf40,Boat_1920x1080_5994_10bit_420,av1,720p,720,40,ladder,4900.075,10-bit src,59.94006309148265,86.251,90.206,90.804,90.804,90.319
Boat_1920x1080_5994_10bit_420__1280x720__av1__crf50,Boat_1920x1080_5994_10bit_420,av1,720p,720,50,ladder,2664.608,10-bit src,59.94006309148265,78.043,84.75,85.112,85.112,85.227
Boat_1920x1080_5994_10bit_420__1280x720__av1__crf60,Boat_1920x1080_5994_10bit_420,av1,720p,720,60,ladder,1228.757,10-bit src,59.94006309148265,64.04,75.587,74.833,74.833,75.949
Boat_1920x1080_5994_10bit_420__1280x720__h264__crf18,Boat_1920x1080_5994_10bit_420,h264,720p,720,18,ladder,11640.191,10-bit src,59.94006309148265,92.197,94.112,95.371,95.371,94.381
Boat_1920x1080_5994_10bit_420__1280x720__h264__crf23,Boat_1920x1080_5994_10bit_420,h264,720p,720,23,ladder,6164.691,10-bit src,59.94006309148265,85.476,89.775,90.561,90.561,90.102
Boat_1920x1080_5994_10bit_420__1280x720__h264__crf28,Boat_1920x1080_5994_10bit_420,h264,720p,720,28,ladder,3266.242,10-bit src,59.94006309148265,73.264,82.053,82.002,82.002,82.432
Boat_1920x1080_5994_10bit_420__1280x720__h264__crf33,Boat_1920x1080_5994_10bit_420,h264,720p,720,33,ladder,1639.568,10-bit src,59.94006309148265,54.649,70.212,67.61,67.61,69.371
Boat_1920x1080_5994_10bit_420__1280x720__h264__crf38,Boat_1920x1080_5994_10bit_420,h264,720p,720,38,ladder,803.219,10-bit src,59.94006309148265,30.992,54.046,43.984,43.984,47.49
Boat_1920x1080_5994_10bit_420__1280x720__h264__crf43,Boat_1920x1080_5994_10bit_420,h264,720p,720,43,ladder,478.838,10-bit src,59.94006309148265,10.287,37.264,14.692,14.692,19.605
Boat_1920x1080_5994_10bit_420__1280x720__hevc__crf18,Boat_1920x1080_5994_10bit_420,hevc,720p,720,18,ladder,12340.241,10-bit src,59.94006309148265,92.157,94.081,95.345,95.345,94.358
Boat_1920x1080_5994_10bit_420__1280x720__hevc__crf23,Boat_1920x1080_5994_10bit_420,hevc,720p,720,23,ladder,6584.84,10-bit src,59.94006309148265,85.91,89.96,90.849,90.849,90.359
Boat_1920x1080_5994_10bit_420__1280x720__hevc__crf28,Boat_1920x1080_5994_10bit_420,hevc,720p,720,28,ladder,3455.011,10-bit src,59.94006309148265,75.631,83.33,83.803,83.803,84.052
Boat_1920x1080_5994_10bit_420__1280x720__hevc__crf33,Boat_1920x1080_5994_10bit_420,hevc,720p,720,33,ladder,1734.118,10-bit src,59.94006309148265,59.835,73.211,71.861,71.861,73.251
Boat_1920x1080_5994_10bit_420__1280x720__hevc__crf38,Boat_1920x1080_5994_10bit_420,hevc,720p,720,38,ladder,796.289,10-bit src,59.94006309148265,39.293,59.64,53.635,53.635,56.495
Boat_1920x1080_5994_10bit_420__1280x720__hevc__crf43,Boat_1920x1080_5994_10bit_420,hevc,720p,720,43,ladder,324.418,10-bit src,59.94006309148265,18.834,44.69,26.73,26.73,31.169
Boat_1920x1080_5994_10bit_420__1280x720__vp9__crf20,Boat_1920x1080_5994_10bit_420,vp9,720p,720,20,ladder,26974.325,10-bit src,59.94006309148265,96.409,97.036,98.278,98.278,96.959
Boat_1920x1080_5994_10bit_420__1280x720__vp9__crf30,Boat_1920x1080_5994_10bit_420,vp9,720p,720,30,ladder,15311.708,10-bit src,59.94006309148265,93.024,94.797,95.859,95.859,94.813
Boat_1920x1080_5994_10bit_420__1280x720__vp9__crf40,Boat_1920x1080_5994_10bit_420,vp9,720p,720,40,ladder,7532.713,10-bit src,59.94006309148265,85.013,89.605,90.407,90.407,89.963
Boat_1920x1080_5994_10bit_420__1280x720__vp9__crf50,Boat_1920x1080_5994_10bit_420,vp9,720p,720,50,ladder,3439.572,10-bit src,59.94006309148265,69.821,79.926,79.215,79.215,79.915
Boat_1920x1080_5994_10bit_420__1280x720__vp9__crf60,Boat_1920x1080_5994_10bit_420,vp9,720p,720,60,ladder,1377.722,10-bit src,59.94006309148265,47.247,65.306,59.144,59.144,61.584
Boat_1920x1080_5994_10bit_420__1920x1080__av1__crf20,Boat_1920x1080_5994_10bit_420,av1,1080p,1080,20,ladder,32908.142,10-bit src,59.94006309148265,99.954,99.982,100.0,100.0,99.999
Boat_1920x1080_5994_10bit_420__1920x1080__av1__crf30,Boat_1920x1080_5994_10bit_420,av1,1080p,1080,30,ladder,16940.171,10-bit src,59.94006309148265,99.107,99.187,99.975,99.975,99.073
Boat_1920x1080_5994_10bit_420__1920x1080__av1__crf40,Boat_1920x1080_5994_10bit_420,av1,1080p,1080,40,ladder,8535.668,10-bit src,59.94006309148265,94.929,96.248,97.368,97.368,96.154
Boat_1920x1080_5994_10bit_420__1920x1080__av1__crf50,Boat_1920x1080_5994_10bit_420,av1,1080p,1080,50,ladder,4671.162,10-bit src,59.94006309148265,88.457,91.856,92.878,92.878,92.166
Boat_1920x1080_5994_10bit_420__1920x1080__av1__crf60,Boat_1920x1080_5994_10bit_420,av1,1080p,1080,60,ladder,2103.107,10-bit src,59.94006309148265,75.655,83.331,83.527,83.527,83.802
Boat_1920x1080_5994_10bit_420__1920x1080__h264__crf18,Boat_1920x1080_5994_10bit_420,h264,1080p,1080,18,ladder,22164.883,10-bit src,59.94006309148265,98.772,98.904,99.949,99.949,99.149
Boat_1920x1080_5994_10bit_420__1920x1080__h264__crf23,Boat_1920x1080_5994_10bit_420,h264,1080p,1080,23,ladder,11649.91,10-bit src,59.94006309148265,94.187,95.737,97.218,97.218,96.018
Boat_1920x1080_5994_10bit_420__1920x1080__h264__crf28,Boat_1920x1080_5994_10bit_420,h264,1080p,1080,28,ladder,6309.499,10-bit src,59.94006309148265,85.192,89.89,90.883,90.883,90.389
Boat_1920x1080_5994_10bit_420__1920x1080__h264__crf33,Boat_1920x1080_5994_10bit_420,h264,1080p,1080,33,ladder,3338.6,10-bit src,59.94006309148265,69.869,80.086,80.148,80.148,80.76
Boat_1920x1080_5994_10bit_420__1920x1080__h264__crf38,Boat_1920x1080_5994_10bit_420,h264,1080p,1080,38,ladder,1714.987,10-bit src,59.94006309148265,47.509,65.482,61.995,61.995,64.221
Boat_1920x1080_5994_10bit_420__1920x1080__h264__crf43,Boat_1920x1080_5994_10bit_420,h264,1080p,1080,43,ladder,1021.237,10-bit src,59.94006309148265,23.294,48.205,36.405,36.405,40.358
Boat_1920x1080_5994_10bit_420__1920x1080__hevc__crf18,Boat_1920x1080_5994_10bit_420,hevc,1080p,1080,18,ladder,22809.032,10-bit src,59.94006309148265,99.052,99.117,99.998,99.998,99.213
Boat_1920x1080_5994_10bit_420__1920x1080__hevc__crf23,Boat_1920x1080_5994_10bit_420,hevc,1080p,1080,23,ladder,11870.734,10-bit src,59.94006309148265,94.809,96.143,97.601,97.601,96.36
Boat_1920x1080_5994_10bit_420__1920x1080__hevc__crf28,Boat_1920x1080_5994_10bit_420,hevc,1080p,1080,28,ladder,6224.405,10-bit src,59.94006309148265,87.147,91.065,92.1,92.1,91.474
Boat_1920x1080_5994_10bit_420__1920x1080__hevc__crf33,Boat_1920x1080_5994_10bit_420,hevc,1080p,1080,33,ladder,3168.767,10-bit src,59.94006309148265,74.693,83.001,83.121,83.121,83.439
Boat_1920x1080_5994_10bit_420__1920x1080__hevc__crf38,Boat_1920x1080_5994_10bit_420,hevc,1080p,1080,38,ladder,1541.569,10-bit src,59.94006309148265,56.63,71.402,69.279,69.279,70.897
Boat_1920x1080_5994_10bit_420__1920x1080__hevc__crf43,Boat_1920x1080_5994_10bit_420,hevc,1080p,1080,43,ladder,687.896,10-bit src,59.94006309148265,34.746,56.797,47.976,47.976,51.228
Boat_1920x1080_5994_10bit_420__1920x1080__vp9__crf20,Boat_1920x1080_5994_10bit_420,vp9,1080p,1080,20,ladder,49993.231,10-bit src,59.94006309148265,99.976,100.0,100.0,100.0,100.0
Boat_1920x1080_5994_10bit_420__1920x1080__vp9__crf30,Boat_1920x1080_5994_10bit_420,vp9,1080p,1080,30,ladder,26796.407,10-bit src,59.94006309148265,99.345,99.413,99.997,99.997,99.327
Boat_1920x1080_5994_10bit_420__1920x1080__vp9__crf40,Boat_1920x1080_5994_10bit_420,vp9,1080p,1080,40,ladder,13106.209,10-bit src,59.94006309148265,94.18,95.858,97.012,97.012,95.858
Boat_1920x1080_5994_10bit_420__1920x1080__vp9__crf50,Boat_1920x1080_5994_10bit_420,vp9,1080p,1080,50,ladder,6147.183,10-bit src,59.94006309148265,82.819,88.496,88.611,88.611,88.359
Boat_1920x1080_5994_10bit_420__1920x1080__vp9__crf60,Boat_1920x1080_5994_10bit_420,vp9,1080p,1080,60,ladder,2603.135,10-bit src,59.94006309148265,63.053,75.81,73.429,73.429,74.67
Boat_1920x1080_5994_10bit_420__640x360__av1__crf20,Boat_1920x1080_5994_10bit_420,av1,360p,360,20,ladder,5996.035,10-bit src,59.94006309148265,68.97,77.622,74.558,74.558,75.704
Boat_1920x1080_5994_10bit_420__640x360__av1__crf30,Boat_1920x1080_5994_10bit_420,av1,360p,360,30,ladder,2945.246,10-bit src,59.94006309148265,64.125,74.523,71.512,71.512,72.934
Boat_1920x1080_5994_10bit_420__640x360__av1__crf40,Boat_1920x1080_5994_10bit_420,av1,360p,360,40,ladder,1435.256,10-bit src,59.94006309148265,55.794,69.165,66.166,66.166,68.051
Boat_1920x1080_5994_10bit_420__640x360__av1__crf50,Boat_1920x1080_5994_10bit_420,av1,360p,360,50,ladder,845.41,10-bit src,59.94006309148265,47.142,63.485,59.771,59.771,62.173
Boat_1920x1080_5994_10bit_420__640x360__av1__crf60,Boat_1920x1080_5994_10bit_420,av1,360p,360,60,ladder,421.329,10-bit src,59.94006309148265,34.577,55.178,48.357,48.357,51.581
Boat_1920x1080_5994_10bit_420__640x360__h264__crf18,Boat_1920x1080_5994_10bit_420,h264,360p,360,18,ladder,4012.204,10-bit src,59.94006309148265,62.577,73.476,69.71,69.71,71.29
Boat_1920x1080_5994_10bit_420__640x360__h264__crf23,Boat_1920x1080_5994_10bit_420,h264,360p,360,23,ladder,2030.17,10-bit src,59.94006309148265,53.161,67.679,62.855,62.855,65.012
Boat_1920x1080_5994_10bit_420__640x360__h264__crf28,Boat_1920x1080_5994_10bit_420,h264,360p,360,28,ladder,984.804,10-bit src,59.94006309148265,38.736,58.557,50.534,50.534,53.611
Boat_1920x1080_5994_10bit_420__640x360__h264__crf33,Boat_1920x1080_5994_10bit_420,h264,360p,360,33,ladder,450.375,10-bit src,59.94006309148265,21.644,46.687,30.802,30.802,35.043
Boat_1920x1080_5994_10bit_420__640x360__h264__crf38,Boat_1920x1080_5994_10bit_420,h264,360p,360,38,ladder,218.987,10-bit src,59.94006309148265,6.206,33.349,4.365,4.365,9.303
Boat_1920x1080_5994_10bit_420__640x360__h264__crf43,Boat_1920x1080_5994_10bit_420,h264,360p,360,43,ladder,128.287,10-bit src,59.94006309148265,0.0,23.079,0.0,0.0,0.0
Boat_1920x1080_5994_10bit_420__640x360__hevc__crf18,Boat_1920x1080_5994_10bit_420,hevc,360p,360,18,ladder,4191.221,10-bit src,59.94006309148265,62.349,73.185,70.627,70.627,72.127
Boat_1920x1080_5994_10bit_420__640x360__hevc__crf23,Boat_1920x1080_5994_10bit_420,hevc,360p,360,23,ladder,2143.435,10-bit src,59.94006309148265,53.47,67.501,64.235,64.235,66.281
Boat_1920x1080_5994_10bit_420__640x360__hevc__crf28,Boat_1920x1080_5994_10bit_420,hevc,360p,360,28,ladder,1110.882,10-bit src,59.94006309148265,40.797,59.438,54.483,54.483,57.284
Boat_1920x1080_5994_10bit_420__640x360__hevc__crf33,Boat_1920x1080_5994_10bit_420,hevc,360p,360,33,ladder,527.701,10-bit src,59.94006309148265,24.92,48.667,38.041,38.041,41.903
Boat_1920x1080_5994_10bit_420__640x360__hevc__crf38,Boat_1920x1080_5994_10bit_420,hevc,360p,360,38,ladder,226.795,10-bit src,59.94006309148265,9.661,36.595,15.655,15.655,20.536
Boat_1920x1080_5994_10bit_420__640x360__hevc__crf43,Boat_1920x1080_5994_10bit_420,hevc,360p,360,43,ladder,95.786,10-bit src,59.94006309148265,0.047,24.848,0.0,0.0,0.0
Boat_1920x1080_5994_10bit_420__640x360__vp9__crf20,Boat_1920x1080_5994_10bit_420,vp9,360p,360,20,ladder,10224.579,10-bit src,59.94006309148265,69.061,77.7,75.282,75.282,76.36
Boat_1920x1080_5994_10bit_420__640x360__vp9__crf30,Boat_1920x1080_5994_10bit_420,vp9,360p,360,30,ladder,5624.132,10-bit src,59.94006309148265,63.778,74.366,71.959,71.959,73.341
Boat_1920x1080_5994_10bit_420__640x360__vp9__crf40,Boat_1920x1080_5994_10bit_420,vp9,360p,360,40,ladder,2504.59,10-bit src,59.94006309148265,52.317,67.058,64.223,64.223,66.267
Boat_1920x1080_5994_10bit_420__640x360__vp9__crf50,Boat_1920x1080_5994_10bit_420,vp9,360p,360,50,ladder,1054.686,10-bit src,59.94006309148265,35.471,56.171,48.693,48.693,51.891
Boat_1920x1080_5994_10bit_420__640x360__vp9__crf60,Boat_1920x1080_5994_10bit_420,vp9,360p,360,60,ladder,403.99,10-bit src,59.94006309148265,17.709,43.462,25.083,25.083,29.583
Boat_1920x1080_5994_10bit_420__960x540__av1__crf20,Boat_1920x1080_5994_10bit_420,av1,540p,540,20,ladder,10731.935,10-bit src,59.94006309148265,87.891,90.856,90.456,90.456,90.009
Boat_1920x1080_5994_10bit_420__960x540__av1__crf30,Boat_1920x1080_5994_10bit_420,av1,540p,540,30,ladder,5785.928,10-bit src,59.94006309148265,84.325,88.589,87.989,87.989,87.805
Boat_1920x1080_5994_10bit_420__960x540__av1__crf40,Boat_1920x1080_5994_10bit_420,av1,540p,540,40,ladder,3045.934,10-bit src,59.94006309148265,77.107,83.89,83.364,83.364,83.658
Boat_1920x1080_5994_10bit_420__960x540__av1__crf50,Boat_1920x1080_5994_10bit_420,av1,540p,540,50,ladder,1702.498,10-bit src,59.94006309148265,67.742,77.703,76.836,76.836,77.767
Boat_1920x1080_5994_10bit_420__960x540__av1__crf60,Boat_1920x1080_5994_10bit_420,av1,540p,540,60,ladder,826.482,10-bit src,59.94006309148265,53.831,68.623,65.4,65.4,67.346
Boat_1920x1080_5994_10bit_420__960x540__h264__crf18,Boat_1920x1080_5994_10bit_420,h264,540p,540,18,ladder,7638.572,10-bit src,59.94006309148265,82.817,87.406,87.38,87.38,87.26
Boat_1920x1080_5994_10bit_420__960x540__h264__crf23,Boat_1920x1080_5994_10bit_420,h264,540p,540,23,ladder,3968.848,10-bit src,59.94006309148265,74.717,82.363,81.625,81.625,82.092
Boat_1920x1080_5994_10bit_420__960x540__h264__crf28,Boat_1920x1080_5994_10bit_420,h264,540p,540,28,ladder,2016.619,10-bit src,59.94006309148265,60.877,73.774,71.233,71.233,72.678
Boat_1920x1080_5994_10bit_420__960x540__h264__crf33,Boat_1920x1080_5994_10bit_420,h264,540p,540,33,ladder,973.938,10-bit src,59.94006309148265,41.402,61.221,53.281,53.281,56.165
Boat_1920x1080_5994_10bit_420__960x540__h264__crf38,Boat_1920x1080_5994_10bit_420,h264,540p,540,38,ladder,467.297,10-bit src,59.94006309148265,19.8,45.493,26.603,26.603,31.045
Boat_1920x1080_5994_10bit_420__960x540__h264__crf43,Boat_1920x1080_5994_10bit_420,h264,540p,540,43,ladder,272.328,10-bit src,59.94006309148265,3.502,30.384,0.47,0.47,3.585
Boat_1920x1080_5994_10bit_420__960x540__hevc__crf18,Boat_1920x1080_5994_10bit_420,hevc,540p,540,18,ladder,8151.111,10-bit src,59.94006309148265,82.631,87.256,87.714,87.714,87.559
Boat_1920x1080_5994_10bit_420__960x540__hevc__crf23,Boat_1920x1080_5994_10bit_420,hevc,540p,540,23,ladder,4304.165,10-bit src,59.94006309148265,75.212,82.485,82.654,82.654,83.018
Boat_1920x1080_5994_10bit_420__960x540__hevc__crf28,Boat_1920x1080_5994_10bit_420,hevc,540p,540,28,ladder,2255.0,10-bit src,59.94006309148265,63.38,75.003,74.029,74.029,75.222
Boat_1920x1080_5994_10bit_420__960x540__hevc__crf33,Boat_1920x1080_5994_10bit_420,hevc,540p,540,33,ladder,1100.418,10-bit src,59.94006309148265,46.287,64.04,60.061,60.061,62.44
Boat_1920x1080_5994_10bit_420__960x540__hevc__crf38,Boat_1920x1080_5994_10bit_420,hevc,540p,540,38,ladder,480.497,10-bit src,59.94006309148265,26.381,50.293,39.122,39.122,42.921
Boat_1920x1080_5994_10bit_420__960x540__hevc__crf43,Boat_1920x1080_5994_10bit_420,hevc,540p,540,43,ladder,188.437,10-bit src,59.94006309148265,8.678,35.696,8.964,8.964,14.056
Boat_1920x1080_5994_10bit_420__960x540__vp9__crf20,Boat_1920x1080_5994_10bit_420,vp9,540p,540,20,ladder,18625.574,10-bit src,59.94006309148265,87.962,90.865,91.164,91.164,90.641
Boat_1920x1080_5994_10bit_420__960x540__vp9__crf30,Boat_1920x1080_5994_10bit_420,vp9,540p,540,30,ladder,10404.097,10-bit src,59.94006309148265,83.761,88.189,88.405,88.405,88.177
Boat_1920x1080_5994_10bit_420__960x540__vp9__crf40,Boat_1920x1080_5994_10bit_420,vp9,540p,540,40,ladder,4980.031,10-bit src,59.94006309148265,73.973,81.971,82.139,82.139,82.554
Boat_1920x1080_5994_10bit_420__960x540__vp9__crf50,Boat_1920x1080_5994_10bit_420,vp9,540p,540,50,ladder,2189.429,10-bit src,59.94006309148265,56.91,71.157,68.763,68.763,70.42
Boat_1920x1080_5994_10bit_420__960x540__vp9__crf60,Boat_1920x1080_5994_10bit_420,vp9,540p,540,60,ladder,855.867,10-bit src,59.94006309148265,34.988,56.693,46.852,46.852,50.165
CrowdRun_1920x1080p50__1280x720__av1__crf20,CrowdRun_1920x1080p50,av1,720p,720,20,ladder,45907.876,8-bit src,50.0,93.957,95.477,95.611,95.595,94.594
CrowdRun_1920x1080p50__1280x720__av1__crf30,CrowdRun_1920x1080p50,av1,720p,720,30,ladder,24455.196,8-bit src,50.0,88.942,92.352,91.614,91.595,91.041
CrowdRun_1920x1080p50__1280x720__av1__crf40,CrowdRun_1920x1080p50,av1,720p,720,40,ladder,10675.31,8-bit src,50.0,78.357,85.746,83.368,83.349,83.659
CrowdRun_1920x1080p50__1280x720__av1__crf50,CrowdRun_1920x1080p50,av1,720p,720,50,ladder,4625.603,8-bit src,50.0,62.943,75.958,69.855,69.835,71.419
CrowdRun_1920x1080p50__1280x720__av1__crf60,CrowdRun_1920x1080p50,av1,720p,720,60,ladder,1593.763,8-bit src,50.0,39.62,60.515,44.636,44.615,48.095
CrowdRun_1920x1080p50__1280x720__h264__crf18,CrowdRun_1920x1080p50,h264,720p,720,18,ladder,24130.449,8-bit src,50.0,88.802,92.13,91.855,91.843,91.255
CrowdRun_1920x1080p50__1280x720__h264__crf23,CrowdRun_1920x1080p50,h264,720p,720,23,ladder,12040.815,8-bit src,50.0,79.511,86.421,85.294,85.284,85.389
CrowdRun_1920x1080p50__1280x720__h264__crf28,CrowdRun_1920x1080p50,h264,720p,720,28,ladder,5948.603,8-bit src,50.0,64.315,77.144,74.555,74.549,75.699
CrowdRun_1920x1080p50__1280x720__h264__crf33,CrowdRun_1920x1080p50,h264,720p,720,33,ladder,2842.584,8-bit src,50.0,44.255,64.481,57.465,57.458,60.046
CrowdRun_1920x1080p50__1280x720__h264__crf38,CrowdRun_1920x1080p50,h264,720p,720,38,ladder,1340.975,8-bit src,50.0,23.485,49.679,32.019,31.994,36.205
CrowdRun_1920x1080p50__1280x720__h264__crf43,CrowdRun_1920x1080p50,h264,720p,720,43,ladder,640.818,8-bit src,50.0,7.779,35.354,2.164,2.121,7.351
CrowdRun_1920x1080p50__1280x720__hevc__crf18,CrowdRun_1920x1080p50,hevc,720p,720,18,ladder,26714.753,8-bit src,50.0,88.141,91.676,91.509,91.495,90.947
CrowdRun_1920x1080p50__1280x720__hevc__crf23,CrowdRun_1920x1080p50,hevc,720p,720,23,ladder,13815.621,8-bit src,50.0,78.892,85.886,84.933,84.924,85.065
CrowdRun_1920x1080p50__1280x720__hevc__crf28,CrowdRun_1920x1080p50,hevc,720p,720,28,ladder,6816.726,8-bit src,50.0,64.643,76.984,74.024,74.013,75.214
CrowdRun_1920x1080p50__1280x720__hevc__crf33,CrowdRun_1920x1080p50,hevc,720p,720,33,ladder,3069.203,8-bit src,50.0,45.704,64.822,56.891,56.882,59.508
CrowdRun_1920x1080p50__1280x720__hevc__crf38,CrowdRun_1920x1080p50,hevc,720p,720,38,ladder,1222.895,8-bit src,50.0,25.671,50.887,30.164,30.153,34.431
CrowdRun_1920x1080p50__1280x720__hevc__crf43,CrowdRun_1920x1080p50,hevc,720p,720,43,ladder,454.224,8-bit src,50.0,9.649,37.377,1.388,1.381,4.609
CrowdRun_1920x1080p50__1280x720__vp9__crf20,CrowdRun_1920x1080p50,vp9,720p,720,20,ladder,51935.295,8-bit src,50.0,94.702,95.994,96.128,96.115,95.052
CrowdRun_1920x1080p50__1280x720__vp9__crf30,CrowdRun_1920x1080p50,vp9,720p,720,30,ladder,29388.44,8-bit src,50.0,90.309,93.349,92.893,92.877,92.178
CrowdRun_1920x1080p50__1280x720__vp9__crf40,CrowdRun_1920x1080p50,vp9,720p,720,40,ladder,13928.156,8-bit src,50.0,80.029,87.129,85.841,85.825,85.878
CrowdRun_1920x1080p50__1280x720__vp9__crf50,CrowdRun_1920x1080p50,vp9,720p,720,50,ladder,6020.806,8-bit src,50.0,62.273,76.182,71.642,71.622,73.042
CrowdRun_1920x1080p50__1280x720__vp9__crf60,CrowdRun_1920x1080p50,vp9,720p,720,60,ladder,2332.569,8-bit src,50.0,38.546,60.581,45.693,45.664,49.068
CrowdRun_1920x1080p50__1920x1080__av1__crf20,CrowdRun_1920x1080p50,av1,1080p,1080,20,ladder,95967.738,8-bit src,50.0,99.963,99.988,100.0,100.0,99.999
CrowdRun_1920x1080p50__1920x1080__av1__crf30,CrowdRun_1920x1080p50,av1,1080p,1080,30,ladder,46353.529,8-bit src,50.0,98.88,99.24,99.35,99.362,98.228
CrowdRun_1920x1080p50__1920x1080__av1__crf40,CrowdRun_1920x1080p50,av1,1080p,1080,40,ladder,20496.372,8-bit src,50.0,91.691,94.726,93.5,93.52,92.718
CrowdRun_1920x1080p50__1920x1080__av1__crf50,CrowdRun_1920x1080p50,av1,1080p,1080,50,ladder,9101.723,8-bit src,50.0,78.989,86.688,83.14,83.163,83.453
CrowdRun_1920x1080p50__1920x1080__av1__crf60,CrowdRun_1920x1080p50,av1,1080p,1080,60,ladder,3244.676,8-bit src,50.0,56.886,72.439,62.955,62.991,65.098
CrowdRun_1920x1080p50__1920x1080__h264__crf18,CrowdRun_1920x1080p50,h264,1080p,1080,18,ladder,53872.212,8-bit src,50.0,98.643,98.971,99.429,99.43,98.376
CrowdRun_1920x1080p50__1920x1080__h264__crf23,CrowdRun_1920x1080p50,h264,1080p,1080,23,ladder,24286.406,8-bit src,50.0,92.448,95.102,94.989,94.997,94.042
CrowdRun_1920x1080p50__1920x1080__h264__crf28,CrowdRun_1920x1080p50,h264,1080p,1080,28,ladder,12166.563,8-bit src,50.0,80.459,87.739,86.845,86.858,86.781
CrowdRun_1920x1080p50__1920x1080__h264__crf33,CrowdRun_1920x1080p50,h264,1080p,1080,33,ladder,6078.433,8-bit src,50.0,61.866,76.198,73.589,73.638,74.824
CrowdRun_1920x1080p50__1920x1080__h264__crf38,CrowdRun_1920x1080p50,h264,1080p,1080,38,ladder,3037.393,8-bit src,50.0,38.725,60.936,52.731,52.911,55.659
CrowdRun_1920x1080p50__1920x1080__h264__crf43,CrowdRun_1920x1080p50,h264,1080p,1080,43,ladder,1543.15,8-bit src,50.0,17.694,44.856,24.1,24.49,28.657
CrowdRun_1920x1080p50__1920x1080__hevc__crf18,CrowdRun_1920x1080p50,hevc,1080p,1080,18,ladder,56525.547,8-bit src,50.0,98.339,98.764,99.238,99.241,98.121
CrowdRun_1920x1080p50__1920x1080__hevc__crf23,CrowdRun_1920x1080p50,hevc,1080p,1080,23,ladder,27288.036,8-bit src,50.0,92.029,94.724,94.721,94.728,93.81
CrowdRun_1920x1080p50__1920x1080__hevc__crf28,CrowdRun_1920x1080p50,hevc,1080p,1080,28,ladder,13418.446,8-bit src,50.0,80.914,87.775,86.684,86.693,86.635
CrowdRun_1920x1080p50__1920x1080__hevc__crf33,CrowdRun_1920x1080p50,hevc,1080p,1080,33,ladder,6293.516,8-bit src,50.0,64.18,77.262,73.862,73.875,75.068
CrowdRun_1920x1080p50__1920x1080__hevc__crf38,CrowdRun_1920x1080p50,hevc,1080p,1080,38,ladder,2630.72,8-bit src,50.0,42.572,63.174,52.22,52.256,55.176
CrowdRun_1920x1080p50__1920x1080__hevc__crf43,CrowdRun_1920x1080p50,hevc,1080p,1080,43,ladder,1040.458,8-bit src,50.0,21.829,48.124,22.131,22.353,26.762
CrowdRun_1920x1080p50__1920x1080__vp9__crf20,CrowdRun_1920x1080p50,vp9,1080p,1080,20,ladder,120553.307,8-bit src,50.0,99.976,100.0,100.0,100.0,100.0
CrowdRun_1920x1080p50__1920x1080__vp9__crf30,CrowdRun_1920x1080p50,vp9,1080p,1080,30,ladder,59030.566,8-bit src,50.0,99.29,99.568,99.681,99.691,98.712
CrowdRun_1920x1080p50__1920x1080__vp9__crf40,CrowdRun_1920x1080p50,vp9,1080p,1080,40,ladder,26217.701,8-bit src,50.0,92.679,95.518,94.931,94.953,94.012
CrowdRun_1920x1080p50__1920x1080__vp9__crf50,CrowdRun_1920x1080p50,vp9,1080p,1080,50,ladder,11483.215,8-bit src,50.0,78.794,86.981,84.452,84.479,84.629
CrowdRun_1920x1080p50__1920x1080__vp9__crf60,CrowdRun_1920x1080p50,vp9,1080p,1080,60,ladder,4668.769,8-bit src,50.0,56.102,72.654,64.614,64.686,66.612
CrowdRun_1920x1080p50__640x360__av1__crf20,CrowdRun_1920x1080p50,av1,360p,360,20,ladder,11602.96,8-bit src,50.0,63.661,74.464,68.888,68.878,70.541
CrowdRun_1920x1080p50__640x360__av1__crf30,CrowdRun_1920x1080p50,av1,360p,360,30,ladder,6172.003,8-bit src,50.0,55.942,69.678,63.206,63.19,65.335
CrowdRun_1920x1080p50__640x360__av1__crf40,CrowdRun_1920x1080p50,av1,360p,360,40,ladder,2743.28,8-bit src,50.0,41.773,60.725,49.756,49.724,52.887
CrowdRun_1920x1080p50__640x360__av1__crf50,CrowdRun_1920x1080p50,av1,360p,360,50,ladder,1244.612,8-bit src,50.0,27.087,50.797,29.72,29.676,34.014
CrowdRun_1920x1080p50__640x360__av1__crf60,CrowdRun_1920x1080p50,av1,360p,360,60,ladder,457.883,8-bit src,50.0,11.511,38.911,4.704,4.641,9.608
CrowdRun_1920x1080p50__640x360__h264__crf18,CrowdRun_1920x1080p50,h264,360p,360,18,ladder,7587.501,8-bit src,50.0,56.347,69.858,63.254,63.243,65.377
CrowdRun_1920x1080p50__640x360__h264__crf23,CrowdRun_1920x1080p50,h264,360p,360,23,ladder,3739.104,8-bit src,50.0,43.805,62.15,52.661,52.645,55.589
CrowdRun_1920x1080p50__640x360__h264__crf28,CrowdRun_1920x1080p50,h264,360p,360,28,ladder,1736.898,8-bit src,50.0,28.508,52.38,36.56,36.533,40.504
CrowdRun_1920x1080p50__640x360__h264__crf33,CrowdRun_1920x1080p50,h264,360p,360,33,ladder,760.818,8-bit src,50.0,14.639,42.08,14.237,14.154,19.168
CrowdRun_1920x1080p50__640x360__h264__crf38,CrowdRun_1920x1080p50,h264,360p,360,38,ladder,331.584,8-bit src,50.0,4.383,31.613,0.0,0.0,0.026
CrowdRun_1920x1080p50__640x360__h264__crf43,CrowdRun_1920x1080p50,h264,360p,360,43,ladder,147.298,8-bit src,50.0,0.201,23.827,0.0,0.0,0.0
CrowdRun_1920x1080p50__640x360__hevc__crf18,CrowdRun_1920x1080p50,hevc,360p,360,18,ladder,7933.07,8-bit src,50.0,54.858,68.772,63.174,63.169,65.305
CrowdRun_1920x1080p50__640x360__hevc__crf23,CrowdRun_1920x1080p50,hevc,360p,360,23,ladder,4084.689,8-bit src,50.0,42.783,61.141,53.467,53.457,56.338
CrowdRun_1920x1080p50__640x360__hevc__crf28,CrowdRun_1920x1080p50,hevc,360p,360,28,ladder,1932.486,8-bit src,50.0,28.421,51.739,37.569,37.548,41.452
CrowdRun_1920x1080p50__640x360__hevc__crf33,CrowdRun_1920x1080p50,hevc,360p,360,33,ladder,828.716,8-bit src,50.0,14.444,41.486,16.514,16.48,21.358
CrowdRun_1920x1080p50__640x360__hevc__crf38,CrowdRun_1920x1080p50,hevc,360p,360,38,ladder,320.658,8-bit src,50.0,3.985,31.697,0.12,0.119,0.466
CrowdRun_1920x1080p50__640x360__hevc__crf43,CrowdRun_1920x1080p50,hevc,360p,360,43,ladder,120.836,8-bit src,50.0,0.0,22.84,0.0,0.0,0.0
CrowdRun_1920x1080p50__640x360__vp9__crf20,CrowdRun_1920x1080p50,vp9,360p,360,20,ladder,14989.123,8-bit src,50.0,64.645,75.112,70.092,70.089,71.64
CrowdRun_1920x1080p50__640x360__vp9__crf30,CrowdRun_1920x1080p50,vp9,360p,360,30,ladder,9018.224,8-bit src,50.0,57.814,71.041,65.748,65.743,67.667
CrowdRun_1920x1080p50__640x360__vp9__crf40,CrowdRun_1920x1080p50,vp9,360p,360,40,ladder,4293.8,8-bit src,50.0,44.175,62.694,55.143,55.135,57.889
CrowdRun_1920x1080p50__640x360__vp9__crf50,CrowdRun_1920x1080p50,vp9,360p,360,50,ladder,1769.51,8-bit src,50.0,26.696,51.133,34.046,34.011,38.107
CrowdRun_1920x1080p50__640x360__vp9__crf60,CrowdRun_1920x1080p50,vp9,360p,360,60,ladder,634.738,8-bit src,50.0,10.84,38.429,3.761,3.69,7.184
CrowdRun_1920x1080p50__960x540__av1__crf20,CrowdRun_1920x1080p50,av1,540p,540,20,ladder,25037.923,8-bit src,50.0,83.825,88.287,86.445,86.431,86.423
CrowdRun_1920x1080p50__960x540__av1__crf30,CrowdRun_1920x1080p50,av1,540p,540,30,ladder,13075.849,8-bit src,50.0,77.908,84.685,81.888,81.864,82.33
CrowdRun_1920x1080p50__960x540__av1__crf40,CrowdRun_1920x1080p50,av1,540p,540,40,ladder,6017.593,8-bit src,50.0,65.883,77.3,71.526,71.499,72.945
CrowdRun_1920x1080p50__960x540__av1__crf50,CrowdRun_1920x1080p50,av1,540p,540,50,ladder,2793.301,8-bit src,50.0,50.238,67.301,55.124,55.09,57.875
CrowdRun_1920x1080p50__960x540__av1__crf60,CrowdRun_1920x1080p50,av1,540p,540,60,ladder,1004.329,8-bit src,50.0,28.671,52.556,28.73,28.687,33.067
CrowdRun_1920x1080p50__960x540__h264__crf18,CrowdRun_1920x1080p50,h264,540p,540,18,ladder,15023.861,8-bit src,50.0,77.147,83.984,81.651,81.642,82.115
CrowdRun_1920x1080p50__960x540__h264__crf23,CrowdRun_1920x1080p50,h264,540p,540,23,ladder,7445.39,8-bit src,50.0,65.916,77.155,73.142,73.132,74.415
CrowdRun_1920x1080p50__960x540__h264__crf28,CrowdRun_1920x1080p50,h264,540p,540,28,ladder,3578.667,8-bit src,50.0,49.436,67.077,59.902,59.892,62.293
CrowdRun_1920x1080p50__960x540__h264__crf33,CrowdRun_1920x1080p50,h264,540p,540,33,ladder,1650.049,8-bit src,50.0,30.642,54.77,39.419,39.394,43.203
CrowdRun_1920x1080p50__960x540__h264__crf38,CrowdRun_1920x1080p50,h264,540p,540,38,ladder,749.778,8-bit src,50.0,14.045,41.632,12.965,12.829,17.938
CrowdRun_1920x1080p50__960x540__h264__crf43,CrowdRun_1920x1080p50,h264,540p,540,43,ladder,344.024,8-bit src,50.0,3.095,29.471,0.0,0.0,0.0
CrowdRun_1920x1080p50__960x540__hevc__crf18,CrowdRun_1920x1080p50,hevc,540p,540,18,ladder,16680.036,8-bit src,50.0,76.409,83.489,81.668,81.659,82.131
CrowdRun_1920x1080p50__960x540__hevc__crf23,CrowdRun_1920x1080p50,hevc,540p,540,23,ladder,8612.489,8-bit src,50.0,65.435,76.682,73.811,73.801,75.023
CrowdRun_1920x1080p50__960x540__hevc__crf28,CrowdRun_1920x1080p50,hevc,540p,540,28,ladder,4157.55,8-bit src,50.0,50.022,67.016,60.575,60.562,62.911
CrowdRun_1920x1080p50__960x540__hevc__crf33,CrowdRun_1920x1080p50,hevc,540p,540,33,ladder,1802.96,8-bit src,50.0,31.791,54.946,41.009,40.994,44.692
CrowdRun_1920x1080p50__960x540__hevc__crf38,CrowdRun_1920x1080p50,hevc,540p,540,38,ladder,699.098,8-bit src,50.0,15.161,42.384,13.148,13.124,18.103
CrowdRun_1920x1080p50__960x540__hevc__crf43,CrowdRun_1920x1080p50,hevc,540p,540,43,ladder,253.47,8-bit src,50.0,3.411,30.641,0.019,0.018,0.072
CrowdRun_1920x1080p50__960x540__vp9__crf20,CrowdRun_1920x1080p50,vp9,540p,540,20,ladder,31743.683,8-bit src,50.0,84.34,88.598,87.065,87.055,86.978
CrowdRun_1920x1080p50__960x540__vp9__crf30,CrowdRun_1920x1080p50,vp9,540p,540,30,ladder,18685.101,8-bit src,50.0,78.969,85.436,83.503,83.493,83.782
CrowdRun_1920x1080p50__960x540__vp9__crf40,CrowdRun_1920x1080p50,vp9,540p,540,40,ladder,8880.956,8-bit src,50.0,66.667,78.069,75.02,75.005,76.118
CrowdRun_1920x1080p50__960x540__vp9__crf50,CrowdRun_1920x1080p50,vp9,540p,540,50,ladder,3737.803,8-bit src,50.0,47.84,66.319,58.088,58.063,60.606
CrowdRun_1920x1080p50__960x540__vp9__crf60,CrowdRun_1920x1080p50,vp9,540p,540,60,ladder,1394.261,8-bit src,50.0,26.059,51.227,27.925,27.85,32.277
DinnerSceneCropped_1920x1080_2997fps_10bit_420__1280x720__av1__crf20,DinnerSceneCropped_1920x1080_2997fps_10bit_420,av1,720p,720,20,ladder,2749.268,10-bit src,29.97002997002997,85.705,91.223,80.337,80.337,80.928
DinnerSceneCropped_1920x1080_2997fps_10bit_420__1280x720__av1__crf30,DinnerSceneCropped_1920x1080_2997fps_10bit_420,av1,720p,720,30,ladder,309.873,10-bit src,29.97002997002997,82.975,89.457,75.336,75.336,76.408
DinnerSceneCropped_1920x1080_2997fps_10bit_420__1280x720__av1__crf40,DinnerSceneCropped_1920x1080_2997fps_10bit_420,av1,720p,720,40,ladder,160.75,10-bit src,29.97002997002997,79.989,87.366,72.586,72.586,73.911
DinnerSceneCropped_1920x1080_2997fps_10bit_420__1280x720__av1__crf50,DinnerSceneCropped_1920x1080_2997fps_10bit_420,av1,720p,720,50,ladder,98.272,10-bit src,29.97002997002997,75.938,84.552,68.581,68.581,70.257
DinnerSceneCropped_1920x1080_2997fps_10bit_420__1280x720__av1__crf60,DinnerSceneCropped_1920x1080_2997fps_10bit_420,av1,720p,720,60,ladder,55.153,10-bit src,29.97002997002997,67.354,78.52,59.065,59.065,61.515
DinnerSceneCropped_1920x1080_2997fps_10bit_420__1280x720__h264__crf18,DinnerSceneCropped_1920x1080_2997fps_10bit_420,h264,720p,720,18,ladder,11800.656,10-bit src,29.97002997002997,87.524,92.332,85.743,85.743,85.793
DinnerSceneCropped_1920x1080_2997fps_10bit_420__1280x720__h264__crf23,DinnerSceneCropped_1920x1080_2997fps_10bit_420,h264,720p,720,23,ladder,1132.57,10-bit src,29.97002997002997,81.957,88.706,78.981,78.981,79.706
DinnerSceneCropped_1920x1080_2997fps_10bit_420__1280x720__h264__crf28,DinnerSceneCropped_1920x1080_2997fps_10bit_420,h264,720p,720,28,ladder,409.263,10-bit src,29.97002997002997,74.34,83.466,71.148,71.148,72.599
DinnerSceneCropped_1920x1080_2997fps_10bit_420__1280x720__h264__crf33,DinnerSceneCropped_1920x1080_2997fps_10bit_420,h264,720p,720,33,ladder,230.756,10-bit src,29.97002997002997,62.522,75.329,60.755,60.755,63.079
DinnerSceneCropped_1920x1080_2997fps_10bit_420__1280x720__h264__crf38,DinnerSceneCropped_1920x1080_2997fps_10bit_420,h264,720p,720,38,ladder,140.978,10-bit src,29.97002997002997,46.717,64.179,48.014,48.014,51.26
DinnerSceneCropped_1920x1080_2997fps_10bit_420__1280x720__h264__crf43,DinnerSceneCropped_1920x1080_2997fps_10bit_420,h264,720p,720,43,ladder,80.368,10-bit src,29.97002997002997,29.622,51.597,29.316,29.316,33.631
DinnerSceneCropped_1920x1080_2997fps_10bit_420__1280x720__hevc__crf18,DinnerSceneCropped_1920x1080_2997fps_10bit_420,hevc,720p,720,18,ladder,5570.32,10-bit src,29.97002997002997,86.668,91.843,83.701,83.701,83.958
DinnerSceneCropped_1920x1080_2997fps_10bit_420__1280x720__hevc__crf23,DinnerSceneCropped_1920x1080_2997fps_10bit_420,hevc,720p,720,23,ladder,605.004,10-bit src,29.97002997002997,82.753,89.27,78.233,78.233,79.031
DinnerSceneCropped_1920x1080_2997fps_10bit_420__1280x720__hevc__crf28,DinnerSceneCropped_1920x1080_2997fps_10bit_420,hevc,720p,720,28,ladder,176.778,10-bit src,29.97002997002997,77.812,85.898,71.735,71.735,73.135
DinnerSceneCropped_1920x1080_2997fps_10bit_420__1280x720__hevc__crf33,DinnerSceneCropped_1920x1080_2997fps_10bit_420,hevc,720p,720,33,ladder,103.391,10-bit src,29.97002997002997,68.762,79.659,60.924,60.924,63.235
DinnerSceneCropped_1920x1080_2997fps_10bit_420__1280x720__hevc__crf38,DinnerSceneCropped_1920x1080_2997fps_10bit_420,hevc,720p,720,38,ladder,70.373,10-bit src,29.97002997002997,56.381,71.04,48.882,48.882,52.073
DinnerSceneCropped_1920x1080_2997fps_10bit_420__1280x720__hevc__crf43,DinnerSceneCropped_1920x1080_2997fps_10bit_420,hevc,720p,720,43,ladder,53.397,10-bit src,29.97002997002997,39.002,58.477,34.206,34.206,38.279
DinnerSceneCropped_1920x1080_2997fps_10bit_420__1280x720__vp9__crf20,DinnerSceneCropped_1920x1080_2997fps_10bit_420,vp9,720p,720,20,ladder,9794.32,10-bit src,29.97002997002997,87.576,92.401,84.055,84.055,84.269
DinnerSceneCropped_1920x1080_2997fps_10bit_420__1280x720__vp9__crf30,DinnerSceneCropped_1920x1080_2997fps_10bit_420,vp9,720p,720,30,ladder,1354.918,10-bit src,29.97002997002997,82.961,89.417,73.741,73.741,74.954
DinnerSceneCropped_1920x1080_2997fps_10bit_420__1280x720__vp9__crf40,DinnerSceneCropped_1920x1080_2997fps_10bit_420,vp9,720p,720,40,ladder,284.64,10-bit src,29.97002997002997,76.913,85.235,65.662,65.662,67.588
DinnerSceneCropped_1920x1080_2997fps_10bit_420__1280x720__vp9__crf50,DinnerSceneCropped_1920x1080_2997fps_10bit_420,vp9,720p,720,50,ladder,107.157,10-bit src,29.97002997002997,67.047,78.461,54.365,54.365,57.172
DinnerSceneCropped_1920x1080_2997fps_10bit_420__1280x720__vp9__crf60,DinnerSceneCropped_1920x1080_2997fps_10bit_420,vp9,720p,720,60,ladder,62.904,10-bit src,29.97002997002997,48.714,65.165,35.921,35.921,39.893
DinnerSceneCropped_1920x1080_2997fps_10bit_420__1920x1080__av1__crf20,DinnerSceneCropped_1920x1080_2997fps_10bit_420,av1,1080p,1080,20,ladder,19928.437,10-bit src,29.97002997002997,90.586,94.333,87.889,87.889,87.713
DinnerSceneCropped_1920x1080_2997fps_10bit_420__1920x1080__av1__crf30,DinnerSceneCropped_1920x1080_2997fps_10bit_420,av1,1080p,1080,30,ladder,1272.66,10-bit src,29.97002997002997,84.63,90.589,77.685,77.685,78.534
DinnerSceneCropped_1920x1080_2997fps_10bit_420__1920x1080__av1__crf40,DinnerSceneCropped_1920x1080_2997fps_10bit_420,av1,1080p,1080,40,ladder,261.887,10-bit src,29.97002997002997,82.237,88.957,74.626,74.626,75.764
DinnerSceneCropped_1920x1080_2997fps_10bit_420__1920x1080__av1__crf50,DinnerSceneCropped_1920x1080_2997fps_10bit_420,av1,1080p,1080,50,ladder,145.2,10-bit src,29.97002997002997,78.576,86.386,71.37,71.37,72.803
DinnerSceneCropped_1920x1080_2997fps_10bit_420__1920x1080__av1__crf60,DinnerSceneCropped_1920x1080_2997fps_10bit_420,av1,1080p,1080,60,ladder,78.751,10-bit src,29.97002997002997,71.392,81.377,63.831,63.831,65.904
DinnerSceneCropped_1920x1080_2997fps_10bit_420__1920x1080__h264__crf18,DinnerSceneCropped_1920x1080_2997fps_10bit_420,h264,1080p,1080,18,ladder,54032.232,10-bit src,29.97002997002997,93.406,96.069,92.872,92.872,92.161
DinnerSceneCropped_1920x1080_2997fps_10bit_420__1920x1080__h264__crf23,DinnerSceneCropped_1920x1080_2997fps_10bit_420,h264,1080p,1080,23,ladder,7883.762,10-bit src,29.97002997002997,86.318,91.636,83.598,83.598,83.865
DinnerSceneCropped_1920x1080_2997fps_10bit_420__1920x1080__h264__crf28,DinnerSceneCropped_1920x1080_2997fps_10bit_420,h264,1080p,1080,28,ladder,934.623,10-bit src,29.97002997002997,78.693,86.489,75.638,75.638,76.68
DinnerSceneCropped_1920x1080_2997fps_10bit_420__1920x1080__h264__crf33,DinnerSceneCropped_1920x1080_2997fps_10bit_420,h264,1080p,1080,33,ladder,401.953,10-bit src,29.97002997002997,68.429,79.524,66.566,66.566,68.416
DinnerSceneCropped_1920x1080_2997fps_10bit_420__1920x1080__h264__crf38,DinnerSceneCropped_1920x1080_2997fps_10bit_420,h264,1080p,1080,38,ladder,238.267,10-bit src,29.97002997002997,53.928,69.573,53.075,53.075,55.974
DinnerSceneCropped_1920x1080_2997fps_10bit_420__1920x1080__h264__crf43,DinnerSceneCropped_1920x1080_2997fps_10bit_420,h264,1080p,1080,43,ladder,149.969,10-bit src,29.97002997002997,36.792,57.195,37.015,37.015,40.928
DinnerSceneCropped_1920x1080_2997fps_10bit_420__1920x1080__hevc__crf18,DinnerSceneCropped_1920x1080_2997fps_10bit_420,hevc,1080p,1080,18,ladder,27743.833,10-bit src,29.97002997002997,90.66,94.384,88.319,88.319,88.098
DinnerSceneCropped_1920x1080_2997fps_10bit_420__1920x1080__hevc__crf23,DinnerSceneCropped_1920x1080_2997fps_10bit_420,hevc,1080p,1080,23,ladder,3673.702,10-bit src,29.97002997002997,85.482,91.129,81.642,81.642,82.106
DinnerSceneCropped_1920x1080_2997fps_10bit_420__1920x1080__hevc__crf28,DinnerSceneCropped_1920x1080_2997fps_10bit_420,hevc,1080p,1080,28,ladder,348.997,10-bit src,29.97002997002997,81.005,88.122,76.347,76.347,77.323
DinnerSceneCropped_1920x1080_2997fps_10bit_420__1920x1080__hevc__crf33,DinnerSceneCropped_1920x1080_2997fps_10bit_420,hevc,1080p,1080,33,ladder,165.886,10-bit src,29.97002997002997,73.915,83.276,67.011,67.011,68.823
DinnerSceneCropped_1920x1080_2997fps_10bit_420__1920x1080__hevc__crf38,DinnerSceneCropped_1920x1080_2997fps_10bit_420,hevc,1080p,1080,38,ladder,112.474,10-bit src,29.97002997002997,61.909,74.921,56.381,56.381,59.042
DinnerSceneCropped_1920x1080_2997fps_10bit_420__1920x1080__hevc__crf43,DinnerSceneCropped_1920x1080_2997fps_10bit_420,hevc,1080p,1080,43,ladder,90.13,10-bit src,29.97002997002997,47.436,64.644,42.003,42.003,45.634
DinnerSceneCropped_1920x1080_2997fps_10bit_420__1920x1080__vp9__crf20,DinnerSceneCropped_1920x1080_2997fps_10bit_420,vp9,1080p,1080,20,ladder,43583.262,10-bit src,29.97002997002997,92.879,95.829,91.648,91.648,91.081
DinnerSceneCropped_1920x1080_2997fps_10bit_420__1920x1080__vp9__crf30,DinnerSceneCropped_1920x1080_2997fps_10bit_420,vp9,1080p,1080,30,ladder,9184.184,10-bit src,29.97002997002997,86.407,91.689,80.035,80.035,80.644
DinnerSceneCropped_1920x1080_2997fps_10bit_420__1920x1080__vp9__crf40,DinnerSceneCropped_1920x1080_2997fps_10bit_420,vp9,1080p,1080,40,ladder,928.593,10-bit src,29.97002997002997,81.416,88.437,70.193,70.193,71.726
DinnerSceneCropped_1920x1080_2997fps_10bit_420__1920x1080__vp9__crf50,DinnerSceneCropped_1920x1080_2997fps_10bit_420,vp9,1080p,1080,50,ladder,197.578,10-bit src,29.97002997002997,73.948,83.294,61.901,61.901,64.134
DinnerSceneCropped_1920x1080_2997fps_10bit_420__1920x1080__vp9__crf60,DinnerSceneCropped_1920x1080_2997fps_10bit_420,vp9,1080p,1080,60,ladder,94.806,10-bit src,29.97002997002997,59.7,73.22,46.443,46.443,49.792
DinnerSceneCropped_1920x1080_2997fps_10bit_420__640x360__av1__crf20,DinnerSceneCropped_1920x1080_2997fps_10bit_420,av1,360p,360,20,ladder,209.654,10-bit src,29.97002997002997,77.165,84.971,68.929,68.929,70.578
DinnerSceneCropped_1920x1080_2997fps_10bit_420__640x360__av1__crf30,DinnerSceneCropped_1920x1080_2997fps_10bit_420,av1,360p,360,30,ladder,127.52,10-bit src,29.97002997002997,74.775,83.329,66.522,66.522,68.377
DinnerSceneCropped_1920x1080_2997fps_10bit_420__640x360__av1__crf40,DinnerSceneCropped_1920x1080_2997fps_10bit_420,av1,360p,360,40,ladder,76.766,10-bit src,29.97002997002997,70.314,80.235,61.575,61.575,63.835
DinnerSceneCropped_1920x1080_2997fps_10bit_420__640x360__av1__crf50,DinnerSceneCropped_1920x1080_2997fps_10bit_420,av1,360p,360,50,ladder,49.619,10-bit src,29.97002997002997,64.179,75.924,55.938,55.938,58.628
DinnerSceneCropped_1920x1080_2997fps_10bit_420__640x360__av1__crf60,DinnerSceneCropped_1920x1080_2997fps_10bit_420,av1,360p,360,60,ladder,28.141,10-bit src,29.97002997002997,51.998,67.354,43.519,43.519,47.05
DinnerSceneCropped_1920x1080_2997fps_10bit_420__640x360__h264__crf18,DinnerSceneCropped_1920x1080_2997fps_10bit_420,h264,360p,360,18,ladder,793.606,10-bit src,29.97002997002997,77.785,85.336,72.84,72.84,74.141
DinnerSceneCropped_1920x1080_2997fps_10bit_420__640x360__h264__crf23,DinnerSceneCropped_1920x1080_2997fps_10bit_420,h264,360p,360,23,ladder,227.591,10-bit src,29.97002997002997,71.184,80.927,64.456,64.456,66.483
DinnerSceneCropped_1920x1080_2997fps_10bit_420__640x360__h264__crf28,DinnerSceneCropped_1920x1080_2997fps_10bit_420,h264,360p,360,28,ladder,117.943,10-bit src,29.97002997002997,60.616,73.668,54.809,54.809,57.585
DinnerSceneCropped_1920x1080_2997fps_10bit_420__640x360__h264__crf33,DinnerSceneCropped_1920x1080_2997fps_10bit_420,h264,360p,360,33,ladder,72.37,10-bit src,29.97002997002997,46.405,63.645,42.335,42.335,45.943
DinnerSceneCropped_1920x1080_2997fps_10bit_420__640x360__h264__crf38,DinnerSceneCropped_1920x1080_2997fps_10bit_420,h264,360p,360,38,ladder,44.768,10-bit src,29.97002997002997,30.029,51.381,26.509,26.509,30.957
DinnerSceneCropped_1920x1080_2997fps_10bit_420__640x360__h264__crf43,DinnerSceneCropped_1920x1080_2997fps_10bit_420,h264,360p,360,43,ladder,27.274,10-bit src,29.97002997002997,14.095,38.757,9.544,9.544,14.569
DinnerSceneCropped_1920x1080_2997fps_10bit_420__640x360__hevc__crf18,DinnerSceneCropped_1920x1080_2997fps_10bit_420,hevc,360p,360,18,ladder,427.91,10-bit src,29.97002997002997,77.667,85.261,71.61,71.61,73.022
DinnerSceneCropped_1920x1080_2997fps_10bit_420__640x360__hevc__crf23,DinnerSceneCropped_1920x1080_2997fps_10bit_420,hevc,360p,360,23,ladder,151.594,10-bit src,29.97002997002997,73.078,82.149,66.087,66.087,67.979
DinnerSceneCropped_1920x1080_2997fps_10bit_420__640x360__hevc__crf28,DinnerSceneCropped_1920x1080_2997fps_10bit_420,hevc,360p,360,28,ladder,83.908,10-bit src,29.97002997002997,64.606,76.301,56.922,56.922,59.542
DinnerSceneCropped_1920x1080_2997fps_10bit_420__640x360__hevc__crf33,DinnerSceneCropped_1920x1080_2997fps_10bit_420,hevc,360p,360,33,ladder,54.694,10-bit src,29.97002997002997,53.219,68.371,45.895,45.895,49.283
DinnerSceneCropped_1920x1080_2997fps_10bit_420__640x360__hevc__crf38,DinnerSceneCropped_1920x1080_2997fps_10bit_420,hevc,360p,360,38,ladder,39.544,10-bit src,29.97002997002997,38.806,58.07,31.339,31.339,35.558
DinnerSceneCropped_1920x1080_2997fps_10bit_420__640x360__hevc__crf43,DinnerSceneCropped_1920x1080_2997fps_10bit_420,hevc,360p,360,43,ladder,29.649,10-bit src,29.97002997002997,23.743,46.677,15.483,15.483,20.37
DinnerSceneCropped_1920x1080_2997fps_10bit_420__640x360__vp9__crf20,DinnerSceneCropped_1920x1080_2997fps_10bit_420,vp9,360p,360,20,ladder,626.344,10-bit src,29.97002997002997,78.273,85.743,70.301,70.301,71.827
DinnerSceneCropped_1920x1080_2997fps_10bit_420__640x360__vp9__crf30,DinnerSceneCropped_1920x1080_2997fps_10bit_420,vp9,360p,360,30,ladder,214.162,10-bit src,29.97002997002997,73.086,82.205,63.273,63.273,65.396
DinnerSceneCropped_1920x1080_2997fps_10bit_420__640x360__vp9__crf40,DinnerSceneCropped_1920x1080_2997fps_10bit_420,vp9,360p,360,40,ladder,93.297,10-bit src,29.97002997002997,62.486,74.79,50.352,50.352,53.441
DinnerSceneCropped_1920x1080_2997fps_10bit_420__640x360__vp9__crf50,DinnerSceneCropped_1920x1080_2997fps_10bit_420,vp9,360p,360,50,ladder,51.611,10-bit src,29.97002997002997,47.19,63.971,34.129,34.129,38.199
DinnerSceneCropped_1920x1080_2997fps_10bit_420__640x360__vp9__crf60,DinnerSceneCropped_1920x1080_2997fps_10bit_420,vp9,360p,360,60,ladder,31.863,10-bit src,29.97002997002997,31.46,52.427,17.607,17.607,22.41
DinnerSceneCropped_1920x1080_2997fps_10bit_420__960x540__av1__crf20,DinnerSceneCropped_1920x1080_2997fps_10bit_420,av1,540p,540,20,ladder,577.361,10-bit src,29.97002997002997,82.649,89.112,75.082,75.082,76.177
DinnerSceneCropped_1920x1080_2997fps_10bit_420__960x540__av1__crf30,DinnerSceneCropped_1920x1080_2997fps_10bit_420,av1,540p,540,30,ladder,196.279,10-bit src,29.97002997002997,80.572,87.718,72.711,72.711,74.024
DinnerSceneCropped_1920x1080_2997fps_10bit_420__960x540__av1__crf40,DinnerSceneCropped_1920x1080_2997fps_10bit_420,av1,540p,540,40,ladder,116.286,10-bit src,29.97002997002997,76.96,85.184,69.183,69.183,70.808
DinnerSceneCropped_1920x1080_2997fps_10bit_420__960x540__av1__crf50,DinnerSceneCropped_1920x1080_2997fps_10bit_420,av1,540p,540,50,ladder,73.721,10-bit src,29.97002997002997,72.526,82.094,65.181,65.181,67.147
DinnerSceneCropped_1920x1080_2997fps_10bit_420__960x540__av1__crf60,DinnerSceneCropped_1920x1080_2997fps_10bit_420,av1,540p,540,60,ladder,41.237,10-bit src,29.97002997002997,62.398,74.97,54.706,54.706,57.485
DinnerSceneCropped_1920x1080_2997fps_10bit_420__960x540__h264__crf18,DinnerSceneCropped_1920x1080_2997fps_10bit_420,h264,540p,540,18,ladder,3742.36,10-bit src,29.97002997002997,84.208,90.083,80.653,80.653,81.215
DinnerSceneCropped_1920x1080_2997fps_10bit_420__960x540__h264__crf23,DinnerSceneCropped_1920x1080_2997fps_10bit_420,h264,540p,540,23,ladder,511.916,10-bit src,29.97002997002997,78.61,86.338,73.437,73.437,74.683
DinnerSceneCropped_1920x1080_2997fps_10bit_420__960x540__h264__crf28,DinnerSceneCropped_1920x1080_2997fps_10bit_420,h264,540p,540,28,ladder,232.243,10-bit src,29.97002997002997,69.95,80.396,64.446,64.446,66.473
DinnerSceneCropped_1920x1080_2997fps_10bit_420__960x540__h264__crf33,DinnerSceneCropped_1920x1080_2997fps_10bit_420,h264,540p,540,33,ladder,138.672,10-bit src,29.97002997002997,56.36,70.92,53.193,53.193,56.084
DinnerSceneCropped_1920x1080_2997fps_10bit_420__960x540__h264__crf38,DinnerSceneCropped_1920x1080_2997fps_10bit_420,h264,540p,540,38,ladder,85.511,10-bit src,29.97002997002997,40.706,59.707,39.444,39.444,43.224
DinnerSceneCropped_1920x1080_2997fps_10bit_420__960x540__h264__crf43,DinnerSceneCropped_1920x1080_2997fps_10bit_420,h264,540p,540,43,ladder,48.776,10-bit src,29.97002997002997,22.019,45.239,19.072,19.072,23.827
DinnerSceneCropped_1920x1080_2997fps_10bit_420__960x540__hevc__crf18,DinnerSceneCropped_1920x1080_2997fps_10bit_420,hevc,540p,540,18,ladder,1719.658,10-bit src,29.97002997002997,83.751,89.814,79.797,79.797,80.443
DinnerSceneCropped_1920x1080_2997fps_10bit_420__960x540__hevc__crf23,DinnerSceneCropped_1920x1080_2997fps_10bit_420,hevc,540p,540,23,ladder,294.454,10-bit src,29.97002997002997,79.963,87.241,74.252,74.252,75.424
DinnerSceneCropped_1920x1080_2997fps_10bit_420__960x540__hevc__crf28,DinnerSceneCropped_1920x1080_2997fps_10bit_420,hevc,540p,540,28,ladder,125.828,10-bit src,29.97002997002997,73.82,83.02,66.602,66.602,68.449
DinnerSceneCropped_1920x1080_2997fps_10bit_420__960x540__hevc__crf33,DinnerSceneCropped_1920x1080_2997fps_10bit_420,hevc,540p,540,33,ladder,76.792,10-bit src,29.97002997002997,63.876,76.176,55.239,55.239,57.984
DinnerSceneCropped_1920x1080_2997fps_10bit_420__960x540__hevc__crf38,DinnerSceneCropped_1920x1080_2997fps_10bit_420,hevc,540p,540,38,ladder,52.629,10-bit src,29.97002997002997,49.77,66.223,41.238,41.238,44.913
DinnerSceneCropped_1920x1080_2997fps_10bit_420__960x540__hevc__crf43,DinnerSceneCropped_1920x1080_2997fps_10bit_420,hevc,540p,540,43,ladder,39.013,10-bit src,29.97002997002997,33.328,54.064,25.228,25.228,29.732
DinnerSceneCropped_1920x1080_2997fps_10bit_420__960x540__vp9__crf20,DinnerSceneCropped_1920x1080_2997fps_10bit_420,vp9,540p,540,20,ladder,3007.5,10-bit src,29.97002997002997,84.248,90.156,77.873,77.873,78.696
DinnerSceneCropped_1920x1080_2997fps_10bit_420__960x540__vp9__crf30,DinnerSceneCropped_1920x1080_2997fps_10bit_420,vp9,540p,540,30,ladder,528.335,10-bit src,29.97002997002997,80.376,87.57,70.13,70.13,71.671
DinnerSceneCropped_1920x1080_2997fps_10bit_420__960x540__vp9__crf40,DinnerSceneCropped_1920x1080_2997fps_10bit_420,vp9,540p,540,40,ladder,158.207,10-bit src,29.97002997002997,72.626,82.2,60.874,60.874,63.189
DinnerSceneCropped_1920x1080_2997fps_10bit_420__960x540__vp9__crf50,DinnerSceneCropped_1920x1080_2997fps_10bit_420,vp9,540p,540,50,ladder,75.711,10-bit src,29.97002997002997,58.973,72.603,45.241,45.241,48.666
DinnerSceneCropped_1920x1080_2997fps_10bit_420__960x540__vp9__crf60,DinnerSceneCropped_1920x1080_2997fps_10bit_420,vp9,540p,540,60,ladder,44.703,10-bit src,29.97002997002997,41.519,59.98,27.514,27.514,31.911
FoodMarket_1920x1080_5994_10bit_420__1280x720__av1__crf20,FoodMarket_1920x1080_5994_10bit_420,av1,720p,720,20,ladder,10064.431,10-bit src,59.94006309148265,95.805,97.463,95.939,95.939,94.885
FoodMarket_1920x1080_5994_10bit_420__1280x720__av1__crf30,FoodMarket_1920x1080_5994_10bit_420,av1,720p,720,30,ladder,4860.743,10-bit src,59.94006309148265,92.07,95.253,92.422,92.422,91.76
FoodMarket_1920x1080_5994_10bit_420__1280x720__av1__crf40,FoodMarket_1920x1080_5994_10bit_420,av1,720p,720,40,ladder,2413.278,10-bit src,59.94006309148265,85.514,91.299,86.757,86.757,86.701
FoodMarket_1920x1080_5994_10bit_420__1280x720__av1__crf50,FoodMarket_1920x1080_5994_10bit_420,av1,720p,720,50,ladder,1280.346,10-bit src,59.94006309148265,75.999,85.555,79.304,79.304,79.996
FoodMarket_1920x1080_5994_10bit_420__1280x720__av1__crf60,FoodMarket_1920x1080_5994_10bit_420,av1,720p,720,60,ladder,559.468,10-bit src,59.94006309148265,59.784,75.724,65.765,65.765,67.676
FoodMarket_1920x1080_5994_10bit_420__1280x720__h264__crf18,FoodMarket_1920x1080_5994_10bit_420,h264,720p,720,18,ladder,9006.897,10-bit src,59.94006309148265,94.052,96.241,94.807,94.807,93.88
FoodMarket_1920x1080_5994_10bit_420__1280x720__h264__crf23,FoodMarket_1920x1080_5994_10bit_420,h264,720p,720,23,ladder,3897.124,10-bit src,59.94006309148265,86.763,91.983,89.376,89.376,89.044
FoodMarket_1920x1080_5994_10bit_420__1280x720__h264__crf28,FoodMarket_1920x1080_5994_10bit_420,h264,720p,720,28,ladder,2023.845,10-bit src,59.94006309148265,73.008,83.904,79.988,79.988,80.615
FoodMarket_1920x1080_5994_10bit_420__1280x720__h264__crf33,FoodMarket_1920x1080_5994_10bit_420,h264,720p,720,33,ladder,1142.937,10-bit src,59.94006309148265,53.453,71.973,65.976,65.976,67.874
FoodMarket_1920x1080_5994_10bit_420__1280x720__h264__crf38,FoodMarket_1920x1080_5994_10bit_420,h264,720p,720,38,ladder,664.247,10-bit src,59.94006309148265,35.68,60.031,47.131,47.131,50.435
FoodMarket_1920x1080_5994_10bit_420__1280x720__h264__crf43,FoodMarket_1920x1080_5994_10bit_420,h264,720p,720,43,ladder,383.649,10-bit src,59.94006309148265,23.14,49.724,24.763,24.763,29.28
FoodMarket_1920x1080_5994_10bit_420__1280x720__hevc__crf18,FoodMarket_1920x1080_5994_10bit_420,hevc,720p,720,18,ladder,8011.633,10-bit src,59.94006309148265,93.356,95.799,94.899,94.899,93.961
FoodMarket_1920x1080_5994_10bit_420__1280x720__hevc__crf23,FoodMarket_1920x1080_5994_10bit_420,hevc,720p,720,23,ladder,3546.327,10-bit src,59.94006309148265,86.957,91.972,89.909,89.909,89.519
FoodMarket_1920x1080_5994_10bit_420__1280x720__hevc__crf28,FoodMarket_1920x1080_5994_10bit_420,hevc,720p,720,28,ladder,1694.565,10-bit src,59.94006309148265,75.799,85.39,81.733,81.733,82.188
FoodMarket_1920x1080_5994_10bit_420__1280x720__hevc__crf33,FoodMarket_1920x1080_5994_10bit_420,hevc,720p,720,33,ladder,819.105,10-bit src,59.94006309148265,59.794,75.835,68.952,68.952,70.596
FoodMarket_1920x1080_5994_10bit_420__1280x720__hevc__crf38,FoodMarket_1920x1080_5994_10bit_420,hevc,720p,720,38,ladder,398.473,10-bit src,59.94006309148265,42.619,64.87,51.213,51.213,54.241
FoodMarket_1920x1080_5994_10bit_420__1280x720__hevc__crf43,FoodMarket_1920x1080_5994_10bit_420,hevc,720p,720,43,ladder,206.487,10-bit src,59.94006309148265,27.879,53.83,28.874,28.874,33.21
FoodMarket_1920x1080_5994_10bit_420__1280x720__vp9__crf20,FoodMarket_1920x1080_5994_10bit_420,vp9,720p,720,20,ladder,18855.35,10-bit src,59.94006309148265,97.453,98.471,97.289,97.289,96.178
FoodMarket_1920x1080_5994_10bit_420__1280x720__vp9__crf30,FoodMarket_1920x1080_5994_10bit_420,vp9,720p,720,30,ladder,7110.698,10-bit src,59.94006309148265,93.385,96.086,93.102,93.102,92.384
FoodMarket_1920x1080_5994_10bit_420__1280x720__vp9__crf40,FoodMarket_1920x1080_5994_10bit_420,vp9,720p,720,40,ladder,2752.0,10-bit src,59.94006309148265,82.846,89.919,83.97,83.97,84.197
FoodMarket_1920x1080_5994_10bit_420__1280x720__vp9__crf50,FoodMarket_1920x1080_5994_10bit_420,vp9,720p,720,50,ladder,1173.805,10-bit src,59.94006309148265,65.533,79.626,69.713,69.713,71.284
FoodMarket_1920x1080_5994_10bit_420__1280x720__vp9__crf60,FoodMarket_1920x1080_5994_10bit_420,vp9,720p,720,60,ladder,498.139,10-bit src,59.94006309148265,46.518,67.711,50.381,50.381,53.459
FoodMarket_1920x1080_5994_10bit_420__1920x1080__av1__crf20,FoodMarket_1920x1080_5994_10bit_420,av1,1080p,1080,20,ladder,31859.105,10-bit src,59.94006309148265,99.491,99.738,99.542,99.542,98.579
FoodMarket_1920x1080_5994_10bit_420__1920x1080__av1__crf30,FoodMarket_1920x1080_5994_10bit_420,av1,1080p,1080,30,ladder,8839.037,10-bit src,59.94006309148265,96.594,98.135,96.678,96.678,95.542
FoodMarket_1920x1080_5994_10bit_420__1920x1080__av1__crf40,FoodMarket_1920x1080_5994_10bit_420,av1,1080p,1080,40,ladder,4062.096,10-bit src,59.94006309148265,91.725,95.208,92.549,92.549,91.872
FoodMarket_1920x1080_5994_10bit_420__1920x1080__av1__crf50,FoodMarket_1920x1080_5994_10bit_420,av1,1080p,1080,50,ladder,2153.268,10-bit src,59.94006309148265,84.436,90.775,86.598,86.598,86.558
FoodMarket_1920x1080_5994_10bit_420__1920x1080__av1__crf60,FoodMarket_1920x1080_5994_10bit_420,av1,1080p,1080,60,ladder,960.512,10-bit src,59.94006309148265,70.333,82.232,75.545,75.545,76.593
FoodMarket_1920x1080_5994_10bit_420__1920x1080__h264__crf18,FoodMarket_1920x1080_5994_10bit_420,h264,1080p,1080,18,ladder,25749.351,10-bit src,59.94006309148265,98.268,99.008,98.47,98.47,97.316
FoodMarket_1920x1080_5994_10bit_420__1920x1080__h264__crf23,FoodMarket_1920x1080_5994_10bit_420,h264,1080p,1080,23,ladder,8165.303,10-bit src,59.94006309148265,93.251,96.104,94.534,94.534,93.638
FoodMarket_1920x1080_5994_10bit_420__1920x1080__h264__crf28,FoodMarket_1920x1080_5994_10bit_420,h264,1080p,1080,28,ladder,4042.109,10-bit src,59.94006309148265,82.468,89.729,87.386,87.386,87.265
FoodMarket_1920x1080_5994_10bit_420__1920x1080__h264__crf33,FoodMarket_1920x1080_5994_10bit_420,h264,1080p,1080,33,ladder,2346.74,10-bit src,59.94006309148265,64.643,79.097,75.954,75.954,76.967
FoodMarket_1920x1080_5994_10bit_420__1920x1080__h264__crf38,FoodMarket_1920x1080_5994_10bit_420,h264,1080p,1080,38,ladder,1431.741,10-bit src,59.94006309148265,45.151,66.889,59.668,59.668,62.075
FoodMarket_1920x1080_5994_10bit_420__1920x1080__h264__crf43,FoodMarket_1920x1080_5994_10bit_420,h264,1080p,1080,43,ladder,820.809,10-bit src,59.94006309148265,31.469,57.045,39.693,39.693,43.45
FoodMarket_1920x1080_5994_10bit_420__1920x1080__hevc__crf18,FoodMarket_1920x1080_5994_10bit_420,hevc,1080p,1080,18,ladder,20703.273,10-bit src,59.94006309148265,97.65,98.627,98.365,98.365,97.189
FoodMarket_1920x1080_5994_10bit_420__1920x1080__hevc__crf23,FoodMarket_1920x1080_5994_10bit_420,hevc,1080p,1080,23,ladder,6868.514,10-bit src,59.94006309148265,93.141,95.948,94.644,94.644,93.735
FoodMarket_1920x1080_5994_10bit_420__1920x1080__hevc__crf28,FoodMarket_1920x1080_5994_10bit_420,hevc,1080p,1080,28,ladder,3004.108,10-bit src,59.94006309148265,84.842,91.048,88.5,88.5,88.261
FoodMarket_1920x1080_5994_10bit_420__1920x1080__hevc__crf33,FoodMarket_1920x1080_5994_10bit_420,hevc,1080p,1080,33,ladder,1439.76,10-bit src,59.94006309148265,71.052,82.917,78.453,78.453,79.229
FoodMarket_1920x1080_5994_10bit_420__1920x1080__hevc__crf38,FoodMarket_1920x1080_5994_10bit_420,hevc,1080p,1080,38,ladder,715.732,10-bit src,59.94006309148265,53.754,72.458,63.436,63.436,65.544
FoodMarket_1920x1080_5994_10bit_420__1920x1080__hevc__crf43,FoodMarket_1920x1080_5994_10bit_420,hevc,1080p,1080,43,ladder,378.703,10-bit src,59.94006309148265,37.575,61.62,44.687,44.687,48.149
FoodMarket_1920x1080_5994_10bit_420__1920x1080__vp9__crf20,FoodMarket_1920x1080_5994_10bit_420,vp9,1080p,1080,20,ladder,68905.25,10-bit src,59.94006309148265,99.851,99.946,99.843,99.843,99.158
FoodMarket_1920x1080_5994_10bit_420__1920x1080__vp9__crf30,FoodMarket_1920x1080_5994_10bit_420,vp9,1080p,1080,30,ladder,18430.838,10-bit src,59.94006309148265,97.534,98.707,97.148,97.148,96.073
FoodMarket_1920x1080_5994_10bit_420__1920x1080__vp9__crf40,FoodMarket_1920x1080_5994_10bit_420,vp9,1080p,1080,40,ladder,5385.822,10-bit src,59.94006309148265,91.24,95.009,90.782,90.782,90.32
FoodMarket_1920x1080_5994_10bit_420__1920x1080__vp9__crf50,FoodMarket_1920x1080_5994_10bit_420,vp9,1080p,1080,50,ladder,2091.514,10-bit src,59.94006309148265,77.545,86.93,79.748,79.748,80.394
FoodMarket_1920x1080_5994_10bit_420__1920x1080__vp9__crf60,FoodMarket_1920x1080_5994_10bit_420,vp9,1080p,1080,60,ladder,868.33,10-bit src,59.94006309148265,57.869,75.124,62.656,62.656,64.819
FoodMarket_1920x1080_5994_10bit_420__640x360__av1__crf20,FoodMarket_1920x1080_5994_10bit_420,av1,360p,360,20,ladder,3070.325,10-bit src,59.94006309148265,76.584,84.572,78.772,78.772,79.517
FoodMarket_1920x1080_5994_10bit_420__640x360__av1__crf30,FoodMarket_1920x1080_5994_10bit_420,av1,360p,360,30,ladder,1697.383,10-bit src,59.94006309148265,70.58,81.15,73.431,73.431,74.677
FoodMarket_1920x1080_5994_10bit_420__640x360__av1__crf40,FoodMarket_1920x1080_5994_10bit_420,av1,360p,360,40,ladder,866.814,10-bit src,59.94006309148265,60.937,75.493,65.518,65.518,67.455
FoodMarket_1920x1080_5994_10bit_420__640x360__av1__crf50,FoodMarket_1920x1080_5994_10bit_420,av1,360p,360,50,ladder,483.4,10-bit src,59.94006309148265,50.916,69.444,57.007,57.007,59.616
FoodMarket_1920x1080_5994_10bit_420__640x360__av1__crf60,FoodMarket_1920x1080_5994_10bit_420,av1,360p,360,60,ladder,204.248,10-bit src,59.94006309148265,35.963,59.598,40.113,40.113,43.846
FoodMarket_1920x1080_5994_10bit_420__640x360__h264__crf18,FoodMarket_1920x1080_5994_10bit_420,h264,360p,360,18,ladder,2559.295,10-bit src,59.94006309148265,72.549,81.741,74.839,74.839,75.954
FoodMarket_1920x1080_5994_10bit_420__640x360__h264__crf23,FoodMarket_1920x1080_5994_10bit_420,h264,360p,360,23,ladder,1260.26,10-bit src,59.94006309148265,60.658,74.973,65.215,65.215,67.177
FoodMarket_1920x1080_5994_10bit_420__640x360__h264__crf28,FoodMarket_1920x1080_5994_10bit_420,h264,360p,360,28,ladder,639.181,10-bit src,59.94006309148265,44.526,65.231,51.38,51.38,54.399
FoodMarket_1920x1080_5994_10bit_420__640x360__h264__crf33,FoodMarket_1920x1080_5994_10bit_420,h264,360p,360,33,ladder,339.264,10-bit src,59.94006309148265,29.559,54.94,33.972,33.972,38.053
FoodMarket_1920x1080_5994_10bit_420__640x360__h264__crf38,FoodMarket_1920x1080_5994_10bit_420,h264,360p,360,38,ladder,192.077,10-bit src,59.94006309148265,19.129,46.075,14.595,14.595,19.509
FoodMarket_1920x1080_5994_10bit_420__640x360__h264__crf43,FoodMarket_1920x1080_5994_10bit_420,h264,360p,360,43,ladder,115.857,10-bit src,59.94006309148265,10.986,37.598,0.177,0.177,1.541
FoodMarket_1920x1080_5994_10bit_420__640x360__hevc__crf18,FoodMarket_1920x1080_5994_10bit_420,hevc,360p,360,18,ladder,2479.904,10-bit src,59.94006309148265,71.813,81.236,76.487,76.487,77.45
FoodMarket_1920x1080_5994_10bit_420__640x360__hevc__crf23,FoodMarket_1920x1080_5994_10bit_420,hevc,360p,360,23,ladder,1242.323,10-bit src,59.94006309148265,61.43,75.176,68.285,68.285,69.987
FoodMarket_1920x1080_5994_10bit_420__640x360__hevc__crf28,FoodMarket_1920x1080_5994_10bit_420,hevc,360p,360,28,ladder,611.463,10-bit src,59.94006309148265,47.462,66.811,56.763,56.763,59.393
FoodMarket_1920x1080_5994_10bit_420__640x360__hevc__crf33,FoodMarket_1920x1080_5994_10bit_420,hevc,360p,360,33,ladder,297.088,10-bit src,59.94006309148265,33.535,57.694,40.376,40.376,44.1
FoodMarket_1920x1080_5994_10bit_420__640x360__hevc__crf38,FoodMarket_1920x1080_5994_10bit_420,hevc,360p,360,38,ladder,153.383,10-bit src,59.94006309148265,23.063,49.601,20.228,20.228,24.938
FoodMarket_1920x1080_5994_10bit_420__640x360__hevc__crf43,FoodMarket_1920x1080_5994_10bit_420,hevc,360p,360,43,ladder,86.996,10-bit src,59.94006309148265,12.752,39.71,0.315,0.315,1.964
FoodMarket_1920x1080_5994_10bit_420__640x360__vp9__crf20,FoodMarket_1920x1080_5994_10bit_420,vp9,360p,360,20,ladder,4550.222,10-bit src,59.94006309148265,78.565,85.585,80.825,80.825,81.369
FoodMarket_1920x1080_5994_10bit_420__640x360__vp9__crf30,FoodMarket_1920x1080_5994_10bit_420,vp9,360p,360,30,ladder,2264.357,10-bit src,59.94006309148265,70.392,80.966,74.507,74.507,75.651
FoodMarket_1920x1080_5994_10bit_420__640x360__vp9__crf40,FoodMarket_1920x1080_5994_10bit_420,vp9,360p,360,40,ladder,972.85,10-bit src,59.94006309148265,54.783,71.759,61.287,61.287,63.56
FoodMarket_1920x1080_5994_10bit_420__640x360__vp9__crf50,FoodMarket_1920x1080_5994_10bit_420,vp9,360p,360,50,ladder,415.881,10-bit src,59.94006309148265,37.765,60.808,42.015,42.015,45.63
FoodMarket_1920x1080_5994_10bit_420__640x360__vp9__crf60,FoodMarket_1920x1080_5994_10bit_420,vp9,360p,360,60,ladder,179.33,10-bit src,59.94006309148265,25.014,51.226,19.844,19.844,24.555
FoodMarket_1920x1080_5994_10bit_420__960x540__av1__crf20,FoodMarket_1920x1080_5994_10bit_420,av1,540p,540,20,ladder,5786.744,10-bit src,59.94006309148265,90.797,94.12,90.697,90.697,90.223
FoodMarket_1920x1080_5994_10bit_420__960x540__av1__crf30,FoodMarket_1920x1080_5994_10bit_420,av1,540p,540,30,ladder,3118.071,10-bit src,59.94006309148265,86.632,91.723,86.745,86.745,86.691
FoodMarket_1920x1080_5994_10bit_420__960x540__av1__crf40,FoodMarket_1920x1080_5994_10bit_420,av1,540p,540,40,ladder,1612.319,10-bit src,59.94006309148265,78.47,86.813,80.112,80.112,80.727
FoodMarket_1920x1080_5994_10bit_420__960x540__av1__crf50,FoodMarket_1920x1080_5994_10bit_420,av1,540p,540,50,ladder,885.145,10-bit src,59.94006309148265,68.252,80.678,72.371,72.371,73.711
FoodMarket_1920x1080_5994_10bit_420__960x540__av1__crf60,FoodMarket_1920x1080_5994_10bit_420,av1,540p,540,60,ladder,377.722,10-bit src,59.94006309148265,51.342,70.34,58.01,58.01,60.54
FoodMarket_1920x1080_5994_10bit_420__960x540__h264__crf18,FoodMarket_1920x1080_5994_10bit_420,h264,540p,540,18,ladder,5169.556,10-bit src,59.94006309148265,87.715,91.916,89.0,89.0,88.707
FoodMarket_1920x1080_5994_10bit_420__960x540__h264__crf23,FoodMarket_1920x1080_5994_10bit_420,h264,540p,540,23,ladder,2433.405,10-bit src,59.94006309148265,78.402,86.558,81.853,81.853,82.296
FoodMarket_1920x1080_5994_10bit_420__960x540__h264__crf28,FoodMarket_1920x1080_5994_10bit_420,h264,540p,540,28,ladder,1257.372,10-bit src,59.94006309148265,62.616,77.282,70.473,70.473,71.985
FoodMarket_1920x1080_5994_10bit_420__960x540__h264__crf33,FoodMarket_1920x1080_5994_10bit_420,h264,540p,540,33,ladder,690.157,10-bit src,59.94006309148265,43.777,65.473,54.714,54.714,57.494
FoodMarket_1920x1080_5994_10bit_420__960x540__h264__crf38,FoodMarket_1920x1080_5994_10bit_420,h264,540p,540,38,ladder,388.842,10-bit src,59.94006309148265,28.707,54.491,35.106,35.106,39.125
FoodMarket_1920x1080_5994_10bit_420__960x540__h264__crf43,FoodMarket_1920x1080_5994_10bit_420,h264,540p,540,43,ladder,233.231,10-bit src,59.94006309148265,17.994,44.844,12.599,12.599,17.576
FoodMarket_1920x1080_5994_10bit_420__960x540__hevc__crf18,FoodMarket_1920x1080_5994_10bit_420,hevc,540p,540,18,ladder,4900.153,10-bit src,59.94006309148265,87.181,91.59,89.652,89.652,89.29
FoodMarket_1920x1080_5994_10bit_420__960x540__hevc__crf23,FoodMarket_1920x1080_5994_10bit_420,hevc,540p,540,23,ladder,2328.49,10-bit src,59.94006309148265,79.074,86.805,83.318,83.318,83.614
FoodMarket_1920x1080_5994_10bit_420__960x540__hevc__crf28,FoodMarket_1920x1080_5994_10bit_420,hevc,540p,540,28,ladder,1131.028,10-bit src,59.94006309148265,66.193,79.256,73.333,73.333,74.588
FoodMarket_1920x1080_5994_10bit_420__960x540__hevc__crf33,FoodMarket_1920x1080_5994_10bit_420,hevc,540p,540,33,ladder,546.81,10-bit src,59.94006309148265,49.586,69.114,58.895,58.895,61.362
FoodMarket_1920x1080_5994_10bit_420__960x540__hevc__crf38,FoodMarket_1920x1080_5994_10bit_420,hevc,540p,540,38,ladder,266.825,10-bit src,59.94006309148265,34.697,59.093,39.999,39.999,43.744
FoodMarket_1920x1080_5994_10bit_420__960x540__hevc__crf43,FoodMarket_1920x1080_5994_10bit_420,hevc,540p,540,43,ladder,137.969,10-bit src,59.94006309148265,22.411,49.049,16.779,16.779,21.616
FoodMarket_1920x1080_5994_10bit_420__960x540__vp9__crf20,FoodMarket_1920x1080_5994_10bit_420,vp9,540p,540,20,ladder,9982.882,10-bit src,59.94006309148265,92.362,94.93,92.654,92.654,91.965
FoodMarket_1920x1080_5994_10bit_420__960x540__vp9__crf30,FoodMarket_1920x1080_5994_10bit_420,vp9,540p,540,30,ladder,4433.976,10-bit src,59.94006309148265,86.676,91.66,87.698,87.698,87.541
FoodMarket_1920x1080_5994_10bit_420__960x540__vp9__crf40,FoodMarket_1920x1080_5994_10bit_420,vp9,540p,540,40,ladder,1824.479,10-bit src,59.94006309148265,73.66,84.12,76.838,76.838,77.763
FoodMarket_1920x1080_5994_10bit_420__960x540__vp9__crf50,FoodMarket_1920x1080_5994_10bit_420,vp9,540p,540,50,ladder,762.622,10-bit src,59.94006309148265,54.793,72.704,60.408,60.408,62.749
FoodMarket_1920x1080_5994_10bit_420__960x540__vp9__crf60,FoodMarket_1920x1080_5994_10bit_420,vp9,540p,540,60,ladder,320.792,10-bit src,59.94006309148265,38.002,61.674,39.154,39.154,42.936
MeridianTalk_sdr_1920x1080p_5994_10bit__1280x720__av1__crf20,MeridianTalk_sdr_1920x1080p_5994_10bit,av1,720p,720,20,ladder,2304.63,10-bit src,59.94006309148265,90.394,94.305,91.428,91.428,90.876
MeridianTalk_sdr_1920x1080p_5994_10bit__1280x720__av1__crf30,MeridianTalk_sdr_1920x1080p_5994_10bit,av1,720p,720,30,ladder,1104.284,10-bit src,59.94006309148265,88.17,92.812,88.892,88.892,88.613
MeridianTalk_sdr_1920x1080p_5994_10bit__1280x720__av1__crf40,MeridianTalk_sdr_1920x1080p_5994_10bit,av1,720p,720,40,ladder,545.589,10-bit src,59.94006309148265,84.414,90.252,85.816,85.816,85.859
MeridianTalk_sdr_1920x1080p_5994_10bit__1280x720__av1__crf50,MeridianTalk_sdr_1920x1080p_5994_10bit,av1,720p,720,50,ladder,297.788,10-bit src,59.94006309148265,80.039,87.28,81.969,81.969,82.402
MeridianTalk_sdr_1920x1080p_5994_10bit__1280x720__av1__crf60,MeridianTalk_sdr_1920x1080p_5994_10bit,av1,720p,720,60,ladder,142.613,10-bit src,59.94006309148265,71.805,81.647,75.318,75.318,76.392
MeridianTalk_sdr_1920x1080p_5994_10bit__1280x720__h264__crf18,MeridianTalk_sdr_1920x1080p_5994_10bit,h264,720p,720,18,ladder,2776.56,10-bit src,59.94006309148265,89.32,93.531,90.12,90.12,89.709
MeridianTalk_sdr_1920x1080p_5994_10bit__1280x720__h264__crf23,MeridianTalk_sdr_1920x1080p_5994_10bit,h264,720p,720,23,ladder,1285.436,10-bit src,59.94006309148265,83.775,89.814,84.526,84.526,84.702
MeridianTalk_sdr_1920x1080p_5994_10bit__1280x720__h264__crf28,MeridianTalk_sdr_1920x1080p_5994_10bit,h264,720p,720,28,ladder,669.702,10-bit src,59.94006309148265,74.84,83.829,76.491,76.491,77.456
MeridianTalk_sdr_1920x1080p_5994_10bit__1280x720__h264__crf33,MeridianTalk_sdr_1920x1080p_5994_10bit,h264,720p,720,33,ladder,357.167,10-bit src,59.94006309148265,61.747,74.895,66.622,66.622,68.47
MeridianTalk_sdr_1920x1080p_5994_10bit__1280x720__h264__crf38,MeridianTalk_sdr_1920x1080p_5994_10bit,h264,720p,720,38,ladder,182.244,10-bit src,59.94006309148265,45.672,63.607,50.227,50.227,53.329
MeridianTalk_sdr_1920x1080p_5994_10bit__1280x720__h264__crf43,MeridianTalk_sdr_1920x1080p_5994_10bit,h264,720p,720,43,ladder,97.04,10-bit src,59.94006309148265,29.83,51.921,33.188,33.188,37.315
MeridianTalk_sdr_1920x1080p_5994_10bit__1280x720__hevc__crf18,MeridianTalk_sdr_1920x1080p_5994_10bit,hevc,720p,720,18,ladder,2045.742,10-bit src,59.94006309148265,89.186,93.462,90.304,90.304,89.874
MeridianTalk_sdr_1920x1080p_5994_10bit__1280x720__hevc__crf23,MeridianTalk_sdr_1920x1080p_5994_10bit,hevc,720p,720,23,ladder,896.674,10-bit src,59.94006309148265,84.654,90.415,85.56,85.56,85.63
MeridianTalk_sdr_1920x1080p_5994_10bit__1280x720__hevc__crf28,MeridianTalk_sdr_1920x1080p_5994_10bit,hevc,720p,720,28,ladder,435.19,10-bit src,59.94006309148265,77.223,85.423,78.201,78.201,79.004
MeridianTalk_sdr_1920x1080p_5994_10bit__1280x720__hevc__crf33,MeridianTalk_sdr_1920x1080p_5994_10bit,hevc,720p,720,33,ladder,233.545,10-bit src,59.94006309148265,65.858,77.722,66.82,66.82,68.651
MeridianTalk_sdr_1920x1080p_5994_10bit__1280x720__hevc__crf38,MeridianTalk_sdr_1920x1080p_5994_10bit,hevc,720p,720,38,ladder,142.484,10-bit src,59.94006309148265,51.504,67.852,54.229,54.229,57.049
MeridianTalk_sdr_1920x1080p_5994_10bit__1280x720__hevc__crf43,MeridianTalk_sdr_1920x1080p_5994_10bit,hevc,720p,720,43,ladder,99.894,10-bit src,59.94006309148265,35.663,56.329,39.814,39.814,43.575
MeridianTalk_sdr_1920x1080p_5994_10bit__1280x720__vp9__crf20,MeridianTalk_sdr_1920x1080p_5994_10bit,vp9,720p,720,20,ladder,5157.676,10-bit src,59.94006309148265,91.36,94.972,91.302,91.302,90.763
MeridianTalk_sdr_1920x1080p_5994_10bit__1280x720__vp9__crf30,MeridianTalk_sdr_1920x1080p_5994_10bit,vp9,720p,720,30,ladder,2138.452,10-bit src,59.94006309148265,88.625,93.119,87.852,87.852,87.682
MeridianTalk_sdr_1920x1080p_5994_10bit__1280x720__vp9__crf40,MeridianTalk_sdr_1920x1080p_5994_10bit,vp9,720p,720,40,ladder,848.151,10-bit src,59.94006309148265,82.795,89.198,81.189,81.189,81.699
MeridianTalk_sdr_1920x1080p_5994_10bit__1280x720__vp9__crf50,MeridianTalk_sdr_1920x1080p_5994_10bit,vp9,720p,720,50,ladder,373.126,10-bit src,59.94006309148265,72.846,82.552,69.601,69.601,71.191
MeridianTalk_sdr_1920x1080p_5994_10bit__1280x720__vp9__crf60,MeridianTalk_sdr_1920x1080p_5994_10bit,vp9,720p,720,60,ladder,177.242,10-bit src,59.94006309148265,57.483,72.048,55.103,55.103,57.856
MeridianTalk_sdr_1920x1080p_5994_10bit__1920x1080__av1__crf20,MeridianTalk_sdr_1920x1080p_5994_10bit,av1,1080p,1080,20,ladder,5361.925,10-bit src,59.94006309148265,94.516,97.482,95.225,95.225,94.251
MeridianTalk_sdr_1920x1080p_5994_10bit__1920x1080__av1__crf30,MeridianTalk_sdr_1920x1080p_5994_10bit,av1,1080p,1080,30,ladder,2130.873,10-bit src,59.94006309148265,92.821,96.311,93.256,93.256,92.503
MeridianTalk_sdr_1920x1080p_5994_10bit__1920x1080__av1__crf40,MeridianTalk_sdr_1920x1080p_5994_10bit,av1,1080p,1080,40,ladder,993.615,10-bit src,59.94006309148265,90.044,94.43,90.46,90.46,90.012
MeridianTalk_sdr_1920x1080p_5994_10bit__1920x1080__av1__crf50,MeridianTalk_sdr_1920x1080p_5994_10bit,av1,1080p,1080,50,ladder,503.778,10-bit src,59.94006309148265,86.152,91.75,87.316,87.316,87.202
MeridianTalk_sdr_1920x1080p_5994_10bit__1920x1080__av1__crf60,MeridianTalk_sdr_1920x1080p_5994_10bit,av1,1080p,1080,60,ladder,226.851,10-bit src,59.94006309148265,79.15,86.942,81.327,81.327,81.823
MeridianTalk_sdr_1920x1080p_5994_10bit__1920x1080__h264__crf18,MeridianTalk_sdr_1920x1080p_5994_10bit,h264,1080p,1080,18,ladder,7385.036,10-bit src,59.94006309148265,94.169,97.215,94.808,94.808,93.882
MeridianTalk_sdr_1920x1080p_5994_10bit__1920x1080__h264__crf23,MeridianTalk_sdr_1920x1080p_5994_10bit,h264,1080p,1080,23,ladder,2740.89,10-bit src,59.94006309148265,90.035,94.388,90.446,90.446,90.0
MeridianTalk_sdr_1920x1080p_5994_10bit__1920x1080__h264__crf28,MeridianTalk_sdr_1920x1080p_5994_10bit,h264,1080p,1080,28,ladder,1392.14,10-bit src,59.94006309148265,82.653,89.386,83.773,83.773,84.026
MeridianTalk_sdr_1920x1080p_5994_10bit__1920x1080__h264__crf33,MeridianTalk_sdr_1920x1080p_5994_10bit,h264,1080p,1080,33,ladder,740.437,10-bit src,59.94006309148265,70.82,81.366,73.543,73.543,74.782
MeridianTalk_sdr_1920x1080p_5994_10bit__1920x1080__h264__crf38,MeridianTalk_sdr_1920x1080p_5994_10bit,h264,1080p,1080,38,ladder,379.861,10-bit src,59.94006309148265,55.306,70.744,60.044,60.044,62.427
MeridianTalk_sdr_1920x1080p_5994_10bit__1920x1080__h264__crf43,MeridianTalk_sdr_1920x1080p_5994_10bit,h264,1080p,1080,43,ladder,187.028,10-bit src,59.94006309148265,37.212,57.719,42.394,42.394,46.004
MeridianTalk_sdr_1920x1080p_5994_10bit__1920x1080__hevc__crf18,MeridianTalk_sdr_1920x1080p_5994_10bit,hevc,1080p,1080,18,ladder,5178.349,10-bit src,59.94006309148265,93.716,96.909,94.541,94.541,93.645
MeridianTalk_sdr_1920x1080p_5994_10bit__1920x1080__hevc__crf23,MeridianTalk_sdr_1920x1080p_5994_10bit,hevc,1080p,1080,23,ladder,1732.315,10-bit src,59.94006309148265,90.469,94.706,90.585,90.585,90.124
MeridianTalk_sdr_1920x1080p_5994_10bit__1920x1080__hevc__crf28,MeridianTalk_sdr_1920x1080p_5994_10bit,hevc,1080p,1080,28,ladder,797.993,10-bit src,59.94006309148265,84.441,90.643,83.857,83.857,84.101
MeridianTalk_sdr_1920x1080p_5994_10bit__1920x1080__hevc__crf33,MeridianTalk_sdr_1920x1080p_5994_10bit,hevc,1080p,1080,33,ladder,412.82,10-bit src,59.94006309148265,74.675,84.049,76.103,76.103,77.105
MeridianTalk_sdr_1920x1080p_5994_10bit__1920x1080__hevc__crf38,MeridianTalk_sdr_1920x1080p_5994_10bit,hevc,1080p,1080,38,ladder,249.467,10-bit src,59.94006309148265,60.503,74.328,62.663,62.663,64.838
MeridianTalk_sdr_1920x1080p_5994_10bit__1920x1080__hevc__crf43,MeridianTalk_sdr_1920x1080p_5994_10bit,hevc,1080p,1080,43,ladder,182.941,10-bit src,59.94006309148265,43.752,62.476,50.566,50.566,53.645
MeridianTalk_sdr_1920x1080p_5994_10bit__1920x1080__vp9__crf20,MeridianTalk_sdr_1920x1080p_5994_10bit,vp9,1080p,1080,20,ladder,21533.558,10-bit src,59.94006309148265,95.401,98.124,94.731,94.731,93.826
MeridianTalk_sdr_1920x1080p_5994_10bit__1920x1080__vp9__crf30,MeridianTalk_sdr_1920x1080p_5994_10bit,vp9,1080p,1080,30,ladder,5366.679,10-bit src,59.94006309148265,93.384,96.713,91.969,91.969,91.357
MeridianTalk_sdr_1920x1080p_5994_10bit__1920x1080__vp9__crf40,MeridianTalk_sdr_1920x1080p_5994_10bit,vp9,1080p,1080,40,ladder,1689.766,10-bit src,59.94006309148265,89.214,93.859,86.606,86.606,86.566
MeridianTalk_sdr_1920x1080p_5994_10bit__1920x1080__vp9__crf50,MeridianTalk_sdr_1920x1080p_5994_10bit,vp9,1080p,1080,50,ladder,673.342,10-bit src,59.94006309148265,81.494,88.692,77.402,77.402,78.279
MeridianTalk_sdr_1920x1080p_5994_10bit__1920x1080__vp9__crf60,MeridianTalk_sdr_1920x1080p_5994_10bit,vp9,1080p,1080,60,ladder,308.698,10-bit src,59.94006309148265,67.766,79.298,64.246,64.246,66.289
MeridianTalk_sdr_1920x1080p_5994_10bit__640x360__av1__crf20,MeridianTalk_sdr_1920x1080p_5994_10bit,av1,360p,360,20,ladder,740.304,10-bit src,59.94006309148265,75.667,83.029,76.945,76.945,77.868
MeridianTalk_sdr_1920x1080p_5994_10bit__640x360__av1__crf30,MeridianTalk_sdr_1920x1080p_5994_10bit,av1,360p,360,30,ladder,410.836,10-bit src,59.94006309148265,72.399,80.862,73.742,73.742,74.963
MeridianTalk_sdr_1920x1080p_5994_10bit__640x360__av1__crf40,MeridianTalk_sdr_1920x1080p_5994_10bit,av1,360p,360,40,ladder,218.784,10-bit src,59.94006309148265,67.383,77.465,70.473,70.473,71.987
MeridianTalk_sdr_1920x1080p_5994_10bit__640x360__av1__crf50,MeridianTalk_sdr_1920x1080p_5994_10bit,av1,360p,360,50,ladder,127.697,10-bit src,59.94006309148265,62.356,74.17,66.008,66.008,67.905
MeridianTalk_sdr_1920x1080p_5994_10bit__640x360__av1__crf60,MeridianTalk_sdr_1920x1080p_5994_10bit,av1,360p,360,60,ladder,65.722,10-bit src,59.94006309148265,52.496,67.505,58.95,58.95,61.416
MeridianTalk_sdr_1920x1080p_5994_10bit__640x360__h264__crf18,MeridianTalk_sdr_1920x1080p_5994_10bit,h264,360p,360,18,ladder,810.854,10-bit src,59.94006309148265,72.482,80.874,73.028,73.028,74.313
MeridianTalk_sdr_1920x1080p_5994_10bit__640x360__h264__crf23,MeridianTalk_sdr_1920x1080p_5994_10bit,h264,360p,360,23,ladder,404.65,10-bit src,59.94006309148265,63.755,75.123,64.875,64.875,66.868
MeridianTalk_sdr_1920x1080p_5994_10bit__640x360__h264__crf28,MeridianTalk_sdr_1920x1080p_5994_10bit,h264,360p,360,28,ladder,211.551,10-bit src,59.94006309148265,51.785,67.01,54.283,54.283,57.097
MeridianTalk_sdr_1920x1080p_5994_10bit__640x360__h264__crf33,MeridianTalk_sdr_1920x1080p_5994_10bit,h264,360p,360,33,ladder,112.97,10-bit src,59.94006309148265,38.641,57.863,40.962,40.962,44.656
MeridianTalk_sdr_1920x1080p_5994_10bit__640x360__h264__crf38,MeridianTalk_sdr_1920x1080p_5994_10bit,h264,360p,360,38,ladder,61.403,10-bit src,59.94006309148265,25.003,47.667,25.364,25.364,29.866
MeridianTalk_sdr_1920x1080p_5994_10bit__640x360__h264__crf43,MeridianTalk_sdr_1920x1080p_5994_10bit,h264,360p,360,43,ladder,37.045,10-bit src,59.94006309148265,11.058,36.062,8.348,8.348,13.458
MeridianTalk_sdr_1920x1080p_5994_10bit__640x360__hevc__crf18,MeridianTalk_sdr_1920x1080p_5994_10bit,hevc,360p,360,18,ladder,668.444,10-bit src,59.94006309148265,72.452,80.84,74.757,74.757,75.884
MeridianTalk_sdr_1920x1080p_5994_10bit__640x360__hevc__crf23,MeridianTalk_sdr_1920x1080p_5994_10bit,hevc,360p,360,23,ladder,333.713,10-bit src,59.94006309148265,65.334,76.075,67.922,67.922,69.659
MeridianTalk_sdr_1920x1080p_5994_10bit__640x360__hevc__crf28,MeridianTalk_sdr_1920x1080p_5994_10bit,hevc,360p,360,28,ladder,175.129,10-bit src,59.94006309148265,55.34,69.336,56.252,56.252,58.924
MeridianTalk_sdr_1920x1080p_5994_10bit__640x360__hevc__crf33,MeridianTalk_sdr_1920x1080p_5994_10bit,hevc,360p,360,33,ladder,103.767,10-bit src,59.94006309148265,42.729,60.546,46.258,46.258,49.623
MeridianTalk_sdr_1920x1080p_5994_10bit__640x360__hevc__crf38,MeridianTalk_sdr_1920x1080p_5994_10bit,hevc,360p,360,38,ladder,69.266,10-bit src,59.94006309148265,30.045,51.402,29.795,29.795,34.093
MeridianTalk_sdr_1920x1080p_5994_10bit__640x360__hevc__crf43,MeridianTalk_sdr_1920x1080p_5994_10bit,hevc,360p,360,43,ladder,52.451,10-bit src,59.94006309148265,15.237,39.465,12.109,12.109,17.109
MeridianTalk_sdr_1920x1080p_5994_10bit__640x360__vp9__crf20,MeridianTalk_sdr_1920x1080p_5994_10bit,vp9,360p,360,20,ladder,1360.413,10-bit src,59.94006309148265,76.403,83.526,77.61,77.61,78.469
MeridianTalk_sdr_1920x1080p_5994_10bit__640x360__vp9__crf30,MeridianTalk_sdr_1920x1080p_5994_10bit,vp9,360p,360,30,ladder,684.566,10-bit src,59.94006309148265,71.519,80.298,71.593,71.593,73.007
MeridianTalk_sdr_1920x1080p_5994_10bit__640x360__vp9__crf40,MeridianTalk_sdr_1920x1080p_5994_10bit,vp9,360p,360,40,ladder,308.462,10-bit src,59.94006309148265,62.503,74.319,62.04,62.04,64.264
MeridianTalk_sdr_1920x1080p_5994_10bit__640x360__vp9__crf50,MeridianTalk_sdr_1920x1080p_5994_10bit,vp9,360p,360,50,ladder,146.423,10-bit src,59.94006309148265,49.916,65.812,46.554,46.554,49.899
MeridianTalk_sdr_1920x1080p_5994_10bit__640x360__vp9__crf60,MeridianTalk_sdr_1920x1080p_5994_10bit,vp9,360p,360,60,ladder,75.806,10-bit src,59.94006309148265,35.77,55.91,32.57,32.57,36.725
MeridianTalk_sdr_1920x1080p_5994_10bit__960x540__av1__crf20,MeridianTalk_sdr_1920x1080p_5994_10bit,av1,540p,540,20,ladder,1401.829,10-bit src,59.94006309148265,85.69,90.702,86.526,86.526,86.496
MeridianTalk_sdr_1920x1080p_5994_10bit__960x540__av1__crf30,MeridianTalk_sdr_1920x1080p_5994_10bit,av1,540p,540,30,ladder,737.091,10-bit src,59.94006309148265,83.194,89.036,83.967,83.967,84.2
MeridianTalk_sdr_1920x1080p_5994_10bit__960x540__av1__crf40,MeridianTalk_sdr_1920x1080p_5994_10bit,av1,540p,540,40,ladder,374.775,10-bit src,59.94006309148265,79.117,86.279,81.14,81.14,81.656
MeridianTalk_sdr_1920x1080p_5994_10bit__960x540__av1__crf50,MeridianTalk_sdr_1920x1080p_5994_10bit,av1,540p,540,50,ladder,211.264,10-bit src,59.94006309148265,74.204,82.955,77.344,77.344,78.227
MeridianTalk_sdr_1920x1080p_5994_10bit__960x540__av1__crf60,MeridianTalk_sdr_1920x1080p_5994_10bit,av1,540p,540,60,ladder,104.272,10-bit src,59.94006309148265,65.185,76.817,70.069,70.069,71.617
MeridianTalk_sdr_1920x1080p_5994_10bit__960x540__h264__crf18,MeridianTalk_sdr_1920x1080p_5994_10bit,h264,540p,540,18,ladder,1619.315,10-bit src,59.94006309148265,83.845,89.384,83.464,83.464,83.748
MeridianTalk_sdr_1920x1080p_5994_10bit__960x540__h264__crf23,MeridianTalk_sdr_1920x1080p_5994_10bit,h264,540p,540,23,ladder,785.117,10-bit src,59.94006309148265,76.806,84.698,76.575,76.575,77.532
MeridianTalk_sdr_1920x1080p_5994_10bit__960x540__h264__crf28,MeridianTalk_sdr_1920x1080p_5994_10bit,h264,540p,540,28,ladder,410.814,10-bit src,59.94006309148265,66.019,77.416,66.912,66.912,68.735
MeridianTalk_sdr_1920x1080p_5994_10bit__960x540__h264__crf33,MeridianTalk_sdr_1920x1080p_5994_10bit,h264,540p,540,33,ladder,214.03,10-bit src,59.94006309148265,51.997,67.762,56.369,56.369,59.032
MeridianTalk_sdr_1920x1080p_5994_10bit__960x540__h264__crf38,MeridianTalk_sdr_1920x1080p_5994_10bit,h264,540p,540,38,ladder,112.689,10-bit src,59.94006309148265,37.419,57.403,41.083,41.083,44.769
MeridianTalk_sdr_1920x1080p_5994_10bit__960x540__h264__crf43,MeridianTalk_sdr_1920x1080p_5994_10bit,h264,540p,540,43,ladder,64.564,10-bit src,59.94006309148265,21.464,45.034,23.969,23.969,28.532
MeridianTalk_sdr_1920x1080p_5994_10bit__960x540__hevc__crf18,MeridianTalk_sdr_1920x1080p_5994_10bit,hevc,540p,540,18,ladder,1260.071,10-bit src,59.94006309148265,83.87,89.433,85.092,85.092,85.21
MeridianTalk_sdr_1920x1080p_5994_10bit__960x540__hevc__crf23,MeridianTalk_sdr_1920x1080p_5994_10bit,hevc,540p,540,23,ladder,579.983,10-bit src,59.94006309148265,78.303,85.697,79.281,79.281,79.979
MeridianTalk_sdr_1920x1080p_5994_10bit__960x540__hevc__crf28,MeridianTalk_sdr_1920x1080p_5994_10bit,hevc,540p,540,28,ladder,289.869,10-bit src,59.94006309148265,70.011,80.162,70.905,70.905,72.381
MeridianTalk_sdr_1920x1080p_5994_10bit__960x540__hevc__crf33,MeridianTalk_sdr_1920x1080p_5994_10bit,hevc,540p,540,33,ladder,160.103,10-bit src,59.94006309148265,57.698,71.74,57.695,57.695,60.258
MeridianTalk_sdr_1920x1080p_5994_10bit__960x540__hevc__crf38,MeridianTalk_sdr_1920x1080p_5994_10bit,hevc,540p,540,38,ladder,100.455,10-bit src,59.94006309148265,43.4,61.673,45.419,45.419,48.839
MeridianTalk_sdr_1920x1080p_5994_10bit__960x540__hevc__crf43,MeridianTalk_sdr_1920x1080p_5994_10bit,hevc,540p,540,43,ladder,71.811,10-bit src,59.94006309148265,28.388,50.437,27.234,27.234,31.652
MeridianTalk_sdr_1920x1080p_5994_10bit__960x540__vp9__crf20,MeridianTalk_sdr_1920x1080p_5994_10bit,vp9,540p,540,20,ladder,2808.958,10-bit src,59.94006309148265,86.659,91.34,86.487,86.487,86.461
MeridianTalk_sdr_1920x1080p_5994_10bit__960x540__vp9__crf30,MeridianTalk_sdr_1920x1080p_5994_10bit,vp9,540p,540,30,ladder,1287.553,10-bit src,59.94006309148265,83.337,89.133,82.274,82.274,82.677
MeridianTalk_sdr_1920x1080p_5994_10bit__960x540__vp9__crf40,MeridianTalk_sdr_1920x1080p_5994_10bit,vp9,540p,540,40,ladder,543.668,10-bit src,59.94006309148265,75.958,84.203,74.335,74.335,75.5
MeridianTalk_sdr_1920x1080p_5994_10bit__960x540__vp9__crf50,MeridianTalk_sdr_1920x1080p_5994_10bit,vp9,540p,540,50,ladder,244.09,10-bit src,59.94006309148265,64.638,76.639,62.725,62.725,64.893
MeridianTalk_sdr_1920x1080p_5994_10bit__960x540__vp9__crf60,MeridianTalk_sdr_1920x1080p_5994_10bit,vp9,540p,540,60,ladder,117.982,10-bit src,59.94006309148265,48.922,65.759,43.784,43.784,47.303
Motorcycle_1920x1080_30fps_8bit__1280x720__av1__crf20,Motorcycle_1920x1080_30fps_8bit,av1,720p,720,20,ladder,35317.932,8-bit src,30.0,99.858,99.916,99.563,99.529,98.582
Motorcycle_1920x1080_30fps_8bit__1280x720__av1__crf30,Motorcycle_1920x1080_30fps_8bit,av1,720p,720,30,ladder,21731.999,8-bit src,30.0,97.539,99.248,95.724,95.685,94.697
Motorcycle_1920x1080_30fps_8bit__1280x720__av1__crf40,Motorcycle_1920x1080_30fps_8bit,av1,720p,720,40,ladder,10810.747,8-bit src,30.0,87.235,95.104,84.803,84.767,84.944
Motorcycle_1920x1080_30fps_8bit__1280x720__av1__crf50,Motorcycle_1920x1080_30fps_8bit,av1,720p,720,50,ladder,4887.076,8-bit src,30.0,69.59,86.706,68.164,68.132,69.864
Motorcycle_1920x1080_30fps_8bit__1280x720__av1__crf60,Motorcycle_1920x1080_30fps_8bit,av1,720p,720,60,ladder,1494.919,8-bit src,30.0,43.843,71.605,38.504,38.478,42.32
Motorcycle_1920x1080_30fps_8bit__1280x720__h264__crf18,Motorcycle_1920x1080_30fps_8bit,h264,720p,720,18,ladder,27500.988,8-bit src,30.0,99.214,99.783,98.602,98.572,97.297
Motorcycle_1920x1080_30fps_8bit__1280x720__h264__crf23,Motorcycle_1920x1080_30fps_8bit,h264,720p,720,23,ladder,15913.482,8-bit src,30.0,92.86,97.403,92.255,92.194,91.611
Motorcycle_1920x1080_30fps_8bit__1280x720__h264__crf28,Motorcycle_1920x1080_30fps_8bit,h264,720p,720,28,ladder,8422.294,8-bit src,30.0,77.928,90.869,81.589,81.515,82.059
Motorcycle_1920x1080_30fps_8bit__1280x720__h264__crf33,Motorcycle_1920x1080_30fps_8bit,h264,720p,720,33,ladder,4065.017,8-bit src,30.0,57.155,79.853,64.625,64.54,66.636
Motorcycle_1920x1080_30fps_8bit__1280x720__h264__crf38,Motorcycle_1920x1080_30fps_8bit,h264,720p,720,38,ladder,1895.855,8-bit src,30.0,35.907,66.73,41.516,41.427,45.173
Motorcycle_1920x1080_30fps_8bit__1280x720__h264__crf43,Motorcycle_1920x1080_30fps_8bit,h264,720p,720,43,ladder,975.83,8-bit src,30.0,19.809,54.525,16.064,15.965,20.927
Motorcycle_1920x1080_30fps_8bit__1280x720__hevc__crf18,Motorcycle_1920x1080_30fps_8bit,hevc,720p,720,18,ladder,27862.596,8-bit src,30.0,98.015,99.324,96.37,96.348,95.278
Motorcycle_1920x1080_30fps_8bit__1280x720__hevc__crf23,Motorcycle_1920x1080_30fps_8bit,hevc,720p,720,23,ladder,16329.333,8-bit src,30.0,90.311,96.14,89.467,89.438,89.124
Motorcycle_1920x1080_30fps_8bit__1280x720__hevc__crf28,Motorcycle_1920x1080_30fps_8bit,hevc,720p,720,28,ladder,8645.5,8-bit src,30.0,75.955,89.477,78.392,78.355,79.171
Motorcycle_1920x1080_30fps_8bit__1280x720__hevc__crf33,Motorcycle_1920x1080_30fps_8bit,hevc,720p,720,33,ladder,4035.917,8-bit src,30.0,57.443,79.425,62.044,61.997,64.258
Motorcycle_1920x1080_30fps_8bit__1280x720__hevc__crf38,Motorcycle_1920x1080_30fps_8bit,hevc,720p,720,38,ladder,1643.978,8-bit src,30.0,38.571,67.958,39.33,39.278,43.103
Motorcycle_1920x1080_30fps_8bit__1280x720__hevc__crf43,Motorcycle_1920x1080_30fps_8bit,hevc,720p,720,43,ladder,644.763,8-bit src,30.0,23.429,57.284,14.427,14.371,19.341
Motorcycle_1920x1080_30fps_8bit__1280x720__vp9__crf20,Motorcycle_1920x1080_30fps_8bit,vp9,720p,720,20,ladder,40439.748,8-bit src,30.0,99.881,99.927,99.767,99.741,99.012
Motorcycle_1920x1080_30fps_8bit__1280x720__vp9__crf30,Motorcycle_1920x1080_30fps_8bit,vp9,720p,720,30,ladder,26345.593,8-bit src,30.0,98.24,99.522,97.019,96.959,95.974
Motorcycle_1920x1080_30fps_8bit__1280x720__vp9__crf40,Motorcycle_1920x1080_30fps_8bit,vp9,720p,720,40,ladder,14247.861,8-bit src,30.0,89.778,96.309,88.968,88.891,88.683
Motorcycle_1920x1080_30fps_8bit__1280x720__vp9__crf50,Motorcycle_1920x1080_30fps_8bit,vp9,720p,720,50,ladder,6546.162,8-bit src,30.0,71.692,88.056,73.391,73.304,74.626
Motorcycle_1920x1080_30fps_8bit__1280x720__vp9__crf60,Motorcycle_1920x1080_30fps_8bit,vp9,720p,720,60,ladder,2413.339,8-bit src,30.0,47.573,74.39,46.842,46.759,50.131
Motorcycle_1920x1080_30fps_8bit__1920x1080__av1__crf20,Motorcycle_1920x1080_30fps_8bit,av1,1080p,1080,20,ladder,70089.602,8-bit src,30.0,99.964,99.99,100.0,100.0,100.0
Motorcycle_1920x1080_30fps_8bit__1920x1080__av1__crf30,Motorcycle_1920x1080_30fps_8bit,av1,1080p,1080,30,ladder,42451.984,8-bit src,30.0,99.945,99.975,100.0,100.0,99.999
Motorcycle_1920x1080_30fps_8bit__1920x1080__av1__crf40,Motorcycle_1920x1080_30fps_8bit,av1,1080p,1080,40,ladder,21425.537,8-bit src,30.0,98.994,99.885,95.794,96.404,94.881
Motorcycle_1920x1080_30fps_8bit__1920x1080__av1__crf50,Motorcycle_1920x1080_30fps_8bit,av1,1080p,1080,50,ladder,9844.264,8-bit src,30.0,86.888,95.707,81.953,82.627,82.378
Motorcycle_1920x1080_30fps_8bit__1920x1080__av1__crf60,Motorcycle_1920x1080_30fps_8bit,av1,1080p,1080,60,ladder,3061.357,8-bit src,30.0,60.051,81.987,54.061,54.687,56.873
Motorcycle_1920x1080_30fps_8bit__1920x1080__h264__crf18,Motorcycle_1920x1080_30fps_8bit,h264,1080p,1080,18,ladder,55243.591,8-bit src,30.0,99.954,99.981,100.0,100.0,100.0
Motorcycle_1920x1080_30fps_8bit__1920x1080__h264__crf23,Motorcycle_1920x1080_30fps_8bit,h264,1080p,1080,23,ladder,32417.026,8-bit src,30.0,99.918,99.955,99.998,100.0,99.694
Motorcycle_1920x1080_30fps_8bit__1920x1080__h264__crf28,Motorcycle_1920x1080_30fps_8bit,h264,1080p,1080,28,ladder,17655.898,8-bit src,30.0,94.682,98.732,93.414,94.275,92.652
Motorcycle_1920x1080_30fps_8bit__1920x1080__h264__crf33,Motorcycle_1920x1080_30fps_8bit,h264,1080p,1080,33,ladder,8875.219,8-bit src,30.0,75.654,90.433,79.76,80.533,80.409
Motorcycle_1920x1080_30fps_8bit__1920x1080__h264__crf38,Motorcycle_1920x1080_30fps_8bit,h264,1080p,1080,38,ladder,4182.46,8-bit src,30.0,51.622,76.963,59.153,59.862,61.6
Motorcycle_1920x1080_30fps_8bit__1920x1080__h264__crf43,Motorcycle_1920x1080_30fps_8bit,h264,1080p,1080,43,ladder,2150.076,8-bit src,30.0,30.287,62.872,33.208,33.855,37.326
Motorcycle_1920x1080_30fps_8bit__1920x1080__hevc__crf18,Motorcycle_1920x1080_30fps_8bit,hevc,1080p,1080,18,ladder,56540.084,8-bit src,30.0,99.963,99.988,100.0,100.0,100.0
Motorcycle_1920x1080_30fps_8bit__1920x1080__hevc__crf23,Motorcycle_1920x1080_30fps_8bit,hevc,1080p,1080,23,ladder,33080.245,8-bit src,30.0,99.934,99.971,99.007,99.396,97.933
Motorcycle_1920x1080_30fps_8bit__1920x1080__hevc__crf28,Motorcycle_1920x1080_30fps_8bit,hevc,1080p,1080,28,ladder,17818.403,8-bit src,30.0,93.06,97.976,90.612,91.177,90.154
Motorcycle_1920x1080_30fps_8bit__1920x1080__hevc__crf33,Motorcycle_1920x1080_30fps_8bit,hevc,1080p,1080,33,ladder,8620.192,8-bit src,30.0,76.038,90.321,76.657,77.218,77.597
Motorcycle_1920x1080_30fps_8bit__1920x1080__hevc__crf38,Motorcycle_1920x1080_30fps_8bit,hevc,1080p,1080,38,ladder,3602.704,8-bit src,30.0,55.323,78.858,56.21,56.78,58.868
Motorcycle_1920x1080_30fps_8bit__1920x1080__hevc__crf43,Motorcycle_1920x1080_30fps_8bit,hevc,1080p,1080,43,ladder,1400.073,8-bit src,30.0,35.985,66.732,31.425,32.005,35.629
Motorcycle_1920x1080_30fps_8bit__1920x1080__vp9__crf20,Motorcycle_1920x1080_30fps_8bit,vp9,1080p,1080,20,ladder,79648.096,8-bit src,30.0,99.977,100.0,100.0,100.0,100.0
Motorcycle_1920x1080_30fps_8bit__1920x1080__vp9__crf30,Motorcycle_1920x1080_30fps_8bit,vp9,1080p,1080,30,ladder,51774.079,8-bit src,30.0,99.972,99.997,100.0,100.0,100.0
Motorcycle_1920x1080_30fps_8bit__1920x1080__vp9__crf40,Motorcycle_1920x1080_30fps_8bit,vp9,1080p,1080,40,ladder,28331.354,8-bit src,30.0,99.736,99.98,98.17,98.615,97.303
Motorcycle_1920x1080_30fps_8bit__1920x1080__vp9__crf50,Motorcycle_1920x1080_30fps_8bit,vp9,1080p,1080,50,ladder,13483.203,8-bit src,30.0,89.221,96.78,87.008,87.632,86.939
Motorcycle_1920x1080_30fps_8bit__1920x1080__vp9__crf60,Motorcycle_1920x1080_30fps_8bit,vp9,1080p,1080,60,ladder,5141.843,8-bit src,30.0,65.387,85.378,64.072,64.693,66.1
Motorcycle_1920x1080_30fps_8bit__640x360__av1__crf20,Motorcycle_1920x1080_30fps_8bit,av1,360p,360,20,ladder,10256.902,8-bit src,30.0,73.959,86.278,74.081,73.592,75.27
Motorcycle_1920x1080_30fps_8bit__640x360__av1__crf30,Motorcycle_1920x1080_30fps_8bit,av1,360p,360,30,ladder,6170.616,8-bit src,30.0,66.068,82.426,66.894,66.369,68.716
Motorcycle_1920x1080_30fps_8bit__640x360__av1__crf40,Motorcycle_1920x1080_30fps_8bit,av1,360p,360,40,ladder,3077.625,8-bit src,30.0,51.481,74.557,50.756,50.247,53.813
Motorcycle_1920x1080_30fps_8bit__640x360__av1__crf50,Motorcycle_1920x1080_30fps_8bit,av1,360p,360,50,ladder,1403.229,8-bit src,30.0,35.469,64.955,30.606,30.122,34.849
Motorcycle_1920x1080_30fps_8bit__640x360__av1__crf60,Motorcycle_1920x1080_30fps_8bit,av1,360p,360,60,ladder,438.343,8-bit src,30.0,18.252,52.606,8.263,7.806,13.355
Motorcycle_1920x1080_30fps_8bit__640x360__h264__crf18,Motorcycle_1920x1080_30fps_8bit,h264,360p,360,18,ladder,8058.983,8-bit src,30.0,69.323,83.936,70.807,70.489,72.29
Motorcycle_1920x1080_30fps_8bit__640x360__h264__crf23,Motorcycle_1920x1080_30fps_8bit,h264,360p,360,23,ladder,4526.144,8-bit src,30.0,57.095,77.524,60.346,59.909,62.702
Motorcycle_1920x1080_30fps_8bit__640x360__h264__crf28,Motorcycle_1920x1080_30fps_8bit,h264,360p,360,28,ladder,2288.756,8-bit src,30.0,41.221,68.684,44.667,44.225,48.131
Motorcycle_1920x1080_30fps_8bit__640x360__h264__crf33,Motorcycle_1920x1080_30fps_8bit,h264,360p,360,33,ladder,1076.885,8-bit src,30.0,26.116,59.114,24.58,24.171,29.112
Motorcycle_1920x1080_30fps_8bit__640x360__h264__crf38,Motorcycle_1920x1080_30fps_8bit,h264,360p,360,38,ladder,510.733,8-bit src,30.0,14.987,50.115,4.007,3.637,9.138
Motorcycle_1920x1080_30fps_8bit__640x360__h264__crf43,Motorcycle_1920x1080_30fps_8bit,h264,360p,360,43,ladder,262.694,8-bit src,30.0,8.282,42.726,0.0,0.0,0.007
Motorcycle_1920x1080_30fps_8bit__640x360__hevc__crf18,Motorcycle_1920x1080_30fps_8bit,hevc,360p,360,18,ladder,8201.213,8-bit src,30.0,66.437,82.062,68.645,68.398,70.318
Motorcycle_1920x1080_30fps_8bit__640x360__hevc__crf23,Motorcycle_1920x1080_30fps_8bit,hevc,360p,360,23,ladder,4718.412,8-bit src,30.0,54.472,75.526,58.736,58.48,61.215
Motorcycle_1920x1080_30fps_8bit__640x360__hevc__crf28,Motorcycle_1920x1080_30fps_8bit,hevc,360p,360,28,ladder,2414.964,8-bit src,30.0,39.879,67.146,44.061,43.798,47.558
Motorcycle_1920x1080_30fps_8bit__640x360__hevc__crf33,Motorcycle_1920x1080_30fps_8bit,hevc,360p,360,33,ladder,1097.829,8-bit src,30.0,25.824,58.191,24.967,24.696,29.475
Motorcycle_1920x1080_30fps_8bit__640x360__hevc__crf38,Motorcycle_1920x1080_30fps_8bit,hevc,360p,360,38,ladder,453.538,8-bit src,30.0,15.274,50.154,4.812,4.534,9.725
Motorcycle_1920x1080_30fps_8bit__640x360__hevc__crf43,Motorcycle_1920x1080_30fps_8bit,hevc,360p,360,43,ladder,185.48,8-bit src,30.0,7.73,42.542,0.0,0.0,0.059
Motorcycle_1920x1080_30fps_8bit__640x360__vp9__crf20,Motorcycle_1920x1080_30fps_8bit,vp9,360p,360,20,ladder,12186.557,8-bit src,30.0,74.577,86.48,75.426,75.112,76.489
Motorcycle_1920x1080_30fps_8bit__640x360__vp9__crf30,Motorcycle_1920x1080_30fps_8bit,vp9,360p,360,30,ladder,7854.703,8-bit src,30.0,67.473,83.032,70.01,69.677,71.561
Motorcycle_1920x1080_30fps_8bit__640x360__vp9__crf40,Motorcycle_1920x1080_30fps_8bit,vp9,360p,360,40,ladder,4128.987,8-bit src,30.0,53.809,75.904,57.831,57.479,60.372
Motorcycle_1920x1080_30fps_8bit__640x360__vp9__crf50,Motorcycle_1920x1080_30fps_8bit,vp9,360p,360,50,ladder,1816.555,8-bit src,30.0,36.681,66.07,36.673,36.31,40.588
Motorcycle_1920x1080_30fps_8bit__640x360__vp9__crf60,Motorcycle_1920x1080_30fps_8bit,vp9,360p,360,60,ladder,685.85,8-bit src,30.0,21.393,55.424,11.04,10.676,16.046
Motorcycle_1920x1080_30fps_8bit__960x540__av1__crf20,Motorcycle_1920x1080_30fps_8bit,av1,540p,540,20,ladder,20930.717,8-bit src,30.0,93.138,96.545,90.294,89.964,89.863
Motorcycle_1920x1080_30fps_8bit__960x540__av1__crf30,Motorcycle_1920x1080_30fps_8bit,av1,540p,540,30,ladder,12753.484,8-bit src,30.0,87.303,94.179,84.561,84.252,84.732
Motorcycle_1920x1080_30fps_8bit__960x540__av1__crf40,Motorcycle_1920x1080_30fps_8bit,av1,540p,540,40,ladder,6500.881,8-bit src,30.0,74.254,88.283,71.544,71.271,72.956
Motorcycle_1920x1080_30fps_8bit__960x540__av1__crf50,Motorcycle_1920x1080_30fps_8bit,av1,540p,540,50,ladder,2992.094,8-bit src,30.0,56.493,78.735,52.757,52.494,55.67
Motorcycle_1920x1080_30fps_8bit__960x540__av1__crf60,Motorcycle_1920x1080_30fps_8bit,av1,540p,540,60,ladder,910.096,8-bit src,30.0,33.381,64.314,24.872,24.629,29.383
Motorcycle_1920x1080_30fps_8bit__960x540__h264__crf18,Motorcycle_1920x1080_30fps_8bit,h264,540p,540,18,ladder,16735.499,8-bit src,30.0,89.935,95.202,88.037,87.902,87.847
Motorcycle_1920x1080_30fps_8bit__960x540__h264__crf23,Motorcycle_1920x1080_30fps_8bit,h264,540p,540,23,ladder,9582.886,8-bit src,30.0,79.554,90.646,79.582,79.343,80.249
Motorcycle_1920x1080_30fps_8bit__960x540__h264__crf28,Motorcycle_1920x1080_30fps_8bit,h264,540p,540,28,ladder,4950.906,8-bit src,30.0,63.046,82.389,66.234,65.953,68.112
Motorcycle_1920x1080_30fps_8bit__960x540__h264__crf33,Motorcycle_1920x1080_30fps_8bit,h264,540p,540,33,ladder,2340.445,8-bit src,30.0,43.366,71.112,46.493,46.226,49.841
Motorcycle_1920x1080_30fps_8bit__960x540__h264__crf38,Motorcycle_1920x1080_30fps_8bit,h264,540p,540,38,ladder,1097.259,8-bit src,30.0,25.853,59.301,22.962,22.701,27.563
Motorcycle_1920x1080_30fps_8bit__960x540__h264__crf43,Motorcycle_1920x1080_30fps_8bit,h264,540p,540,43,ladder,564.229,8-bit src,30.0,14.087,49.199,1.511,1.345,5.738
Motorcycle_1920x1080_30fps_8bit__960x540__hevc__crf18,Motorcycle_1920x1080_30fps_8bit,hevc,540p,540,18,ladder,17049.122,8-bit src,30.0,87.483,93.929,85.981,85.86,86.006
Motorcycle_1920x1080_30fps_8bit__960x540__hevc__crf23,Motorcycle_1920x1080_30fps_8bit,hevc,540p,540,23,ladder,9914.603,8-bit src,30.0,76.809,88.976,77.697,77.546,78.544
Motorcycle_1920x1080_30fps_8bit__960x540__hevc__crf28,Motorcycle_1920x1080_30fps_8bit,hevc,540p,540,28,ladder,5144.496,8-bit src,30.0,61.485,80.952,64.984,64.817,66.961
Motorcycle_1920x1080_30fps_8bit__960x540__hevc__crf33,Motorcycle_1920x1080_30fps_8bit,hevc,540p,540,33,ladder,2350.583,8-bit src,30.0,43.789,70.695,46.704,46.525,50.028
Motorcycle_1920x1080_30fps_8bit__960x540__hevc__crf38,Motorcycle_1920x1080_30fps_8bit,hevc,540p,540,38,ladder,954.378,8-bit src,30.0,28.031,60.463,24.009,23.814,28.554
Motorcycle_1920x1080_30fps_8bit__960x540__hevc__crf43,Motorcycle_1920x1080_30fps_8bit,hevc,540p,540,43,ladder,380.185,8-bit src,30.0,16.347,51.239,3.386,3.192,8.049
Motorcycle_1920x1080_30fps_8bit__960x540__vp9__crf20,Motorcycle_1920x1080_30fps_8bit,vp9,540p,540,20,ladder,25006.017,8-bit src,30.0,93.601,96.714,91.584,91.366,91.013
Motorcycle_1920x1080_30fps_8bit__960x540__vp9__crf30,Motorcycle_1920x1080_30fps_8bit,vp9,540p,540,30,ladder,16260.672,8-bit src,30.0,88.342,94.62,87.294,87.052,87.18
Motorcycle_1920x1080_30fps_8bit__960x540__vp9__crf40,Motorcycle_1920x1080_30fps_8bit,vp9,540p,540,40,ladder,8687.111,8-bit src,30.0,76.207,89.231,77.588,77.334,78.44
Motorcycle_1920x1080_30fps_8bit__960x540__vp9__crf50,Motorcycle_1920x1080_30fps_8bit,vp9,540p,540,50,ladder,3908.29,8-bit src,30.0,57.387,79.475,59.037,58.771,61.475
Motorcycle_1920x1080_30fps_8bit__960x540__vp9__crf60,Motorcycle_1920x1080_30fps_8bit,vp9,540p,540,60,ladder,1417.139,8-bit src,30.0,35.944,66.53,30.351,30.081,34.583
MountainBike_1920x1080_30fps_8bit__1280x720__av1__crf20,MountainBike_1920x1080_30fps_8bit,av1,720p,720,20,ladder,40661.88,8-bit src,30.0,99.647,99.766,99.788,99.786,99.637
MountainBike_1920x1080_30fps_8bit__1280x720__av1__crf30,MountainBike_1920x1080_30fps_8bit,av1,720p,720,30,ladder,25461.778,8-bit src,30.0,99.524,99.699,97.162,97.148,96.062
MountainBike_1920x1080_30fps_8bit__1280x720__av1__crf40,MountainBike_1920x1080_30fps_8bit,av1,720p,720,40,ladder,12953.842,8-bit src,30.0,94.164,99.284,85.773,85.765,85.811
MountainBike_1920x1080_30fps_8bit__1280x720__av1__crf50,MountainBike_1920x1080_30fps_8bit,av1,720p,720,50,ladder,5790.665,8-bit src,30.0,75.969,96.244,67.857,67.859,69.579
MountainBike_1920x1080_30fps_8bit__1280x720__av1__crf60,MountainBike_1920x1080_30fps_8bit,av1,720p,720,60,ladder,1777.41,8-bit src,30.0,52.234,87.935,39.873,39.868,43.599
MountainBike_1920x1080_30fps_8bit__1280x720__h264__crf18,MountainBike_1920x1080_30fps_8bit,h264,720p,720,18,ladder,31346.544,8-bit src,30.0,99.611,99.74,99.369,99.358,98.412
MountainBike_1920x1080_30fps_8bit__1280x720__h264__crf23,MountainBike_1920x1080_30fps_8bit,h264,720p,720,23,ladder,18322.582,8-bit src,30.0,98.142,99.596,93.526,93.496,92.739
MountainBike_1920x1080_30fps_8bit__1280x720__h264__crf28,MountainBike_1920x1080_30fps_8bit,h264,720p,720,28,ladder,9907.884,8-bit src,30.0,84.5,98.148,83.067,83.038,83.386
MountainBike_1920x1080_30fps_8bit__1280x720__h264__crf33,MountainBike_1920x1080_30fps_8bit,h264,720p,720,33,ladder,4940.2,8-bit src,30.0,64.59,93.023,67.59,67.55,69.344
MountainBike_1920x1080_30fps_8bit__1280x720__h264__crf38,MountainBike_1920x1080_30fps_8bit,h264,720p,720,38,ladder,2331.033,8-bit src,30.0,46.348,84.743,46.586,46.537,49.909
MountainBike_1920x1080_30fps_8bit__1280x720__h264__crf43,MountainBike_1920x1080_30fps_8bit,h264,720p,720,43,ladder,1182.419,8-bit src,30.0,34.489,76.817,23.668,23.599,28.199
MountainBike_1920x1080_30fps_8bit__1280x720__hevc__crf18,MountainBike_1920x1080_30fps_8bit,hevc,720p,720,18,ladder,31851.048,8-bit src,30.0,99.539,99.687,97.369,97.355,96.244
MountainBike_1920x1080_30fps_8bit__1280x720__hevc__crf23,MountainBike_1920x1080_30fps_8bit,hevc,720p,720,23,ladder,18739.048,8-bit src,30.0,96.186,99.451,90.398,90.384,89.952
MountainBike_1920x1080_30fps_8bit__1280x720__hevc__crf28,MountainBike_1920x1080_30fps_8bit,hevc,720p,720,28,ladder,10066.095,8-bit src,30.0,82.047,97.531,79.512,79.5,80.177
MountainBike_1920x1080_30fps_8bit__1280x720__hevc__crf33,MountainBike_1920x1080_30fps_8bit,hevc,720p,720,33,ladder,4865.595,8-bit src,30.0,63.846,92.437,63.799,63.781,65.861
MountainBike_1920x1080_30fps_8bit__1280x720__hevc__crf38,MountainBike_1920x1080_30fps_8bit,hevc,720p,720,38,ladder,2040.939,8-bit src,30.0,47.836,85.423,42.32,42.293,45.899
MountainBike_1920x1080_30fps_8bit__1280x720__hevc__crf43,MountainBike_1920x1080_30fps_8bit,hevc,720p,720,43,ladder,796.984,8-bit src,30.0,36.298,78.184,19.632,19.597,24.257
MountainBike_1920x1080_30fps_8bit__1280x720__vp9__crf20,MountainBike_1920x1080_30fps_8bit,vp9,720p,720,20,ladder,45075.851,8-bit src,30.0,99.656,99.772,99.805,99.803,99.684
MountainBike_1920x1080_30fps_8bit__1280x720__vp9__crf30,MountainBike_1920x1080_30fps_8bit,vp9,720p,720,30,ladder,29175.841,8-bit src,30.0,99.57,99.714,98.129,98.111,97.2
MountainBike_1920x1080_30fps_8bit__1280x720__vp9__crf40,MountainBike_1920x1080_30fps_8bit,vp9,720p,720,40,ladder,15752.33,8-bit src,30.0,95.397,99.439,90.275,90.25,89.85
MountainBike_1920x1080_30fps_8bit__1280x720__vp9__crf50,MountainBike_1920x1080_30fps_8bit,vp9,720p,720,50,ladder,7344.801,8-bit src,30.0,78.45,96.731,74.597,74.566,75.715
MountainBike_1920x1080_30fps_8bit__1280x720__vp9__crf60,MountainBike_1920x1080_30fps_8bit,vp9,720p,720,60,ladder,2723.266,8-bit src,30.0,55.794,89.356,48.407,48.363,51.586
MountainBike_1920x1080_30fps_8bit__1920x1080__av1__crf20,MountainBike_1920x1080_30fps_8bit,av1,1080p,1080,20,ladder,75646.417,8-bit src,30.0,99.88,99.956,99.944,99.952,99.927
MountainBike_1920x1080_30fps_8bit__1920x1080__av1__crf30,MountainBike_1920x1080_30fps_8bit,av1,1080p,1080,30,ladder,46461.134,8-bit src,30.0,99.808,99.901,99.872,99.878,99.855
MountainBike_1920x1080_30fps_8bit__1920x1080__av1__crf40,MountainBike_1920x1080_30fps_8bit,av1,1080p,1080,40,ladder,23941.009,8-bit src,30.0,99.569,99.77,96.139,96.271,95.224
MountainBike_1920x1080_30fps_8bit__1920x1080__av1__crf50,MountainBike_1920x1080_30fps_8bit,av1,1080p,1080,50,ladder,10943.257,8-bit src,30.0,91.364,99.157,81.452,81.644,81.923
MountainBike_1920x1080_30fps_8bit__1920x1080__av1__crf60,MountainBike_1920x1080_30fps_8bit,av1,1080p,1080,60,ladder,3537.765,8-bit src,30.0,65.775,93.981,53.42,53.654,56.27
MountainBike_1920x1080_30fps_8bit__1920x1080__h264__crf18,MountainBike_1920x1080_30fps_8bit,h264,1080p,1080,18,ladder,59886.489,8-bit src,30.0,99.852,99.933,99.936,99.944,99.92
MountainBike_1920x1080_30fps_8bit__1920x1080__h264__crf23,MountainBike_1920x1080_30fps_8bit,h264,1080p,1080,23,ladder,35624.081,8-bit src,30.0,99.724,99.839,99.845,99.862,99.733
MountainBike_1920x1080_30fps_8bit__1920x1080__h264__crf28,MountainBike_1920x1080_30fps_8bit,h264,1080p,1080,28,ladder,19844.373,8-bit src,30.0,98.302,99.667,94.444,94.667,93.571
MountainBike_1920x1080_30fps_8bit__1920x1080__h264__crf33,MountainBike_1920x1080_30fps_8bit,h264,1080p,1080,33,ladder,10384.681,8-bit src,30.0,81.547,97.826,81.947,82.193,82.375
MountainBike_1920x1080_30fps_8bit__1920x1080__h264__crf38,MountainBike_1920x1080_30fps_8bit,h264,1080p,1080,38,ladder,5114.296,8-bit src,30.0,59.695,91.379,63.527,63.807,65.612
MountainBike_1920x1080_30fps_8bit__1920x1080__h264__crf43,MountainBike_1920x1080_30fps_8bit,h264,1080p,1080,43,ladder,2641.006,8-bit src,30.0,43.626,83.475,40.97,41.288,44.622
MountainBike_1920x1080_30fps_8bit__1920x1080__hevc__crf18,MountainBike_1920x1080_30fps_8bit,hevc,1080p,1080,18,ladder,61485.468,8-bit src,30.0,99.798,99.891,99.87,99.877,99.861
MountainBike_1920x1080_30fps_8bit__1920x1080__hevc__crf23,MountainBike_1920x1080_30fps_8bit,hevc,1080p,1080,23,ladder,36123.207,8-bit src,30.0,99.651,99.783,98.79,98.856,97.799
MountainBike_1920x1080_30fps_8bit__1920x1080__hevc__crf28,MountainBike_1920x1080_30fps_8bit,hevc,1080p,1080,28,ladder,19680.448,8-bit src,30.0,96.669,99.572,90.721,90.852,90.238
MountainBike_1920x1080_30fps_8bit__1920x1080__hevc__crf33,MountainBike_1920x1080_30fps_8bit,hevc,1080p,1080,33,ladder,9858.791,8-bit src,30.0,80.446,97.611,77.582,77.727,78.427
MountainBike_1920x1080_30fps_8bit__1920x1080__hevc__crf38,MountainBike_1920x1080_30fps_8bit,hevc,1080p,1080,38,ladder,4326.229,8-bit src,30.0,61.287,92.037,58.022,58.23,60.531
MountainBike_1920x1080_30fps_8bit__1920x1080__hevc__crf43,MountainBike_1920x1080_30fps_8bit,hevc,1080p,1080,43,ladder,1741.909,8-bit src,30.0,45.741,84.689,34.937,35.237,38.939
MountainBike_1920x1080_30fps_8bit__1920x1080__vp9__crf20,MountainBike_1920x1080_30fps_8bit,vp9,1080p,1080,20,ladder,85247.159,8-bit src,30.0,99.888,99.963,99.941,99.947,99.925
MountainBike_1920x1080_30fps_8bit__1920x1080__vp9__crf30,MountainBike_1920x1080_30fps_8bit,vp9,1080p,1080,30,ladder,54641.571,8-bit src,30.0,99.825,99.916,99.883,99.888,99.873
MountainBike_1920x1080_30fps_8bit__1920x1080__vp9__crf40,MountainBike_1920x1080_30fps_8bit,vp9,1080p,1080,40,ladder,29060.898,8-bit src,30.0,99.666,99.802,98.457,98.573,97.577
MountainBike_1920x1080_30fps_8bit__1920x1080__vp9__crf50,MountainBike_1920x1080_30fps_8bit,vp9,1080p,1080,50,ladder,14182.877,8-bit src,30.0,93.016,99.334,87.324,87.542,87.218
MountainBike_1920x1080_30fps_8bit__1920x1080__vp9__crf60,MountainBike_1920x1080_30fps_8bit,vp9,1080p,1080,60,ladder,5468.346,8-bit src,30.0,70.576,95.218,64.069,64.368,66.093
MountainBike_1920x1080_30fps_8bit__640x360__av1__crf20,MountainBike_1920x1080_30fps_8bit,av1,360p,360,20,ladder,12916.922,8-bit src,30.0,85.52,96.969,78.358,78.217,79.14
MountainBike_1920x1080_30fps_8bit__640x360__av1__crf30,MountainBike_1920x1080_30fps_8bit,av1,360p,360,30,ladder,7975.189,8-bit src,30.0,77.358,95.035,69.905,69.734,71.462
MountainBike_1920x1080_30fps_8bit__640x360__av1__crf40,MountainBike_1920x1080_30fps_8bit,av1,360p,360,40,ladder,4038.55,8-bit src,30.0,61.961,90.151,53.246,53.044,56.121
MountainBike_1920x1080_30fps_8bit__640x360__av1__crf50,MountainBike_1920x1080_30fps_8bit,av1,360p,360,50,ladder,1783.97,8-bit src,30.0,45.765,82.999,33.624,33.395,37.707
MountainBike_1920x1080_30fps_8bit__640x360__av1__crf60,MountainBike_1920x1080_30fps_8bit,av1,360p,360,60,ladder,542.668,8-bit src,30.0,31.94,74.388,12.985,12.729,17.818
MountainBike_1920x1080_30fps_8bit__640x360__h264__crf18,MountainBike_1920x1080_30fps_8bit,h264,360p,360,18,ladder,9968.659,8-bit src,30.0,80.266,95.81,74.397,74.245,75.551
MountainBike_1920x1080_30fps_8bit__640x360__h264__crf23,MountainBike_1920x1080_30fps_8bit,h264,360p,360,23,ladder,5701.649,8-bit src,30.0,67.326,92.081,63.961,63.78,66.02
MountainBike_1920x1080_30fps_8bit__640x360__h264__crf28,MountainBike_1920x1080_30fps_8bit,h264,360p,360,28,ladder,2935.586,8-bit src,30.0,51.82,86.021,49.147,48.956,52.308
MountainBike_1920x1080_30fps_8bit__640x360__h264__crf33,MountainBike_1920x1080_30fps_8bit,h264,360p,360,33,ladder,1374.426,8-bit src,30.0,39.095,79.789,31.176,30.969,35.378
MountainBike_1920x1080_30fps_8bit__640x360__h264__crf38,MountainBike_1920x1080_30fps_8bit,h264,360p,360,38,ladder,625.678,8-bit src,30.0,30.804,73.614,13.123,12.916,17.889
MountainBike_1920x1080_30fps_8bit__640x360__h264__crf43,MountainBike_1920x1080_30fps_8bit,h264,360p,360,43,ladder,313.067,8-bit src,30.0,24.635,67.169,3.151,3.001,5.166
MountainBike_1920x1080_30fps_8bit__640x360__hevc__crf18,MountainBike_1920x1080_30fps_8bit,hevc,360p,360,18,ladder,10079.449,8-bit src,30.0,76.831,94.763,72.135,72.043,73.493
MountainBike_1920x1080_30fps_8bit__640x360__hevc__crf23,MountainBike_1920x1080_30fps_8bit,hevc,360p,360,23,ladder,5851.053,8-bit src,30.0,64.237,90.501,61.887,61.797,64.112
MountainBike_1920x1080_30fps_8bit__640x360__hevc__crf28,MountainBike_1920x1080_30fps_8bit,hevc,360p,360,28,ladder,3032.121,8-bit src,30.0,49.833,84.51,47.231,47.142,50.516
MountainBike_1920x1080_30fps_8bit__640x360__hevc__crf33,MountainBike_1920x1080_30fps_8bit,hevc,360p,360,33,ladder,1389.088,8-bit src,30.0,37.734,78.207,29.107,29.003,33.409
MountainBike_1920x1080_30fps_8bit__640x360__hevc__crf38,MountainBike_1920x1080_30fps_8bit,hevc,360p,360,38,ladder,562.787,8-bit src,30.0,29.53,72.305,9.936,9.792,14.794
MountainBike_1920x1080_30fps_8bit__640x360__hevc__crf43,MountainBike_1920x1080_30fps_8bit,hevc,360p,360,43,ladder,223.59,8-bit src,30.0,23.006,65.731,0.662,0.555,2.454
MountainBike_1920x1080_30fps_8bit__640x360__vp9__crf20,MountainBike_1920x1080_30fps_8bit,vp9,360p,360,20,ladder,14432.86,8-bit src,30.0,85.858,97.048,79.76,79.659,80.405
MountainBike_1920x1080_30fps_8bit__640x360__vp9__crf30,MountainBike_1920x1080_30fps_8bit,vp9,360p,360,30,ladder,9417.382,8-bit src,30.0,78.518,95.345,73.959,73.845,75.15
MountainBike_1920x1080_30fps_8bit__640x360__vp9__crf40,MountainBike_1920x1080_30fps_8bit,vp9,360p,360,40,ladder,5013.16,8-bit src,30.0,64.64,91.11,61.236,61.079,63.507
MountainBike_1920x1080_30fps_8bit__640x360__vp9__crf50,MountainBike_1920x1080_30fps_8bit,vp9,360p,360,50,ladder,2264.308,8-bit src,30.0,48.524,84.447,40.858,40.637,44.523
MountainBike_1920x1080_30fps_8bit__640x360__vp9__crf60,MountainBike_1920x1080_30fps_8bit,vp9,360p,360,60,ladder,829.867,8-bit src,30.0,35.485,77.141,17.685,17.416,22.365
MountainBike_1920x1080_30fps_8bit__960x540__av1__crf20,MountainBike_1920x1080_30fps_8bit,av1,540p,540,20,ladder,25081.353,8-bit src,30.0,99.142,99.58,93.365,93.274,92.596
MountainBike_1920x1080_30fps_8bit__960x540__av1__crf30,MountainBike_1920x1080_30fps_8bit,av1,540p,540,30,ladder,15604.126,8-bit src,30.0,96.033,99.343,86.647,86.551,86.598
MountainBike_1920x1080_30fps_8bit__960x540__av1__crf40,MountainBike_1920x1080_30fps_8bit,av1,540p,540,40,ladder,8028.403,8-bit src,30.0,82.74,97.25,72.446,72.354,73.773
MountainBike_1920x1080_30fps_8bit__960x540__av1__crf50,MountainBike_1920x1080_30fps_8bit,av1,540p,540,50,ladder,3603.932,8-bit src,30.0,63.894,92.233,52.798,52.702,55.703
MountainBike_1920x1080_30fps_8bit__960x540__av1__crf60,MountainBike_1920x1080_30fps_8bit,av1,540p,540,60,ladder,1080.803,8-bit src,30.0,43.859,83.171,28.742,28.617,33.058
MountainBike_1920x1080_30fps_8bit__960x540__h264__crf18,MountainBike_1920x1080_30fps_8bit,h264,540p,540,18,ladder,19704.696,8-bit src,30.0,97.714,99.486,90.274,90.18,89.843
MountainBike_1920x1080_30fps_8bit__960x540__h264__crf23,MountainBike_1920x1080_30fps_8bit,h264,540p,540,23,ladder,11420.853,8-bit src,30.0,87.981,98.361,81.615,81.516,82.079
MountainBike_1920x1080_30fps_8bit__960x540__h264__crf28,MountainBike_1920x1080_30fps_8bit,h264,540p,540,28,ladder,6047.394,8-bit src,30.0,71.197,94.61,68.37,68.262,70.059
MountainBike_1920x1080_30fps_8bit__960x540__h264__crf33,MountainBike_1920x1080_30fps_8bit,h264,540p,540,33,ladder,2914.837,8-bit src,30.0,53.035,87.73,50.447,50.336,53.517
MountainBike_1920x1080_30fps_8bit__960x540__h264__crf38,MountainBike_1920x1080_30fps_8bit,h264,540p,540,38,ladder,1350.906,8-bit src,30.0,39.124,80.233,29.671,29.535,33.943
MountainBike_1920x1080_30fps_8bit__960x540__h264__crf43,MountainBike_1920x1080_30fps_8bit,h264,540p,540,43,ladder,680.097,8-bit src,30.0,30.445,73.23,9.733,9.581,14.399
MountainBike_1920x1080_30fps_8bit__960x540__hevc__crf18,MountainBike_1920x1080_30fps_8bit,hevc,540p,540,18,ladder,20010.501,8-bit src,30.0,95.706,99.281,88.287,88.232,88.066
MountainBike_1920x1080_30fps_8bit__960x540__hevc__crf23,MountainBike_1920x1080_30fps_8bit,hevc,540p,540,23,ladder,11698.224,8-bit src,30.0,84.957,97.682,79.951,79.899,80.575
MountainBike_1920x1080_30fps_8bit__960x540__hevc__crf28,MountainBike_1920x1080_30fps_8bit,hevc,540p,540,28,ladder,6179.207,8-bit src,30.0,69.128,93.75,67.175,67.125,68.96
MountainBike_1920x1080_30fps_8bit__960x540__hevc__crf33,MountainBike_1920x1080_30fps_8bit,hevc,540p,540,33,ladder,2907.186,8-bit src,30.0,52.649,87.173,49.965,49.901,53.06
MountainBike_1920x1080_30fps_8bit__960x540__hevc__crf38,MountainBike_1920x1080_30fps_8bit,hevc,540p,540,38,ladder,1191.466,8-bit src,30.0,40.028,80.566,28.414,28.326,32.741
MountainBike_1920x1080_30fps_8bit__960x540__hevc__crf43,MountainBike_1920x1080_30fps_8bit,hevc,540p,540,43,ladder,462.742,8-bit src,30.0,31.2,73.91,9.473,9.326,14.232
MountainBike_1920x1080_30fps_8bit__960x540__vp9__crf20,MountainBike_1920x1080_30fps_8bit,vp9,540p,540,20,ladder,28511.357,8-bit src,30.0,99.16,99.592,94.653,94.576,93.749
MountainBike_1920x1080_30fps_8bit__960x540__vp9__crf30,MountainBike_1920x1080_30fps_8bit,vp9,540p,540,30,ladder,18483.031,8-bit src,30.0,96.29,99.386,90.082,89.998,89.668
MountainBike_1920x1080_30fps_8bit__960x540__vp9__crf40,MountainBike_1920x1080_30fps_8bit,vp9,540p,540,40,ladder,9914.005,8-bit src,30.0,84.755,97.638,79.752,79.664,80.391
MountainBike_1920x1080_30fps_8bit__960x540__vp9__crf50,MountainBike_1920x1080_30fps_8bit,vp9,540p,540,50,ladder,4551.392,8-bit src,30.0,66.096,92.879,61.125,61.011,63.392
MountainBike_1920x1080_30fps_8bit__960x540__vp9__crf60,MountainBike_1920x1080_30fps_8bit,vp9,540p,540,60,ladder,1657.669,8-bit src,30.0,46.673,84.511,34.062,33.899,38.099
OldTownCross_1920x1080p50__1280x720__av1__crf20,OldTownCross_1920x1080p50,av1,720p,720,20,ladder,5554.79,8-bit src,50.0,89.007,92.788,90.373,90.341,89.935
OldTownCross_1920x1080p50__1280x720__av1__crf30,OldTownCross_1920x1080p50,av1,720p,720,30,ladder,1970.107,8-bit src,50.0,87.111,91.521,88.336,88.312,88.116
OldTownCross_1920x1080p50__1280x720__av1__crf40,OldTownCross_1920x1080p50,av1,720p,720,40,ladder,1153.947,8-bit src,50.0,85.374,90.414,86.196,86.188,86.2
OldTownCross_1920x1080p50__1280x720__av1__crf50,OldTownCross_1920x1080p50,av1,720p,720,50,ladder,760.003,8-bit src,50.0,83.135,88.975,84.308,84.292,84.506
OldTownCross_1920x1080p50__1280x720__av1__crf60,OldTownCross_1920x1080p50,av1,720p,720,60,ladder,386.578,8-bit src,50.0,74.653,83.352,75.988,75.979,77.0
OldTownCross_1920x1080p50__1280x720__h264__crf18,OldTownCross_1920x1080p50,h264,720p,720,18,ladder,7733.63,8-bit src,50.0,87.977,92.062,89.194,89.175,88.882
OldTownCross_1920x1080p50__1280x720__h264__crf23,OldTownCross_1920x1080p50,h264,720p,720,23,ladder,2236.396,8-bit src,50.0,83.531,89.127,85.178,85.168,85.287
OldTownCross_1920x1080p50__1280x720__h264__crf28,OldTownCross_1920x1080p50,h264,720p,720,28,ladder,1016.049,8-bit src,50.0,73.914,82.752,77.127,77.128,78.031
OldTownCross_1920x1080p50__1280x720__h264__crf33,OldTownCross_1920x1080p50,h264,720p,720,33,ladder,567.52,8-bit src,50.0,56.657,71.265,62.655,62.626,64.831
OldTownCross_1920x1080p50__1280x720__h264__crf38,OldTownCross_1920x1080p50,h264,720p,720,38,ladder,346.489,8-bit src,50.0,34.036,55.557,41.993,41.981,45.626
OldTownCross_1920x1080p50__1280x720__h264__crf43,OldTownCross_1920x1080p50,h264,720p,720,43,ladder,198.569,8-bit src,50.0,10.926,37.227,12.433,12.379,17.422
OldTownCross_1920x1080p50__1280x720__hevc__crf18,OldTownCross_1920x1080p50,hevc,720p,720,18,ladder,6065.926,8-bit src,50.0,88.236,92.211,89.879,89.856,89.494
OldTownCross_1920x1080p50__1280x720__hevc__crf23,OldTownCross_1920x1080p50,hevc,720p,720,23,ladder,2105.953,8-bit src,50.0,84.628,89.782,86.166,86.15,86.173
OldTownCross_1920x1080p50__1280x720__hevc__crf28,OldTownCross_1920x1080p50,hevc,720p,720,28,ladder,901.532,8-bit src,50.0,77.017,84.761,79.12,79.111,79.834
OldTownCross_1920x1080p50__1280x720__hevc__crf33,OldTownCross_1920x1080p50,hevc,720p,720,33,ladder,442.009,8-bit src,50.0,62.368,75.068,66.216,66.206,68.098
OldTownCross_1920x1080p50__1280x720__hevc__crf38,OldTownCross_1920x1080p50,hevc,720p,720,38,ladder,227.409,8-bit src,50.0,40.826,60.359,46.859,46.843,50.186
OldTownCross_1920x1080p50__1280x720__hevc__crf43,OldTownCross_1920x1080p50,hevc,720p,720,43,ladder,115.689,8-bit src,50.0,16.112,41.589,16.157,16.132,21.021
OldTownCross_1920x1080p50__1280x720__vp9__crf20,OldTownCross_1920x1080p50,vp9,720p,720,20,ladder,16984.753,8-bit src,50.0,90.102,93.568,91.155,91.128,90.631
OldTownCross_1920x1080p50__1280x720__vp9__crf30,OldTownCross_1920x1080p50,vp9,720p,720,30,ladder,4700.19,8-bit src,50.0,87.226,91.68,88.31,88.278,88.092
OldTownCross_1920x1080p50__1280x720__vp9__crf40,OldTownCross_1920x1080p50,vp9,720p,720,40,ladder,1484.393,8-bit src,50.0,80.061,86.944,81.61,81.588,82.078
OldTownCross_1920x1080p50__1280x720__vp9__crf50,OldTownCross_1920x1080p50,vp9,720p,720,50,ladder,635.846,8-bit src,50.0,65.869,77.482,67.723,67.72,69.467
OldTownCross_1920x1080p50__1280x720__vp9__crf60,OldTownCross_1920x1080p50,vp9,720p,720,60,ladder,295.227,8-bit src,50.0,45.457,63.679,45.588,45.578,48.98
OldTownCross_1920x1080p50__1920x1080__av1__crf20,OldTownCross_1920x1080p50,av1,1080p,1080,20,ladder,53336.375,8-bit src,50.0,96.491,98.241,96.876,96.877,95.716
OldTownCross_1920x1080p50__1920x1080__av1__crf30,OldTownCross_1920x1080p50,av1,1080p,1080,30,ladder,4805.193,8-bit src,50.0,93.625,96.378,94.477,94.482,93.588
OldTownCross_1920x1080p50__1920x1080__av1__crf40,OldTownCross_1920x1080p50,av1,1080p,1080,40,ladder,1985.944,8-bit src,50.0,92.786,95.88,93.316,93.337,92.556
OldTownCross_1920x1080p50__1920x1080__av1__crf50,OldTownCross_1920x1080p50,av1,1080p,1080,50,ladder,1239.806,8-bit src,50.0,91.0,94.701,91.551,91.589,90.985
OldTownCross_1920x1080p50__1920x1080__av1__crf60,OldTownCross_1920x1080p50,av1,1080p,1080,60,ladder,629.436,8-bit src,50.0,84.614,90.418,85.183,85.24,85.292
OldTownCross_1920x1080p50__1920x1080__h264__crf18,OldTownCross_1920x1080p50,h264,1080p,1080,18,ladder,48973.723,8-bit src,50.0,94.58,96.913,95.09,95.09,94.131
OldTownCross_1920x1080p50__1920x1080__h264__crf23,OldTownCross_1920x1080p50,h264,1080p,1080,23,ladder,6018.624,8-bit src,50.0,91.608,95.046,92.153,92.154,91.521
OldTownCross_1920x1080p50__1920x1080__h264__crf28,OldTownCross_1920x1080p50,h264,1080p,1080,28,ladder,2039.532,8-bit src,50.0,84.432,90.197,86.107,86.124,86.12
OldTownCross_1920x1080p50__1920x1080__h264__crf33,OldTownCross_1920x1080p50,h264,1080p,1080,33,ladder,1129.098,8-bit src,50.0,70.492,80.923,73.931,73.971,75.135
OldTownCross_1920x1080p50__1920x1080__h264__crf38,OldTownCross_1920x1080p50,h264,1080p,1080,38,ladder,719.301,8-bit src,50.0,49.154,66.533,56.54,56.611,59.19
OldTownCross_1920x1080p50__1920x1080__h264__crf43,OldTownCross_1920x1080p50,h264,1080p,1080,43,ladder,431.215,8-bit src,50.0,22.999,47.437,30.607,30.761,34.863
OldTownCross_1920x1080p50__1920x1080__hevc__crf18,OldTownCross_1920x1080p50,hevc,1080p,1080,18,ladder,32984.923,8-bit src,50.0,94.39,96.787,95.336,95.336,94.35
OldTownCross_1920x1080p50__1920x1080__hevc__crf23,OldTownCross_1920x1080p50,hevc,1080p,1080,23,ladder,6339.252,8-bit src,50.0,91.8,95.063,92.843,92.845,92.135
OldTownCross_1920x1080p50__1920x1080__hevc__crf28,OldTownCross_1920x1080p50,hevc,1080p,1080,28,ladder,1802.56,8-bit src,50.0,87.118,91.958,87.959,87.971,87.778
OldTownCross_1920x1080p50__1920x1080__hevc__crf33,OldTownCross_1920x1080p50,hevc,1080p,1080,33,ladder,785.732,8-bit src,50.0,76.409,84.859,78.555,78.576,79.324
OldTownCross_1920x1080p50__1920x1080__hevc__crf38,OldTownCross_1920x1080p50,hevc,1080p,1080,38,ladder,410.621,8-bit src,50.0,57.999,72.592,63.105,63.146,65.244
OldTownCross_1920x1080p50__1920x1080__hevc__crf43,OldTownCross_1920x1080p50,hevc,1080p,1080,43,ladder,215.904,8-bit src,50.0,30.97,53.451,37.502,37.585,41.395
OldTownCross_1920x1080p50__1920x1080__vp9__crf20,OldTownCross_1920x1080p50,vp9,1080p,1080,20,ladder,103337.027,8-bit src,50.0,97.269,98.745,97.695,97.695,96.532
OldTownCross_1920x1080p50__1920x1080__vp9__crf30,OldTownCross_1920x1080p50,vp9,1080p,1080,30,ladder,22189.307,8-bit src,50.0,93.672,96.444,94.236,94.241,93.394
OldTownCross_1920x1080p50__1920x1080__vp9__crf40,OldTownCross_1920x1080p50,vp9,1080p,1080,40,ladder,3649.953,8-bit src,50.0,88.867,93.246,89.422,89.44,89.085
OldTownCross_1920x1080p50__1920x1080__vp9__crf50,OldTownCross_1920x1080p50,vp9,1080p,1080,50,ladder,1195.23,8-bit src,50.0,78.95,86.6,79.449,79.487,80.127
OldTownCross_1920x1080p50__1920x1080__vp9__crf60,OldTownCross_1920x1080p50,vp9,1080p,1080,60,ladder,530.72,8-bit src,50.0,62.215,75.434,62.437,62.5,64.62
OldTownCross_1920x1080p50__640x360__av1__crf20,OldTownCross_1920x1080p50,av1,360p,360,20,ladder,1116.796,8-bit src,50.0,63.916,74.373,66.165,66.148,68.051
OldTownCross_1920x1080p50__640x360__av1__crf30,OldTownCross_1920x1080p50,av1,360p,360,30,ladder,617.169,8-bit src,50.0,61.226,72.664,63.12,63.089,65.258
OldTownCross_1920x1080p50__640x360__av1__crf40,OldTownCross_1920x1080p50,av1,360p,360,40,ladder,378.449,8-bit src,50.0,57.714,70.434,59.614,59.584,62.03
OldTownCross_1920x1080p50__640x360__av1__crf50,OldTownCross_1920x1080p50,av1,360p,360,50,ladder,259.63,8-bit src,50.0,53.509,67.696,56.494,56.452,59.148
OldTownCross_1920x1080p50__640x360__av1__crf60,OldTownCross_1920x1080p50,av1,360p,360,60,ladder,132.883,8-bit src,50.0,41.373,59.701,45.165,45.101,48.6
OldTownCross_1920x1080p50__640x360__h264__crf18,OldTownCross_1920x1080p50,h264,360p,360,18,ladder,1820.492,8-bit src,50.0,60.974,72.375,63.243,63.229,65.37
OldTownCross_1920x1080p50__640x360__h264__crf23,OldTownCross_1920x1080p50,h264,360p,360,23,ladder,768.963,8-bit src,50.0,53.437,67.587,54.994,54.95,57.757
OldTownCross_1920x1080p50__640x360__h264__crf28,OldTownCross_1920x1080p50,h264,360p,360,28,ladder,354.286,8-bit src,50.0,40.342,59.002,41.874,41.804,45.514
OldTownCross_1920x1080p50__640x360__h264__crf33,OldTownCross_1920x1080p50,h264,360p,360,33,ladder,179.396,8-bit src,50.0,22.451,46.285,22.526,22.42,27.148
OldTownCross_1920x1080p50__640x360__h264__crf38,OldTownCross_1920x1080p50,h264,360p,360,38,ladder,102.329,8-bit src,50.0,5.968,32.65,0.353,0.306,4.89
OldTownCross_1920x1080p50__640x360__h264__crf43,OldTownCross_1920x1080p50,h264,360p,360,43,ladder,55.353,8-bit src,50.0,0.0,20.847,0.0,0.0,0.0
OldTownCross_1920x1080p50__640x360__hevc__crf18,OldTownCross_1920x1080p50,hevc,360p,360,18,ladder,1463.021,8-bit src,50.0,62.12,73.063,65.318,65.314,67.275
OldTownCross_1920x1080p50__640x360__hevc__crf23,OldTownCross_1920x1080p50,hevc,360p,360,23,ladder,680.698,8-bit src,50.0,55.401,68.68,59.015,58.995,61.478
OldTownCross_1920x1080p50__640x360__hevc__crf28,OldTownCross_1920x1080p50,hevc,360p,360,28,ladder,320.606,8-bit src,50.0,43.744,61.073,47.075,47.031,50.388
OldTownCross_1920x1080p50__640x360__hevc__crf33,OldTownCross_1920x1080p50,hevc,360p,360,33,ladder,159.2,8-bit src,50.0,26.385,49.043,28.059,28.023,32.439
OldTownCross_1920x1080p50__640x360__hevc__crf38,OldTownCross_1920x1080p50,hevc,360p,360,38,ladder,84.443,8-bit src,50.0,9.296,35.578,4.728,4.676,9.885
OldTownCross_1920x1080p50__640x360__hevc__crf43,OldTownCross_1920x1080p50,hevc,360p,360,43,ladder,50.676,8-bit src,50.0,0.005,23.134,0.0,0.0,0.0
OldTownCross_1920x1080p50__640x360__vp9__crf20,OldTownCross_1920x1080p50,vp9,360p,360,20,ladder,2978.135,8-bit src,50.0,64.739,74.944,67.683,67.682,69.44
OldTownCross_1920x1080p50__640x360__vp9__crf30,OldTownCross_1920x1080p50,vp9,360p,360,30,ladder,1280.36,8-bit src,50.0,59.929,71.857,63.483,63.465,65.59
OldTownCross_1920x1080p50__640x360__vp9__crf40,OldTownCross_1920x1080p50,vp9,360p,360,40,ladder,497.741,8-bit src,50.0,48.444,64.345,52.292,52.263,55.247
OldTownCross_1920x1080p50__640x360__vp9__crf50,OldTownCross_1920x1080p50,vp9,360p,360,50,ladder,221.787,8-bit src,50.0,31.971,53.067,32.008,31.958,36.18
OldTownCross_1920x1080p50__640x360__vp9__crf60,OldTownCross_1920x1080p50,vp9,360p,360,60,ladder,102.252,8-bit src,50.0,14.198,39.723,5.935,5.879,10.764
OldTownCross_1920x1080p50__960x540__av1__crf20,OldTownCross_1920x1080p50,av1,540p,540,20,ladder,2363.412,8-bit src,50.0,82.161,87.657,82.967,82.947,83.301
OldTownCross_1920x1080p50__960x540__av1__crf30,OldTownCross_1920x1080p50,av1,540p,540,30,ladder,1199.116,8-bit src,50.0,80.326,86.482,80.554,80.536,81.128
OldTownCross_1920x1080p50__960x540__av1__crf40,OldTownCross_1920x1080p50,av1,540p,540,40,ladder,723.461,8-bit src,50.0,77.417,84.565,78.301,78.28,79.093
OldTownCross_1920x1080p50__960x540__av1__crf50,OldTownCross_1920x1080p50,av1,540p,540,50,ladder,489.643,8-bit src,50.0,74.131,82.439,75.224,75.21,76.307
OldTownCross_1920x1080p50__960x540__av1__crf60,OldTownCross_1920x1080p50,av1,540p,540,60,ladder,254.775,8-bit src,50.0,63.582,75.538,65.688,65.674,67.613
OldTownCross_1920x1080p50__960x540__h264__crf18,OldTownCross_1920x1080p50,h264,540p,540,18,ladder,3728.049,8-bit src,50.0,79.262,85.554,81.087,81.082,81.608
OldTownCross_1920x1080p50__960x540__h264__crf23,OldTownCross_1920x1080p50,h264,540p,540,23,ladder,1445.209,8-bit src,50.0,73.537,81.857,75.158,75.162,76.247
OldTownCross_1920x1080p50__960x540__h264__crf28,OldTownCross_1920x1080p50,h264,540p,540,28,ladder,664.855,8-bit src,50.0,61.891,74.245,64.53,64.517,66.552
OldTownCross_1920x1080p50__960x540__h264__crf33,OldTownCross_1920x1080p50,h264,540p,540,33,ladder,351.63,8-bit src,50.0,43.195,61.717,47.44,47.425,50.729
OldTownCross_1920x1080p50__960x540__h264__crf38,OldTownCross_1920x1080p50,h264,540p,540,38,ladder,204.052,8-bit src,50.0,21.052,45.564,24.587,24.545,29.122
OldTownCross_1920x1080p50__960x540__h264__crf43,OldTownCross_1920x1080p50,h264,540p,540,43,ladder,115.713,8-bit src,50.0,3.193,29.843,0.04,0.036,2.717
OldTownCross_1920x1080p50__960x540__hevc__crf18,OldTownCross_1920x1080p50,hevc,540p,540,18,ladder,3119.449,8-bit src,50.0,79.943,85.981,82.026,82.021,82.454
OldTownCross_1920x1080p50__960x540__hevc__crf23,OldTownCross_1920x1080p50,hevc,540p,540,23,ladder,1334.187,8-bit src,50.0,75.028,82.741,77.401,77.403,78.28
OldTownCross_1920x1080p50__960x540__hevc__crf28,OldTownCross_1920x1080p50,hevc,540p,540,28,ladder,615.064,8-bit src,50.0,65.245,76.373,68.624,68.625,70.3
OldTownCross_1920x1080p50__960x540__hevc__crf33,OldTownCross_1920x1080p50,hevc,540p,540,33,ladder,297.16,8-bit src,50.0,48.684,65.404,54.11,54.103,56.939
OldTownCross_1920x1080p50__960x540__hevc__crf38,OldTownCross_1920x1080p50,hevc,540p,540,38,ladder,149.569,8-bit src,50.0,26.947,50.028,30.019,30.013,34.305
OldTownCross_1920x1080p50__960x540__hevc__crf43,OldTownCross_1920x1080p50,hevc,540p,540,43,ladder,76.043,8-bit src,50.0,5.995,32.588,0.506,0.489,3.806
OldTownCross_1920x1080p50__960x540__vp9__crf20,OldTownCross_1920x1080p50,vp9,540p,540,20,ladder,7034.393,8-bit src,50.0,81.834,87.353,83.244,83.232,83.55
OldTownCross_1920x1080p50__960x540__vp9__crf30,OldTownCross_1920x1080p50,vp9,540p,540,30,ladder,2652.861,8-bit src,50.0,78.52,85.241,80.184,80.158,80.794
OldTownCross_1920x1080p50__960x540__vp9__crf40,OldTownCross_1920x1080p50,vp9,540p,540,40,ladder,969.307,8-bit src,50.0,69.667,79.463,72.285,72.261,73.635
OldTownCross_1920x1080p50__960x540__vp9__crf50,OldTownCross_1920x1080p50,vp9,540p,540,50,ladder,424.996,8-bit src,50.0,53.74,68.877,55.372,55.348,58.098
OldTownCross_1920x1080p50__960x540__vp9__crf60,OldTownCross_1920x1080p50,vp9,540p,540,60,ladder,187.603,8-bit src,50.0,33.052,54.621,29.31,29.281,33.611
PedestrianArea_1920x1080p25__1280x720__av1__crf20,PedestrianArea_1920x1080p25,av1,720p,720,20,ladder,3690.244,8-bit src,25.0,96.646,97.384,95.09,94.995,94.131
PedestrianArea_1920x1080p25__1280x720__av1__crf30,PedestrianArea_1920x1080p25,av1,720p,720,30,ladder,2097.006,8-bit src,25.0,93.129,95.024,90.622,90.528,90.156
PedestrianArea_1920x1080p25__1280x720__av1__crf40,PedestrianArea_1920x1080p25,av1,720p,720,40,ladder,1077.867,8-bit src,25.0,85.206,89.775,81.632,81.558,82.096
PedestrianArea_1920x1080p25__1280x720__av1__crf50,PedestrianArea_1920x1080p25,av1,720p,720,50,ladder,571.46,8-bit src,25.0,74.234,82.435,70.269,70.205,71.794
PedestrianArea_1920x1080p25__1280x720__av1__crf60,PedestrianArea_1920x1080p25,av1,720p,720,60,ladder,260.958,8-bit src,25.0,56.336,70.376,49.868,49.798,52.978
PedestrianArea_1920x1080p25__1280x720__h264__crf18,PedestrianArea_1920x1080p25,h264,720p,720,18,ladder,4881.366,8-bit src,25.0,96.533,97.284,95.675,95.617,94.65
PedestrianArea_1920x1080p25__1280x720__h264__crf23,PedestrianArea_1920x1080p25,h264,720p,720,23,ladder,2483.889,8-bit src,25.0,90.576,93.362,89.955,89.886,89.562
PedestrianArea_1920x1080p25__1280x720__h264__crf28,PedestrianArea_1920x1080p25,h264,720p,720,28,ladder,1384.76,8-bit src,25.0,79.768,86.36,80.767,80.691,81.32
PedestrianArea_1920x1080p25__1280x720__h264__crf33,PedestrianArea_1920x1080p25,h264,720p,720,33,ladder,797.658,8-bit src,25.0,63.787,75.927,67.035,66.957,68.847
PedestrianArea_1920x1080p25__1280x720__h264__crf38,PedestrianArea_1920x1080p25,h264,720p,720,38,ladder,473.516,8-bit src,25.0,44.204,62.925,48.549,48.445,51.763
PedestrianArea_1920x1080p25__1280x720__h264__crf43,PedestrianArea_1920x1080p25,h264,720p,720,43,ladder,285.256,8-bit src,25.0,24.499,49.028,24.827,24.69,29.35
PedestrianArea_1920x1080p25__1280x720__hevc__crf18,PedestrianArea_1920x1080p25,hevc,720p,720,18,ladder,4090.481,8-bit src,25.0,95.947,96.802,94.866,94.79,93.94
PedestrianArea_1920x1080p25__1280x720__hevc__crf23,PedestrianArea_1920x1080p25,hevc,720p,720,23,ladder,2121.003,8-bit src,25.0,90.392,93.13,89.146,89.086,88.838
PedestrianArea_1920x1080p25__1280x720__hevc__crf28,PedestrianArea_1920x1080p25,hevc,720p,720,28,ladder,1166.443,8-bit src,25.0,80.886,86.931,80.246,80.188,80.849
PedestrianArea_1920x1080p25__1280x720__hevc__crf33,PedestrianArea_1920x1080p25,hevc,720p,720,33,ladder,651.729,8-bit src,25.0,66.38,77.427,67.036,66.987,68.847
PedestrianArea_1920x1080p25__1280x720__hevc__crf38,PedestrianArea_1920x1080p25,hevc,720p,720,38,ladder,359.5,8-bit src,25.0,48.472,65.49,48.521,48.448,51.735
PedestrianArea_1920x1080p25__1280x720__hevc__crf43,PedestrianArea_1920x1080p25,hevc,720p,720,43,ladder,193.69,8-bit src,25.0,28.794,51.687,24.579,24.471,29.11
PedestrianArea_1920x1080p25__1280x720__vp9__crf20,PedestrianArea_1920x1080p25,vp9,720p,720,20,ladder,5379.352,8-bit src,25.0,97.327,97.934,96.383,96.294,95.353
PedestrianArea_1920x1080p25__1280x720__vp9__crf30,PedestrianArea_1920x1080p25,vp9,720p,720,30,ladder,2735.815,8-bit src,25.0,93.102,95.117,91.669,91.572,91.099
PedestrianArea_1920x1080p25__1280x720__vp9__crf40,PedestrianArea_1920x1080p25,vp9,720p,720,40,ladder,1345.026,8-bit src,25.0,82.743,88.422,81.708,81.613,82.163
PedestrianArea_1920x1080p25__1280x720__vp9__crf50,PedestrianArea_1920x1080p25,vp9,720p,720,50,ladder,678.775,8-bit src,25.0,66.076,77.677,64.808,64.719,66.796
PedestrianArea_1920x1080p25__1280x720__vp9__crf60,PedestrianArea_1920x1080p25,vp9,720p,720,60,ladder,334.949,8-bit src,25.0,44.471,63.281,39.153,39.046,42.933
PedestrianArea_1920x1080p25__1920x1080__av1__crf20,PedestrianArea_1920x1080p25,av1,1080p,1080,20,ladder,6508.98,8-bit src,25.0,99.476,99.582,98.576,99.048,97.329
PedestrianArea_1920x1080p25__1920x1080__av1__crf30,PedestrianArea_1920x1080p25,av1,1080p,1080,30,ladder,3311.95,8-bit src,25.0,98.176,98.589,94.98,95.733,94.033
PedestrianArea_1920x1080p25__1920x1080__av1__crf40,PedestrianArea_1920x1080p25,av1,1080p,1080,40,ladder,1694.543,8-bit src,25.0,92.979,95.039,88.46,89.272,88.225
PedestrianArea_1920x1080p25__1920x1080__av1__crf50,PedestrianArea_1920x1080p25,av1,1080p,1080,50,ladder,896.895,8-bit src,25.0,84.467,89.362,79.296,80.148,79.988
PedestrianArea_1920x1080p25__1920x1080__av1__crf60,PedestrianArea_1920x1080p25,av1,1080p,1080,60,ladder,412.747,8-bit src,25.0,68.12,78.42,60.885,61.82,63.189
PedestrianArea_1920x1080p25__1920x1080__h264__crf18,PedestrianArea_1920x1080p25,h264,1080p,1080,18,ladder,13082.736,8-bit src,25.0,99.59,99.669,99.432,99.459,98.461
PedestrianArea_1920x1080p25__1920x1080__h264__crf23,PedestrianArea_1920x1080p25,h264,1080p,1080,23,ladder,4865.135,8-bit src,25.0,96.907,97.693,95.2,95.836,94.229
PedestrianArea_1920x1080p25__1920x1080__h264__crf28,PedestrianArea_1920x1080p25,h264,1080p,1080,28,ladder,2588.943,8-bit src,25.0,89.003,92.494,88.09,88.861,87.895
PedestrianArea_1920x1080p25__1920x1080__h264__crf33,PedestrianArea_1920x1080p25,h264,1080p,1080,33,ladder,1496.787,8-bit src,25.0,75.714,83.868,76.62,77.479,77.573
PedestrianArea_1920x1080p25__1920x1080__h264__crf38,PedestrianArea_1920x1080p25,h264,1080p,1080,38,ladder,895.84,8-bit src,25.0,57.283,71.857,60.773,61.768,63.098
PedestrianArea_1920x1080p25__1920x1080__h264__crf43,PedestrianArea_1920x1080p25,h264,1080p,1080,43,ladder,553.638,8-bit src,25.0,36.391,58.035,38.794,39.789,42.613
PedestrianArea_1920x1080p25__1920x1080__hevc__crf18,PedestrianArea_1920x1080p25,hevc,1080p,1080,18,ladder,9442.124,8-bit src,25.0,99.361,99.462,98.791,98.987,97.581
PedestrianArea_1920x1080p25__1920x1080__hevc__crf23,PedestrianArea_1920x1080p25,hevc,1080p,1080,23,ladder,3790.77,8-bit src,25.0,96.649,97.451,94.341,94.864,93.467
PedestrianArea_1920x1080p25__1920x1080__hevc__crf28,PedestrianArea_1920x1080p25,hevc,1080p,1080,28,ladder,1982.847,8-bit src,25.0,89.767,92.938,87.528,88.086,87.392
PedestrianArea_1920x1080p25__1920x1080__hevc__crf33,PedestrianArea_1920x1080p25,hevc,1080p,1080,33,ladder,1105.146,8-bit src,25.0,78.17,85.417,76.898,77.579,77.823
PedestrianArea_1920x1080p25__1920x1080__hevc__crf38,PedestrianArea_1920x1080p25,hevc,1080p,1080,38,ladder,616.264,8-bit src,25.0,61.774,74.717,60.394,61.141,62.747
PedestrianArea_1920x1080p25__1920x1080__hevc__crf43,PedestrianArea_1920x1080p25,hevc,1080p,1080,43,ladder,340.093,8-bit src,25.0,41.897,61.35,39.198,40.1,42.992
PedestrianArea_1920x1080p25__1920x1080__vp9__crf20,PedestrianArea_1920x1080p25,vp9,1080p,1080,20,ladder,13648.169,8-bit src,25.0,99.647,99.743,99.143,99.329,98.082
PedestrianArea_1920x1080p25__1920x1080__vp9__crf30,PedestrianArea_1920x1080p25,vp9,1080p,1080,30,ladder,5077.576,8-bit src,25.0,98.075,98.614,96.024,96.558,94.993
PedestrianArea_1920x1080p25__1920x1080__vp9__crf40,PedestrianArea_1920x1080p25,vp9,1080p,1080,40,ladder,2197.232,8-bit src,25.0,91.538,94.307,88.689,89.413,88.428
PedestrianArea_1920x1080p25__1920x1080__vp9__crf50,PedestrianArea_1920x1080p25,vp9,1080p,1080,50,ladder,1075.163,8-bit src,25.0,78.628,86.019,75.005,75.839,76.102
PedestrianArea_1920x1080p25__1920x1080__vp9__crf60,PedestrianArea_1920x1080p25,vp9,1080p,1080,60,ladder,535.076,8-bit src,25.0,58.444,72.893,52.78,53.62,55.688
PedestrianArea_1920x1080p25__640x360__av1__crf20,PedestrianArea_1920x1080p25,av1,360p,360,20,ladder,1521.269,8-bit src,25.0,79.307,85.203,78.632,78.129,79.39
PedestrianArea_1920x1080p25__640x360__av1__crf30,PedestrianArea_1920x1080p25,av1,360p,360,30,ladder,908.109,8-bit src,25.0,73.119,81.202,70.793,70.248,72.276
PedestrianArea_1920x1080p25__640x360__av1__crf40,PedestrianArea_1920x1080p25,av1,360p,360,40,ladder,475.676,8-bit src,25.0,61.536,73.568,57.28,56.717,59.867
PedestrianArea_1920x1080p25__640x360__av1__crf50,PedestrianArea_1920x1080p25,av1,360p,360,50,ladder,255.587,8-bit src,25.0,48.458,64.731,41.665,41.047,45.304
PedestrianArea_1920x1080p25__640x360__av1__crf60,PedestrianArea_1920x1080p25,av1,360p,360,60,ladder,113.652,8-bit src,25.0,30.336,52.013,19.837,19.202,24.55
PedestrianArea_1920x1080p25__640x360__h264__crf18,PedestrianArea_1920x1080p25,h264,360p,360,18,ladder,1626.472,8-bit src,25.0,77.398,83.946,77.303,76.953,78.189
PedestrianArea_1920x1080p25__640x360__h264__crf23,PedestrianArea_1920x1080p25,h264,360p,360,23,ladder,898.16,8-bit src,25.0,67.238,77.486,67.341,66.858,69.126
PedestrianArea_1920x1080p25__640x360__h264__crf28,PedestrianArea_1920x1080p25,h264,360p,360,28,ladder,504.184,8-bit src,25.0,52.264,67.725,52.75,52.11,55.674
PedestrianArea_1920x1080p25__640x360__h264__crf33,PedestrianArea_1920x1080p25,h264,360p,360,33,ladder,284.723,8-bit src,25.0,35.172,56.196,34.718,34.004,38.762
PedestrianArea_1920x1080p25__640x360__h264__crf38,PedestrianArea_1920x1080p25,h264,360p,360,38,ladder,162.167,8-bit src,25.0,19.001,44.331,14.388,13.614,19.313
PedestrianArea_1920x1080p25__640x360__h264__crf43,PedestrianArea_1920x1080p25,h264,360p,360,43,ladder,94.321,8-bit src,25.0,7.203,34.254,0.038,0.025,0.7
PedestrianArea_1920x1080p25__640x360__hevc__crf18,PedestrianArea_1920x1080p25,hevc,360p,360,18,ladder,1576.861,8-bit src,25.0,76.253,83.049,76.707,76.355,77.65
PedestrianArea_1920x1080p25__640x360__hevc__crf23,PedestrianArea_1920x1080p25,hevc,360p,360,23,ladder,880.598,8-bit src,25.0,66.734,76.871,67.318,66.948,69.104
PedestrianArea_1920x1080p25__640x360__hevc__crf28,PedestrianArea_1920x1080p25,hevc,360p,360,28,ladder,488.649,8-bit src,25.0,53.266,67.998,53.925,53.48,56.765
PedestrianArea_1920x1080p25__640x360__hevc__crf33,PedestrianArea_1920x1080p25,hevc,360p,360,33,ladder,270.304,8-bit src,25.0,37.349,57.204,36.347,35.876,40.301
PedestrianArea_1920x1080p25__640x360__hevc__crf38,PedestrianArea_1920x1080p25,hevc,360p,360,38,ladder,147.684,8-bit src,25.0,19.912,44.445,13.956,13.487,18.892
PedestrianArea_1920x1080p25__640x360__hevc__crf43,PedestrianArea_1920x1080p25,hevc,360p,360,43,ladder,79.253,8-bit src,25.0,7.131,34.027,0.233,0.18,0.834
PedestrianArea_1920x1080p25__640x360__vp9__crf20,PedestrianArea_1920x1080p25,vp9,360p,360,20,ladder,2026.766,8-bit src,25.0,80.003,85.7,80.517,80.234,81.09
PedestrianArea_1920x1080p25__640x360__vp9__crf30,PedestrianArea_1920x1080p25,vp9,360p,360,30,ladder,1170.969,8-bit src,25.0,72.102,80.723,72.678,72.264,73.988
PedestrianArea_1920x1080p25__640x360__vp9__crf40,PedestrianArea_1920x1080p25,vp9,360p,360,40,ladder,600.856,8-bit src,25.0,57.039,71.01,57.499,57.012,60.064
PedestrianArea_1920x1080p25__640x360__vp9__crf50,PedestrianArea_1920x1080p25,vp9,360p,360,50,ladder,306.927,8-bit src,25.0,38.066,58.25,34.001,33.501,38.066
PedestrianArea_1920x1080p25__640x360__vp9__crf60,PedestrianArea_1920x1080p25,vp9,360p,360,60,ladder,151.826,8-bit src,25.0,20.695,45.673,7.418,6.809,12.477
PedestrianArea_1920x1080p25__960x540__av1__crf20,PedestrianArea_1920x1080p25,av1,540p,540,20,ladder,2478.155,8-bit src,25.0,91.648,93.791,89.647,89.316,89.286
PedestrianArea_1920x1080p25__960x540__av1__crf30,PedestrianArea_1920x1080p25,av1,540p,540,30,ladder,1477.376,8-bit src,25.0,87.225,90.914,83.727,83.385,83.983
PedestrianArea_1920x1080p25__960x540__av1__crf40,PedestrianArea_1920x1080p25,av1,540p,540,40,ladder,780.218,8-bit src,25.0,77.828,84.729,72.596,72.26,73.916
PedestrianArea_1920x1080p25__960x540__av1__crf50,PedestrianArea_1920x1080p25,av1,540p,540,50,ladder,418.0,8-bit src,25.0,65.407,76.408,58.698,58.356,61.175
PedestrianArea_1920x1080p25__960x540__av1__crf60,PedestrianArea_1920x1080p25,av1,540p,540,60,ladder,191.295,8-bit src,25.0,47.071,63.995,37.374,36.946,41.259
PedestrianArea_1920x1080p25__960x540__h264__crf18,PedestrianArea_1920x1080p25,h264,540p,540,18,ladder,3020.096,8-bit src,25.0,90.74,93.158,89.498,89.326,89.152
PedestrianArea_1920x1080p25__960x540__h264__crf23,PedestrianArea_1920x1080p25,h264,540p,540,23,ladder,1618.666,8-bit src,25.0,82.806,88.051,81.514,81.265,81.992
PedestrianArea_1920x1080p25__960x540__h264__crf28,PedestrianArea_1920x1080p25,h264,540p,540,28,ladder,906.623,8-bit src,25.0,69.711,79.582,69.114,68.793,70.747
PedestrianArea_1920x1080p25__960x540__h264__crf33,PedestrianArea_1920x1080p25,h264,540p,540,33,ladder,518.495,8-bit src,25.0,52.211,68.082,52.774,52.385,55.699
PedestrianArea_1920x1080p25__960x540__h264__crf38,PedestrianArea_1920x1080p25,h264,540p,540,38,ladder,302.801,8-bit src,25.0,33.751,55.544,32.788,32.295,36.935
PedestrianArea_1920x1080p25__960x540__h264__crf43,PedestrianArea_1920x1080p25,h264,540p,540,43,ladder,180.347,8-bit src,25.0,17.256,43.295,9.962,9.46,15.026
PedestrianArea_1920x1080p25__960x540__hevc__crf18,PedestrianArea_1920x1080p25,hevc,540p,540,18,ladder,2720.258,8-bit src,25.0,89.954,92.546,88.93,88.72,88.645
PedestrianArea_1920x1080p25__960x540__hevc__crf23,PedestrianArea_1920x1080p25,hevc,540p,540,23,ladder,1475.166,8-bit src,25.0,82.781,87.879,81.726,81.525,82.183
PedestrianArea_1920x1080p25__960x540__hevc__crf28,PedestrianArea_1920x1080p25,hevc,540p,540,28,ladder,815.746,8-bit src,25.0,71.328,80.426,70.959,70.774,72.429
PedestrianArea_1920x1080p25__960x540__hevc__crf33,PedestrianArea_1920x1080p25,hevc,540p,540,33,ladder,453.36,8-bit src,25.0,55.687,70.132,55.58,55.306,58.299
PedestrianArea_1920x1080p25__960x540__hevc__crf38,PedestrianArea_1920x1080p25,hevc,540p,540,38,ladder,248.527,8-bit src,25.0,37.285,57.58,34.828,34.557,38.864
PedestrianArea_1920x1080p25__960x540__hevc__crf43,PedestrianArea_1920x1080p25,hevc,540p,540,43,ladder,132.801,8-bit src,25.0,18.574,43.745,9.692,9.323,14.758
PedestrianArea_1920x1080p25__960x540__vp9__crf20,PedestrianArea_1920x1080p25,vp9,540p,540,20,ladder,3496.484,8-bit src,25.0,92.394,94.324,91.541,91.309,90.982
PedestrianArea_1920x1080p25__960x540__vp9__crf30,PedestrianArea_1920x1080p25,vp9,540p,540,30,ladder,1914.613,8-bit src,25.0,86.546,90.596,85.502,85.236,85.573
PedestrianArea_1920x1080p25__960x540__vp9__crf40,PedestrianArea_1920x1080p25,vp9,540p,540,40,ladder,964.107,8-bit src,25.0,73.992,82.559,72.687,72.348,73.995
PedestrianArea_1920x1080p25__960x540__vp9__crf50,PedestrianArea_1920x1080p25,vp9,540p,540,50,ladder,489.783,8-bit src,25.0,55.603,70.552,52.29,51.935,55.232
PedestrianArea_1920x1080p25__960x540__vp9__crf60,PedestrianArea_1920x1080p25,vp9,540p,540,60,ladder,240.709,8-bit src,25.0,35.054,56.676,24.839,24.457,29.342
RitualDance_1920x1080_5994_10bit_420__1280x720__av1__crf20,RitualDance_1920x1080_5994_10bit_420,av1,720p,720,20,ladder,10336.97,10-bit src,59.94006309148265,96.326,97.369,95.898,95.898,94.858
RitualDance_1920x1080_5994_10bit_420__1280x720__av1__crf30,RitualDance_1920x1080_5994_10bit_420,av1,720p,720,30,ladder,5807.811,10-bit src,59.94006309148265,92.224,94.537,90.959,90.959,90.455
RitualDance_1920x1080_5994_10bit_420__1280x720__av1__crf40,RitualDance_1920x1080_5994_10bit_420,av1,720p,720,40,ladder,2947.78,10-bit src,59.94006309148265,83.416,88.557,82.469,82.469,82.849
RitualDance_1920x1080_5994_10bit_420__1280x720__av1__crf50,RitualDance_1920x1080_5994_10bit_420,av1,720p,720,50,ladder,1525.798,10-bit src,59.94006309148265,70.462,79.671,70.412,70.412,71.925
RitualDance_1920x1080_5994_10bit_420__1280x720__av1__crf60,RitualDance_1920x1080_5994_10bit_420,av1,720p,720,60,ladder,661.307,10-bit src,59.94006309148265,48.863,64.502,48.727,48.727,51.917
RitualDance_1920x1080_5994_10bit_420__1280x720__h264__crf18,RitualDance_1920x1080_5994_10bit_420,h264,720p,720,18,ladder,8083.548,10-bit src,59.94006309148265,92.171,94.337,92.501,92.501,91.831
RitualDance_1920x1080_5994_10bit_420__1280x720__h264__crf23,RitualDance_1920x1080_5994_10bit_420,h264,720p,720,23,ladder,4626.323,10-bit src,59.94006309148265,83.435,88.39,84.81,84.81,84.956
RitualDance_1920x1080_5994_10bit_420__1280x720__h264__crf28,RitualDance_1920x1080_5994_10bit_420,h264,720p,720,28,ladder,2654.262,10-bit src,59.94006309148265,69.256,78.807,73.172,73.172,74.444
RitualDance_1920x1080_5994_10bit_420__1280x720__h264__crf33,RitualDance_1920x1080_5994_10bit_420,h264,720p,720,33,ladder,1526.447,10-bit src,59.94006309148265,50.125,65.668,56.638,56.638,59.28
RitualDance_1920x1080_5994_10bit_420__1280x720__h264__crf38,RitualDance_1920x1080_5994_10bit_420,h264,720p,720,38,ladder,863.435,10-bit src,59.94006309148265,28.449,49.896,34.533,34.533,38.587
RitualDance_1920x1080_5994_10bit_420__1280x720__h264__crf43,RitualDance_1920x1080_5994_10bit_420,h264,720p,720,43,ladder,494.078,10-bit src,59.94006309148265,10.766,35.724,11.127,11.127,16.149
RitualDance_1920x1080_5994_10bit_420__1280x720__hevc__crf18,RitualDance_1920x1080_5994_10bit_420,hevc,720p,720,18,ladder,7079.306,10-bit src,59.94006309148265,91.984,94.187,92.296,92.296,91.648
RitualDance_1920x1080_5994_10bit_420__1280x720__hevc__crf23,RitualDance_1920x1080_5994_10bit_420,hevc,720p,720,23,ladder,3979.905,10-bit src,59.94006309148265,84.29,88.942,85.432,85.432,85.513
RitualDance_1920x1080_5994_10bit_420__1280x720__hevc__crf28,RitualDance_1920x1080_5994_10bit_420,hevc,720p,720,28,ladder,2192.781,10-bit src,59.94006309148265,72.25,80.837,74.684,74.684,75.816
RitualDance_1920x1080_5994_10bit_420__1280x720__hevc__crf33,RitualDance_1920x1080_5994_10bit_420,hevc,720p,720,33,ladder,1180.193,10-bit src,59.94006309148265,55.743,69.605,59.592,59.592,62.005
RitualDance_1920x1080_5994_10bit_420__1280x720__hevc__crf38,RitualDance_1920x1080_5994_10bit_420,hevc,720p,720,38,ladder,614.019,10-bit src,59.94006309148265,36.271,55.738,37.12,37.12,41.026
RitualDance_1920x1080_5994_10bit_420__1280x720__hevc__crf43,RitualDance_1920x1080_5994_10bit_420,hevc,720p,720,43,ladder,340.437,10-bit src,59.94006309148265,18.04,41.724,14.027,14.027,18.959
RitualDance_1920x1080_5994_10bit_420__1280x720__vp9__crf20,RitualDance_1920x1080_5994_10bit_420,vp9,720p,720,20,ladder,12882.699,10-bit src,59.94006309148265,97.179,97.97,96.934,96.934,95.813
RitualDance_1920x1080_5994_10bit_420__1280x720__vp9__crf30,RitualDance_1920x1080_5994_10bit_420,vp9,720p,720,30,ladder,7449.165,10-bit src,59.94006309148265,93.089,95.136,92.637,92.637,91.961
RitualDance_1920x1080_5994_10bit_420__1280x720__vp9__crf40,RitualDance_1920x1080_5994_10bit_420,vp9,720p,720,40,ladder,3785.287,10-bit src,59.94006309148265,83.652,88.828,84.163,84.163,84.37
RitualDance_1920x1080_5994_10bit_420__1280x720__vp9__crf50,RitualDance_1920x1080_5994_10bit_420,vp9,720p,720,50,ladder,1867.872,10-bit src,59.94006309148265,67.42,77.989,69.353,69.353,70.954
RitualDance_1920x1080_5994_10bit_420__1280x720__vp9__crf60,RitualDance_1920x1080_5994_10bit_420,vp9,720p,720,60,ladder,882.946,10-bit src,59.94006309148265,46.121,63.329,46.743,46.743,50.056
RitualDance_1920x1080_5994_10bit_420__1920x1080__av1__crf20,RitualDance_1920x1080_5994_10bit_420,av1,1080p,1080,20,ladder,16490.932,10-bit src,59.94006309148265,99.491,99.791,99.353,99.353,98.235
RitualDance_1920x1080_5994_10bit_420__1920x1080__av1__crf30,RitualDance_1920x1080_5994_10bit_420,av1,1080p,1080,30,ladder,9287.0,10-bit src,59.94006309148265,97.563,98.419,96.148,96.148,95.089
RitualDance_1920x1080_5994_10bit_420__1920x1080__av1__crf40,RitualDance_1920x1080_5994_10bit_420,av1,1080p,1080,40,ladder,4785.065,10-bit src,59.94006309148265,91.567,94.223,89.632,89.632,89.271
RitualDance_1920x1080_5994_10bit_420__1920x1080__av1__crf50,RitualDance_1920x1080_5994_10bit_420,av1,1080p,1080,50,ladder,2477.908,10-bit src,59.94006309148265,81.458,87.272,80.269,80.269,80.866
RitualDance_1920x1080_5994_10bit_420__1920x1080__av1__crf60,RitualDance_1920x1080_5994_10bit_420,av1,1080p,1080,60,ladder,1093.218,10-bit src,59.94006309148265,62.397,74.095,61.795,61.795,64.03
RitualDance_1920x1080_5994_10bit_420__1920x1080__h264__crf18,RitualDance_1920x1080_5994_10bit_420,h264,1080p,1080,18,ladder,14790.952,10-bit src,59.94006309148265,97.64,98.366,97.633,97.633,96.405
RitualDance_1920x1080_5994_10bit_420__1920x1080__h264__crf23,RitualDance_1920x1080_5994_10bit_420,h264,1080p,1080,23,ladder,8505.287,10-bit src,59.94006309148265,91.935,94.325,92.174,92.174,91.539
RitualDance_1920x1080_5994_10bit_420__1920x1080__h264__crf28,RitualDance_1920x1080_5994_10bit_420,h264,1080p,1080,28,ladder,4982.295,10-bit src,59.94006309148265,81.532,87.219,83.613,83.613,83.882
RitualDance_1920x1080_5994_10bit_420__1920x1080__h264__crf33,RitualDance_1920x1080_5994_10bit_420,h264,1080p,1080,33,ladder,2959.007,10-bit src,59.94006309148265,65.187,76.158,70.596,70.596,72.099
RitualDance_1920x1080_5994_10bit_420__1920x1080__h264__crf38,RitualDance_1920x1080_5994_10bit_420,h264,1080p,1080,38,ladder,1745.394,10-bit src,59.94006309148265,44.064,61.538,52.013,52.013,54.989
RitualDance_1920x1080_5994_10bit_420__1920x1080__h264__crf43,RitualDance_1920x1080_5994_10bit_420,h264,1080p,1080,43,ladder,1022.823,10-bit src,59.94006309148265,24.113,46.867,29.109,29.109,33.43
RitualDance_1920x1080_5994_10bit_420__1920x1080__hevc__crf18,RitualDance_1920x1080_5994_10bit_420,hevc,1080p,1080,18,ladder,12385.792,10-bit src,59.94006309148265,97.203,98.046,96.966,96.966,95.827
RitualDance_1920x1080_5994_10bit_420__1920x1080__hevc__crf23,RitualDance_1920x1080_5994_10bit_420,hevc,1080p,1080,23,ladder,6923.599,10-bit src,59.94006309148265,91.993,94.374,91.646,91.646,91.069
RitualDance_1920x1080_5994_10bit_420__1920x1080__hevc__crf28,RitualDance_1920x1080_5994_10bit_420,hevc,1080p,1080,28,ladder,3847.538,10-bit src,59.94006309148265,82.932,88.22,83.5,83.5,83.779
RitualDance_1920x1080_5994_10bit_420__1920x1080__hevc__crf33,RitualDance_1920x1080_5994_10bit_420,hevc,1080p,1080,33,ladder,2100.735,10-bit src,59.94006309148265,69.29,79.049,71.565,71.565,72.98
RitualDance_1920x1080_5994_10bit_420__1920x1080__hevc__crf38,RitualDance_1920x1080_5994_10bit_420,hevc,1080p,1080,38,ladder,1121.206,10-bit src,59.94006309148265,51.127,66.555,53.818,53.818,56.662
RitualDance_1920x1080_5994_10bit_420__1920x1080__hevc__crf43,RitualDance_1920x1080_5994_10bit_420,hevc,1080p,1080,43,ladder,639.505,10-bit src,59.94006309148265,31.763,52.534,31.589,31.589,35.792
RitualDance_1920x1080_5994_10bit_420__1920x1080__vp9__crf20,RitualDance_1920x1080_5994_10bit_420,vp9,1080p,1080,20,ladder,21195.26,10-bit src,59.94006309148265,99.704,99.929,99.727,99.727,98.885
RitualDance_1920x1080_5994_10bit_420__1920x1080__vp9__crf30,RitualDance_1920x1080_5994_10bit_420,vp9,1080p,1080,30,ladder,11889.759,10-bit src,59.94006309148265,98.017,98.736,97.372,97.372,96.244
RitualDance_1920x1080_5994_10bit_420__1920x1080__vp9__crf40,RitualDance_1920x1080_5994_10bit_420,vp9,1080p,1080,40,ladder,6100.142,10-bit src,59.94006309148265,91.9,94.51,91.025,91.025,90.525
RitualDance_1920x1080_5994_10bit_420__1920x1080__vp9__crf50,RitualDance_1920x1080_5994_10bit_420,vp9,1080p,1080,50,ladder,3068.569,10-bit src,59.94006309148265,79.661,86.342,79.876,79.876,80.509
RitualDance_1920x1080_5994_10bit_420__1920x1080__vp9__crf60,RitualDance_1920x1080_5994_10bit_420,vp9,1080p,1080,60,ladder,1497.759,10-bit src,59.94006309148265,60.842,73.765,61.599,61.599,63.845
RitualDance_1920x1080_5994_10bit_420__640x360__av1__crf20,RitualDance_1920x1080_5994_10bit_420,av1,360p,360,20,ladder,4117.281,10-bit src,59.94006309148265,77.014,83.223,77.878,77.878,78.71
RitualDance_1920x1080_5994_10bit_420__640x360__av1__crf30,RitualDance_1920x1080_5994_10bit_420,av1,360p,360,30,ladder,2336.099,10-bit src,59.94006309148265,70.127,78.762,70.48,70.48,71.991
RitualDance_1920x1080_5994_10bit_420__640x360__av1__crf40,RitualDance_1920x1080_5994_10bit_420,av1,360p,360,40,ladder,1206.321,10-bit src,59.94006309148265,57.751,70.428,57.274,57.274,59.863
RitualDance_1920x1080_5994_10bit_420__640x360__av1__crf50,RitualDance_1920x1080_5994_10bit_420,av1,360p,360,50,ladder,632.169,10-bit src,59.94006309148265,42.81,59.917,40.711,40.711,44.408
RitualDance_1920x1080_5994_10bit_420__640x360__av1__crf60,RitualDance_1920x1080_5994_10bit_420,av1,360p,360,60,ladder,263.262,10-bit src,59.94006309148265,22.279,44.585,16.96,16.96,21.783
RitualDance_1920x1080_5994_10bit_420__640x360__h264__crf18,RitualDance_1920x1080_5994_10bit_420,h264,360p,360,18,ladder,2935.631,10-bit src,59.94006309148265,69.17,77.828,69.859,69.859,71.424
RitualDance_1920x1080_5994_10bit_420__640x360__h264__crf23,RitualDance_1920x1080_5994_10bit_420,h264,360p,360,23,ladder,1620.448,10-bit src,59.94006309148265,55.689,68.847,57.151,57.151,59.753
RitualDance_1920x1080_5994_10bit_420__640x360__h264__crf28,RitualDance_1920x1080_5994_10bit_420,h264,360p,360,28,ladder,884.887,10-bit src,59.94006309148265,38.652,57.053,40.328,40.328,44.057
RitualDance_1920x1080_5994_10bit_420__640x360__h264__crf33,RitualDance_1920x1080_5994_10bit_420,h264,360p,360,33,ladder,476.816,10-bit src,59.94006309148265,20.495,43.47,19.391,19.391,24.136
RitualDance_1920x1080_5994_10bit_420__640x360__h264__crf38,RitualDance_1920x1080_5994_10bit_420,h264,360p,360,38,ladder,254.65,10-bit src,59.94006309148265,5.419,30.881,0.989,0.989,4.493
RitualDance_1920x1080_5994_10bit_420__640x360__h264__crf43,RitualDance_1920x1080_5994_10bit_420,h264,360p,360,43,ladder,145.036,10-bit src,59.94006309148265,0.025,20.982,0.0,0.0,0.0
RitualDance_1920x1080_5994_10bit_420__640x360__hevc__crf18,RitualDance_1920x1080_5994_10bit_420,hevc,360p,360,18,ladder,2857.408,10-bit src,59.94006309148265,68.381,77.144,71.516,71.516,72.935
RitualDance_1920x1080_5994_10bit_420__640x360__hevc__crf23,RitualDance_1920x1080_5994_10bit_420,hevc,360p,360,23,ladder,1563.891,10-bit src,59.94006309148265,56.336,69.046,60.256,60.256,62.618
RitualDance_1920x1080_5994_10bit_420__640x360__hevc__crf28,RitualDance_1920x1080_5994_10bit_420,hevc,360p,360,28,ladder,827.824,10-bit src,59.94006309148265,41.149,58.582,44.564,44.564,48.032
RitualDance_1920x1080_5994_10bit_420__640x360__hevc__crf33,RitualDance_1920x1080_5994_10bit_420,hevc,360p,360,33,ladder,426.397,10-bit src,59.94006309148265,24.236,46.214,24.145,24.145,28.692
RitualDance_1920x1080_5994_10bit_420__640x360__hevc__crf38,RitualDance_1920x1080_5994_10bit_420,hevc,360p,360,38,ladder,218.279,10-bit src,59.94006309148265,9.164,34.078,2.955,2.955,7.152
RitualDance_1920x1080_5994_10bit_420__640x360__hevc__crf43,RitualDance_1920x1080_5994_10bit_420,hevc,360p,360,43,ladder,125.598,10-bit src,59.94006309148265,0.073,22.46,0.0,0.0,0.013
RitualDance_1920x1080_5994_10bit_420__640x360__vp9__crf20,RitualDance_1920x1080_5994_10bit_420,vp9,360p,360,20,ladder,5500.245,10-bit src,59.94006309148265,78.346,84.015,79.88,79.88,80.517
RitualDance_1920x1080_5994_10bit_420__640x360__vp9__crf30,RitualDance_1920x1080_5994_10bit_420,vp9,360p,360,30,ladder,3197.775,10-bit src,59.94006309148265,70.863,79.184,73.352,73.352,74.603
RitualDance_1920x1080_5994_10bit_420__640x360__vp9__crf40,RitualDance_1920x1080_5994_10bit_420,vp9,360p,360,40,ladder,1590.875,10-bit src,59.94006309148265,56.591,69.776,59.781,59.781,62.172
RitualDance_1920x1080_5994_10bit_420__640x360__vp9__crf50,RitualDance_1920x1080_5994_10bit_420,vp9,360p,360,50,ladder,755.673,10-bit src,59.94006309148265,37.786,56.701,38.117,38.117,41.954
RitualDance_1920x1080_5994_10bit_420__640x360__vp9__crf60,RitualDance_1920x1080_5994_10bit_420,vp9,360p,360,60,ladder,348.518,10-bit src,59.94006309148265,19.086,42.51,12.287,12.287,17.245
RitualDance_1920x1080_5994_10bit_420__960x540__av1__crf20,RitualDance_1920x1080_5994_10bit_420,av1,540p,540,20,ladder,6878.218,10-bit src,59.94006309148265,90.977,93.369,90.081,90.081,89.673
RitualDance_1920x1080_5994_10bit_420__960x540__av1__crf30,RitualDance_1920x1080_5994_10bit_420,av1,540p,540,30,ladder,3961.434,10-bit src,59.94006309148265,85.936,90.037,84.267,84.267,84.468
RitualDance_1920x1080_5994_10bit_420__960x540__av1__crf40,RitualDance_1920x1080_5994_10bit_420,av1,540p,540,40,ladder,2054.336,10-bit src,59.94006309148265,75.628,83.104,73.83,73.83,75.038
RitualDance_1920x1080_5994_10bit_420__960x540__av1__crf50,RitualDance_1920x1080_5994_10bit_420,av1,540p,540,50,ladder,1079.365,10-bit src,59.94006309148265,61.231,73.175,59.274,59.274,61.707
RitualDance_1920x1080_5994_10bit_420__960x540__av1__crf60,RitualDance_1920x1080_5994_10bit_420,av1,540p,540,60,ladder,453.75,10-bit src,59.94006309148265,38.51,56.941,35.643,35.643,39.619
RitualDance_1920x1080_5994_10bit_420__960x540__h264__crf18,RitualDance_1920x1080_5994_10bit_420,h264,540p,540,18,ladder,5319.682,10-bit src,59.94006309148265,85.061,89.181,84.536,84.536,84.71
RitualDance_1920x1080_5994_10bit_420__960x540__h264__crf23,RitualDance_1920x1080_5994_10bit_420,h264,540p,540,23,ladder,3001.25,10-bit src,59.94006309148265,74.125,81.864,74.407,74.407,75.566
RitualDance_1920x1080_5994_10bit_420__960x540__h264__crf28,RitualDance_1920x1080_5994_10bit_420,h264,540p,540,28,ladder,1684.916,10-bit src,59.94006309148265,57.754,70.775,60.077,60.077,62.456
RitualDance_1920x1080_5994_10bit_420__960x540__h264__crf33,RitualDance_1920x1080_5994_10bit_420,h264,540p,540,33,ladder,937.501,10-bit src,59.94006309148265,38.125,56.986,40.92,40.92,44.616
RitualDance_1920x1080_5994_10bit_420__960x540__h264__crf38,RitualDance_1920x1080_5994_10bit_420,h264,540p,540,38,ladder,520.368,10-bit src,59.94006309148265,18.148,41.754,17.402,17.402,22.221
RitualDance_1920x1080_5994_10bit_420__960x540__h264__crf43,RitualDance_1920x1080_5994_10bit_420,h264,540p,540,43,ladder,297.147,10-bit src,59.94006309148265,3.598,29.156,0.353,0.353,2.467
RitualDance_1920x1080_5994_10bit_420__960x540__hevc__crf18,RitualDance_1920x1080_5994_10bit_420,hevc,540p,540,18,ladder,4948.982,10-bit src,59.94006309148265,84.643,88.842,85.474,85.474,85.551
RitualDance_1920x1080_5994_10bit_420__960x540__hevc__crf23,RitualDance_1920x1080_5994_10bit_420,hevc,540p,540,23,ladder,2739.795,10-bit src,59.94006309148265,74.851,82.249,76.767,76.767,77.703
RitualDance_1920x1080_5994_10bit_420__960x540__hevc__crf28,RitualDance_1920x1080_5994_10bit_420,hevc,540p,540,28,ladder,1473.327,10-bit src,59.94006309148265,60.857,72.815,63.707,63.707,65.794
RitualDance_1920x1080_5994_10bit_420__960x540__hevc__crf33,RitualDance_1920x1080_5994_10bit_420,hevc,540p,540,33,ladder,773.55,10-bit src,59.94006309148265,43.45,60.77,45.455,45.455,48.867
RitualDance_1920x1080_5994_10bit_420__960x540__hevc__crf38,RitualDance_1920x1080_5994_10bit_420,hevc,540p,540,38,ladder,399.31,10-bit src,59.94006309148265,24.326,46.542,21.309,21.309,25.972
RitualDance_1920x1080_5994_10bit_420__960x540__hevc__crf43,RitualDance_1920x1080_5994_10bit_420,hevc,540p,540,43,ladder,220.016,10-bit src,59.94006309148265,8.278,33.403,1.59,1.59,5.11
RitualDance_1920x1080_5994_10bit_420__960x540__vp9__crf20,RitualDance_1920x1080_5994_10bit_420,vp9,540p,540,20,ladder,9215.479,10-bit src,59.94006309148265,91.776,93.853,91.698,91.698,91.114
RitualDance_1920x1080_5994_10bit_420__960x540__vp9__crf30,RitualDance_1920x1080_5994_10bit_420,vp9,540p,540,30,ladder,5327.1,10-bit src,59.94006309148265,86.303,90.235,86.369,86.369,86.351
RitualDance_1920x1080_5994_10bit_420__960x540__vp9__crf40,RitualDance_1920x1080_5994_10bit_420,vp9,540p,540,40,ladder,2669.104,10-bit src,59.94006309148265,74.638,82.555,75.788,75.788,76.811
RitualDance_1920x1080_5994_10bit_420__960x540__vp9__crf50,RitualDance_1920x1080_5994_10bit_420,vp9,540p,540,50,ladder,1288.822,10-bit src,59.94006309148265,56.511,70.348,57.426,57.426,59.993
RitualDance_1920x1080_5994_10bit_420__960x540__vp9__crf60,RitualDance_1920x1080_5994_10bit_420,vp9,540p,540,60,ladder,597.44,10-bit src,59.94006309148265,35.666,55.571,32.84,32.84,36.959
Riverbed_1920x1080p25__1280x720__av1__crf20,Riverbed_1920x1080p25,av1,720p,720,20,ladder,16647.215,8-bit src,25.0,99.927,99.958,97.415,97.392,96.354
Riverbed_1920x1080p25__1280x720__av1__crf30,Riverbed_1920x1080p25,av1,720p,720,30,ladder,9809.089,8-bit src,25.0,96.187,98.372,86.025,85.999,86.039
Riverbed_1920x1080p25__1280x720__av1__crf40,Riverbed_1920x1080p25,av1,720p,720,40,ladder,5116.87,8-bit src,25.0,78.982,88.578,66.581,66.573,68.422
Riverbed_1920x1080p25__1280x720__av1__crf50,Riverbed_1920x1080p25,av1,720p,720,50,ladder,2409.344,8-bit src,25.0,53.553,73.594,43.211,43.221,46.757
Riverbed_1920x1080p25__1280x720__av1__crf60,Riverbed_1920x1080p25,av1,720p,720,60,ladder,828.583,8-bit src,25.0,27.808,56.956,17.99,17.996,22.78
Riverbed_1920x1080p25__1280x720__h264__crf18,Riverbed_1920x1080p25,h264,720p,720,18,ladder,20575.581,8-bit src,25.0,99.898,99.937,98.884,98.874,97.502
Riverbed_1920x1080p25__1280x720__h264__crf23,Riverbed_1920x1080p25,h264,720p,720,23,ladder,11641.612,8-bit src,25.0,93.567,97.228,89.161,89.16,88.853
Riverbed_1920x1080p25__1280x720__h264__crf28,Riverbed_1920x1080p25,h264,720p,720,28,ladder,6364.052,8-bit src,25.0,74.629,86.452,74.782,74.78,75.906
Riverbed_1920x1080p25__1280x720__h264__crf33,Riverbed_1920x1080p25,h264,720p,720,33,ladder,3306.338,8-bit src,25.0,50.675,72.395,54.93,54.928,57.698
Riverbed_1920x1080p25__1280x720__h264__crf38,Riverbed_1920x1080p25,h264,720p,720,38,ladder,1612.549,8-bit src,25.0,30.279,59.382,29.248,29.244,33.57
Riverbed_1920x1080p25__1280x720__h264__crf43,Riverbed_1920x1080p25,h264,720p,720,43,ladder,708.758,8-bit src,25.0,20.191,51.425,4.271,4.262,9.437
Riverbed_1920x1080p25__1280x720__hevc__crf18,Riverbed_1920x1080p25,hevc,720p,720,18,ladder,17122.94,8-bit src,25.0,98.502,99.24,93.532,93.505,92.754
Riverbed_1920x1080p25__1280x720__hevc__crf23,Riverbed_1920x1080p25,hevc,720p,720,23,ladder,9713.672,8-bit src,25.0,87.126,92.698,82.052,82.034,82.472
Riverbed_1920x1080p25__1280x720__hevc__crf28,Riverbed_1920x1080p25,hevc,720p,720,28,ladder,5311.409,8-bit src,25.0,68.945,82.148,66.284,66.282,68.153
Riverbed_1920x1080p25__1280x720__hevc__crf33,Riverbed_1920x1080p25,hevc,720p,720,33,ladder,2735.886,8-bit src,25.0,47.716,69.665,45.886,45.885,49.264
Riverbed_1920x1080p25__1280x720__hevc__crf38,Riverbed_1920x1080p25,hevc,720p,720,38,ladder,1253.347,8-bit src,25.0,29.817,58.352,22.665,22.674,27.27
Riverbed_1920x1080p25__1280x720__hevc__crf43,Riverbed_1920x1080p25,hevc,720p,720,43,ladder,508.844,8-bit src,25.0,18.431,49.589,2.863,2.865,7.595
Riverbed_1920x1080p25__1280x720__vp9__crf20,Riverbed_1920x1080p25,vp9,720p,720,20,ladder,23373.896,8-bit src,25.0,99.951,99.978,98.923,98.9,98.082
Riverbed_1920x1080p25__1280x720__vp9__crf30,Riverbed_1920x1080p25,vp9,720p,720,30,ladder,13837.452,8-bit src,25.0,97.207,98.93,92.049,92.017,91.45
Riverbed_1920x1080p25__1280x720__vp9__crf40,Riverbed_1920x1080p25,vp9,720p,720,40,ladder,7040.555,8-bit src,25.0,82.975,91.184,76.215,76.195,77.181
Riverbed_1920x1080p25__1280x720__vp9__crf50,Riverbed_1920x1080p25,vp9,720p,720,50,ladder,3241.073,8-bit src,25.0,59.286,77.544,52.36,52.356,55.268
Riverbed_1920x1080p25__1280x720__vp9__crf60,Riverbed_1920x1080p25,vp9,720p,720,60,ladder,1270.021,8-bit src,25.0,35.288,62.69,24.311,24.305,28.814
Riverbed_1920x1080p25__1920x1080__av1__crf20,Riverbed_1920x1080p25,av1,1080p,1080,20,ladder,28667.346,8-bit src,25.0,99.949,99.977,100.0,100.0,100.0
Riverbed_1920x1080p25__1920x1080__av1__crf30,Riverbed_1920x1080p25,av1,1080p,1080,30,ladder,16208.578,8-bit src,25.0,99.902,99.942,95.862,95.863,94.893
Riverbed_1920x1080p25__1920x1080__av1__crf40,Riverbed_1920x1080p25,av1,1080p,1080,40,ladder,8392.243,8-bit src,25.0,91.819,96.057,79.418,79.422,80.093
Riverbed_1920x1080p25__1920x1080__av1__crf50,Riverbed_1920x1080p25,av1,1080p,1080,50,ladder,4066.386,8-bit src,25.0,69.854,83.417,56.301,56.313,58.955
Riverbed_1920x1080p25__1920x1080__av1__crf60,Riverbed_1920x1080p25,av1,1080p,1080,60,ladder,1497.96,8-bit src,25.0,40.488,65.746,30.531,30.564,34.782
Riverbed_1920x1080p25__1920x1080__h264__crf18,Riverbed_1920x1080p25,h264,1080p,1080,18,ladder,38870.084,8-bit src,25.0,99.934,99.965,100.0,100.0,100.0
Riverbed_1920x1080p25__1920x1080__h264__crf23,Riverbed_1920x1080p25,h264,1080p,1080,23,ladder,21152.049,8-bit src,25.0,99.884,99.927,97.075,97.076,95.891
Riverbed_1920x1080p25__1920x1080__h264__crf28,Riverbed_1920x1080p25,h264,1080p,1080,28,ladder,11825.861,8-bit src,25.0,88.885,94.622,86.066,86.069,86.083
Riverbed_1920x1080p25__1920x1080__h264__crf33,Riverbed_1920x1080p25,h264,1080p,1080,33,ladder,6516.089,8-bit src,25.0,67.427,82.171,70.08,70.086,71.628
Riverbed_1920x1080p25__1920x1080__h264__crf38,Riverbed_1920x1080p25,h264,1080p,1080,38,ladder,3452.595,8-bit src,25.0,43.151,67.812,47.684,47.699,50.955
Riverbed_1920x1080p25__1920x1080__h264__crf43,Riverbed_1920x1080p25,h264,1080p,1080,43,ladder,1627.052,8-bit src,25.0,26.419,56.946,21.058,21.131,25.738
Riverbed_1920x1080p25__1920x1080__hevc__crf18,Riverbed_1920x1080p25,hevc,1080p,1080,18,ladder,30857.289,8-bit src,25.0,99.941,99.97,99.232,99.232,98.152
Riverbed_1920x1080p25__1920x1080__hevc__crf23,Riverbed_1920x1080p25,hevc,1080p,1080,23,ladder,16600.458,8-bit src,25.0,97.11,98.596,91.002,91.002,90.501
Riverbed_1920x1080p25__1920x1080__hevc__crf28,Riverbed_1920x1080p25,hevc,1080p,1080,28,ladder,9230.415,8-bit src,25.0,83.67,90.912,78.189,78.189,78.985
Riverbed_1920x1080p25__1920x1080__hevc__crf33,Riverbed_1920x1080p25,hevc,1080p,1080,33,ladder,4952.846,8-bit src,25.0,64.266,79.773,60.942,60.943,63.243
Riverbed_1920x1080p25__1920x1080__hevc__crf38,Riverbed_1920x1080p25,hevc,1080p,1080,38,ladder,2423.666,8-bit src,25.0,43.522,67.588,38.657,38.662,42.474
Riverbed_1920x1080p25__1920x1080__hevc__crf43,Riverbed_1920x1080p25,hevc,1080p,1080,43,ladder,1078.216,8-bit src,25.0,27.212,56.893,16.378,16.413,21.227
Riverbed_1920x1080p25__1920x1080__vp9__crf20,Riverbed_1920x1080p25,vp9,1080p,1080,20,ladder,43787.416,8-bit src,25.0,99.972,99.998,100.0,100.0,100.0
Riverbed_1920x1080p25__1920x1080__vp9__crf30,Riverbed_1920x1080p25,vp9,1080p,1080,30,ladder,23588.223,8-bit src,25.0,99.963,99.989,97.728,97.729,96.867
Riverbed_1920x1080p25__1920x1080__vp9__crf40,Riverbed_1920x1080p25,vp9,1080p,1080,40,ladder,11399.453,8-bit src,25.0,93.371,96.973,85.928,85.932,85.966
Riverbed_1920x1080p25__1920x1080__vp9__crf50,Riverbed_1920x1080p25,vp9,1080p,1080,50,ladder,5354.406,8-bit src,25.0,73.751,86.066,64.311,64.333,66.311
Riverbed_1920x1080p25__1920x1080__vp9__crf60,Riverbed_1920x1080p25,vp9,1080p,1080,60,ladder,2229.841,8-bit src,25.0,47.62,70.795,37.555,37.616,41.402
Riverbed_1920x1080p25__640x360__av1__crf20,Riverbed_1920x1080p25,av1,360p,360,20,ladder,7200.053,8-bit src,25.0,85.74,91.864,76.142,76.11,77.134
Riverbed_1920x1080p25__640x360__av1__crf30,Riverbed_1920x1080p25,av1,360p,360,30,ladder,4329.738,8-bit src,25.0,72.598,84.464,60.048,60.022,62.423
Riverbed_1920x1080p25__640x360__av1__crf40,Riverbed_1920x1080p25,av1,360p,360,40,ladder,2105.778,8-bit src,25.0,49.59,71.005,38.15,38.14,42.0
Riverbed_1920x1080p25__640x360__av1__crf50,Riverbed_1920x1080p25,av1,360p,360,50,ladder,871.392,8-bit src,25.0,27.744,56.734,18.957,18.938,23.711
Riverbed_1920x1080p25__640x360__av1__crf60,Riverbed_1920x1080p25,av1,360p,360,60,ladder,245.45,8-bit src,25.0,13.247,44.556,0.571,0.555,2.417
Riverbed_1920x1080p25__640x360__h264__crf18,Riverbed_1920x1080p25,h264,360p,360,18,ladder,7334.369,8-bit src,25.0,83.157,90.46,75.971,75.905,76.983
Riverbed_1920x1080p25__640x360__h264__crf23,Riverbed_1920x1080p25,h264,360p,360,23,ladder,4116.069,8-bit src,25.0,65.208,80.409,60.605,60.538,62.942
Riverbed_1920x1080p25__640x360__h264__crf28,Riverbed_1920x1080p25,h264,360p,360,28,ladder,2080.587,8-bit src,25.0,43.139,67.508,40.787,40.737,44.489
Riverbed_1920x1080p25__640x360__h264__crf33,Riverbed_1920x1080p25,h264,360p,360,33,ladder,955.2,8-bit src,25.0,26.14,56.196,18.144,18.103,22.935
Riverbed_1920x1080p25__640x360__h264__crf38,Riverbed_1920x1080p25,h264,360p,360,38,ladder,398.8,8-bit src,25.0,16.834,48.115,0.289,0.276,2.743
Riverbed_1920x1080p25__640x360__h264__crf43,Riverbed_1920x1080p25,h264,360p,360,43,ladder,153.676,8-bit src,25.0,13.723,43.59,0.0,0.0,0.0
Riverbed_1920x1080p25__640x360__hevc__crf18,Riverbed_1920x1080p25,hevc,360p,360,18,ladder,6599.39,8-bit src,25.0,75.204,85.001,70.44,70.389,71.952
Riverbed_1920x1080p25__640x360__hevc__crf23,Riverbed_1920x1080p25,hevc,360p,360,23,ladder,3747.2,8-bit src,25.0,57.949,74.928,54.244,54.206,57.056
Riverbed_1920x1080p25__640x360__hevc__crf28,Riverbed_1920x1080p25,hevc,360p,360,28,ladder,1940.76,8-bit src,25.0,38.493,63.207,34.576,34.553,38.621
Riverbed_1920x1080p25__640x360__hevc__crf33,Riverbed_1920x1080p25,hevc,360p,360,33,ladder,910.447,8-bit src,25.0,23.056,52.924,14.114,14.105,19.042
Riverbed_1920x1080p25__640x360__hevc__crf38,Riverbed_1920x1080p25,hevc,360p,360,38,ladder,374.887,8-bit src,25.0,14.167,45.528,0.646,0.644,2.882
Riverbed_1920x1080p25__640x360__hevc__crf43,Riverbed_1920x1080p25,hevc,360p,360,43,ladder,133.573,8-bit src,25.0,9.748,39.967,0.0,0.0,0.0
Riverbed_1920x1080p25__640x360__vp9__crf20,Riverbed_1920x1080p25,vp9,360p,360,20,ladder,8846.381,8-bit src,25.0,86.385,92.116,81.107,81.073,81.618
Riverbed_1920x1080p25__640x360__vp9__crf30,Riverbed_1920x1080p25,vp9,360p,360,30,ladder,5471.461,8-bit src,25.0,74.381,85.388,68.647,68.616,70.3
Riverbed_1920x1080p25__640x360__vp9__crf40,Riverbed_1920x1080p25,vp9,360p,360,40,ladder,2799.02,8-bit src,25.0,54.373,73.949,47.958,47.928,51.185
Riverbed_1920x1080p25__640x360__vp9__crf50,Riverbed_1920x1080p25,vp9,360p,360,50,ladder,1234.396,8-bit src,25.0,33.861,61.26,24.406,24.381,28.916
Riverbed_1920x1080p25__640x360__vp9__crf60,Riverbed_1920x1080p25,vp9,360p,360,60,ladder,458.507,8-bit src,25.0,19.875,50.748,4.438,4.405,8.203
Riverbed_1920x1080p25__960x540__av1__crf20,Riverbed_1920x1080p25,av1,540p,540,20,ladder,12421.352,8-bit src,25.0,98.996,99.633,89.906,89.862,89.514
Riverbed_1920x1080p25__960x540__av1__crf30,Riverbed_1920x1080p25,av1,540p,540,30,ladder,7383.373,8-bit src,25.0,89.787,94.84,74.614,74.577,75.744
Riverbed_1920x1080p25__960x540__av1__crf40,Riverbed_1920x1080p25,av1,540p,540,40,ladder,3677.167,8-bit src,25.0,68.295,82.415,52.787,52.768,55.701
Riverbed_1920x1080p25__960x540__av1__crf50,Riverbed_1920x1080p25,av1,540p,540,50,ladder,1625.593,8-bit src,25.0,42.712,66.901,32.808,32.805,36.944
Riverbed_1920x1080p25__960x540__av1__crf60,Riverbed_1920x1080p25,av1,540p,540,60,ladder,517.992,8-bit src,25.0,21.155,51.814,8.923,8.917,14.006
Riverbed_1920x1080p25__960x540__h264__crf18,Riverbed_1920x1080p25,h264,540p,540,18,ladder,13483.761,8-bit src,25.0,97.958,99.301,89.357,89.282,89.027
Riverbed_1920x1080p25__960x540__h264__crf23,Riverbed_1920x1080p25,h264,540p,540,23,ladder,7607.429,8-bit src,25.0,83.4,91.26,75.228,75.174,76.31
Riverbed_1920x1080p25__960x540__h264__crf28,Riverbed_1920x1080p25,h264,540p,540,28,ladder,4018.73,8-bit src,25.0,61.219,78.585,56.859,56.82,59.483
Riverbed_1920x1080p25__960x540__h264__crf33,Riverbed_1920x1080p25,h264,540p,540,33,ladder,1973.403,8-bit src,25.0,38.818,65.019,35.459,35.445,39.461
Riverbed_1920x1080p25__960x540__h264__crf38,Riverbed_1920x1080p25,h264,540p,540,38,ladder,892.386,8-bit src,25.0,23.268,54.004,12.171,12.162,17.162
Riverbed_1920x1080p25__960x540__h264__crf43,Riverbed_1920x1080p25,h264,540p,540,43,ladder,365.501,8-bit src,25.0,16.522,47.452,0.149,0.147,0.46
Riverbed_1920x1080p25__960x540__hevc__crf18,Riverbed_1920x1080p25,hevc,540p,540,18,ladder,11702.79,8-bit src,25.0,91.445,94.973,85.488,85.467,85.56
Riverbed_1920x1080p25__960x540__hevc__crf23,Riverbed_1920x1080p25,hevc,540p,540,23,ladder,6649.924,8-bit src,25.0,76.728,86.412,71.228,71.21,72.668
Riverbed_1920x1080p25__960x540__hevc__crf28,Riverbed_1920x1080p25,hevc,540p,540,28,ladder,3555.643,8-bit src,25.0,56.552,74.627,52.521,52.513,55.455
Riverbed_1920x1080p25__960x540__hevc__crf33,Riverbed_1920x1080p25,hevc,540p,540,33,ladder,1762.376,8-bit src,25.0,36.431,62.384,31.165,31.162,35.384
Riverbed_1920x1080p25__960x540__hevc__crf38,Riverbed_1920x1080p25,hevc,540p,540,38,ladder,769.924,8-bit src,25.0,22.157,52.57,10.223,10.225,15.272
Riverbed_1920x1080p25__960x540__hevc__crf43,Riverbed_1920x1080p25,hevc,540p,540,43,ladder,293.506,8-bit src,25.0,13.9,45.088,0.181,0.179,1.238
Riverbed_1920x1080p25__960x540__vp9__crf20,Riverbed_1920x1080p25,vp9,540p,540,20,ladder,15959.306,8-bit src,25.0,98.81,99.543,93.97,93.94,93.173
Riverbed_1920x1080p25__960x540__vp9__crf30,Riverbed_1920x1080p25,vp9,540p,540,30,ladder,9681.955,8-bit src,25.0,90.873,95.302,82.846,82.825,83.19
Riverbed_1920x1080p25__960x540__vp9__crf40,Riverbed_1920x1080p25,vp9,540p,540,40,ladder,4945.44,8-bit src,25.0,72.654,85.095,63.277,63.266,65.37
Riverbed_1920x1080p25__960x540__vp9__crf50,Riverbed_1920x1080p25,vp9,540p,540,50,ladder,2226.126,8-bit src,25.0,48.669,71.043,39.171,39.163,42.929
Riverbed_1920x1080p25__960x540__vp9__crf60,Riverbed_1920x1080p25,vp9,540p,540,60,ladder,852.404,8-bit src,25.0,28.37,57.724,15.17,15.13,20.036
RushFieldCuts_1920x1080_2997__1280x720__av1__crf20,RushFieldCuts_1920x1080_2997,av1,720p,720,20,ladder,15345.833,8-bit src,29.97002997002997,93.835,95.867,95.324,95.277,94.339
RushFieldCuts_1920x1080_2997__1280x720__av1__crf30,RushFieldCuts_1920x1080_2997,av1,720p,720,30,ladder,7606.251,8-bit src,29.97002997002997,88.817,92.614,90.791,90.739,90.307
RushFieldCuts_1920x1080_2997__1280x720__av1__crf40,RushFieldCuts_1920x1080_2997,av1,720p,720,40,ladder,3566.848,8-bit src,29.97002997002997,79.593,86.73,82.482,82.417,82.863
RushFieldCuts_1920x1080_2997__1280x720__av1__crf50,RushFieldCuts_1920x1080_2997,av1,720p,720,50,ladder,1742.101,8-bit src,29.97002997002997,66.61,78.337,70.69,70.623,72.183
RushFieldCuts_1920x1080_2997__1280x720__av1__crf60,RushFieldCuts_1920x1080_2997,av1,720p,720,60,ladder,718.271,8-bit src,29.97002997002997,48.755,66.566,51.432,51.36,54.444
RushFieldCuts_1920x1080_2997__1280x720__h264__crf18,RushFieldCuts_1920x1080_2997,h264,720p,720,18,ladder,12224.652,8-bit src,29.97002997002997,92.225,94.731,94.36,94.322,93.483
RushFieldCuts_1920x1080_2997__1280x720__h264__crf23,RushFieldCuts_1920x1080_2997,h264,720p,720,23,ladder,5970.772,8-bit src,29.97002997002997,86.005,90.771,89.389,89.355,89.056
RushFieldCuts_1920x1080_2997__1280x720__h264__crf28,RushFieldCuts_1920x1080_2997,h264,720p,720,28,ladder,3084.934,8-bit src,29.97002997002997,74.735,83.738,81.407,81.37,81.896
RushFieldCuts_1920x1080_2997__1280x720__h264__crf33,RushFieldCuts_1920x1080_2997,h264,720p,720,33,ladder,1595.405,8-bit src,29.97002997002997,57.929,73.124,68.458,68.408,70.147
RushFieldCuts_1920x1080_2997__1280x720__h264__crf38,RushFieldCuts_1920x1080_2997,h264,720p,720,38,ladder,795.412,8-bit src,29.97002997002997,38.515,60.161,49.28,49.201,52.446
RushFieldCuts_1920x1080_2997__1280x720__h264__crf43,RushFieldCuts_1920x1080_2997,h264,720p,720,43,ladder,367.282,8-bit src,29.97002997002997,21.098,46.788,23.084,22.99,27.681
RushFieldCuts_1920x1080_2997__1280x720__hevc__crf18,RushFieldCuts_1920x1080_2997,hevc,720p,720,18,ladder,13032.767,8-bit src,29.97002997002997,91.125,93.967,93.527,93.482,92.743
RushFieldCuts_1920x1080_2997__1280x720__hevc__crf23,RushFieldCuts_1920x1080_2997,hevc,720p,720,23,ladder,6633.298,8-bit src,29.97002997002997,84.591,89.725,88.319,88.28,88.099
RushFieldCuts_1920x1080_2997__1280x720__hevc__crf28,RushFieldCuts_1920x1080_2997,hevc,720p,720,28,ladder,3414.446,8-bit src,29.97002997002997,73.833,82.839,79.796,79.751,80.442
RushFieldCuts_1920x1080_2997__1280x720__hevc__crf33,RushFieldCuts_1920x1080_2997,hevc,720p,720,33,ladder,1684.048,8-bit src,29.97002997002997,58.459,73.011,65.961,65.914,67.861
RushFieldCuts_1920x1080_2997__1280x720__hevc__crf38,RushFieldCuts_1920x1080_2997,hevc,720p,720,38,ladder,764.995,8-bit src,29.97002997002997,40.425,61.047,46.054,45.973,49.428
RushFieldCuts_1920x1080_2997__1280x720__hevc__crf43,RushFieldCuts_1920x1080_2997,hevc,720p,720,43,ladder,311.042,8-bit src,29.97002997002997,23.124,48.265,18.602,18.511,23.373
RushFieldCuts_1920x1080_2997__1280x720__vp9__crf20,RushFieldCuts_1920x1080_2997,vp9,720p,720,20,ladder,20712.051,8-bit src,29.97002997002997,95.253,96.852,96.557,96.503,95.434
RushFieldCuts_1920x1080_2997__1280x720__vp9__crf30,RushFieldCuts_1920x1080_2997,vp9,720p,720,30,ladder,10213.299,8-bit src,29.97002997002997,90.659,93.906,92.912,92.852,92.195
RushFieldCuts_1920x1080_2997__1280x720__vp9__crf40,RushFieldCuts_1920x1080_2997,vp9,720p,720,40,ladder,4691.491,8-bit src,29.97002997002997,80.612,87.564,85.313,85.25,85.405
RushFieldCuts_1920x1080_2997__1280x720__vp9__crf50,RushFieldCuts_1920x1080_2997,vp9,720p,720,50,ladder,2143.64,8-bit src,29.97002997002997,63.651,76.888,70.964,70.865,72.427
RushFieldCuts_1920x1080_2997__1280x720__vp9__crf60,RushFieldCuts_1920x1080_2997,vp9,720p,720,60,ladder,887.262,8-bit src,29.97002997002997,42.071,62.641,45.273,45.142,48.681
RushFieldCuts_1920x1080_2997__1920x1080__av1__crf20,RushFieldCuts_1920x1080_2997,av1,1080p,1080,20,ladder,35534.452,8-bit src,29.97002997002997,99.288,99.667,99.67,99.697,98.515
RushFieldCuts_1920x1080_2997__1920x1080__av1__crf30,RushFieldCuts_1920x1080_2997,av1,1080p,1080,30,ladder,14236.703,8-bit src,29.97002997002997,95.447,97.215,96.132,96.212,95.055
RushFieldCuts_1920x1080_2997__1920x1080__av1__crf40,RushFieldCuts_1920x1080_2997,av1,1080p,1080,40,ladder,6061.163,8-bit src,29.97002997002997,88.596,92.735,89.682,89.832,89.317
RushFieldCuts_1920x1080_2997__1920x1080__av1__crf50,RushFieldCuts_1920x1080_2997,av1,1080p,1080,50,ladder,3006.655,8-bit src,29.97002997002997,78.384,86.117,80.716,81.039,81.272
RushFieldCuts_1920x1080_2997__1920x1080__av1__crf60,RushFieldCuts_1920x1080_2997,av1,1080p,1080,60,ladder,1274.875,8-bit src,29.97002997002997,61.639,75.225,63.832,64.406,65.907
RushFieldCuts_1920x1080_2997__1920x1080__h264__crf18,RushFieldCuts_1920x1080_2997,h264,1080p,1080,18,ladder,32521.239,8-bit src,29.97002997002997,97.718,98.563,98.89,98.9,97.835
RushFieldCuts_1920x1080_2997__1920x1080__h264__crf23,RushFieldCuts_1920x1080_2997,h264,1080p,1080,23,ladder,12976.71,8-bit src,29.97002997002997,92.955,95.446,95.218,95.253,94.245
RushFieldCuts_1920x1080_2997__1920x1080__h264__crf28,RushFieldCuts_1920x1080_2997,h264,1080p,1080,28,ladder,5780.244,8-bit src,29.97002997002997,84.926,90.332,89.43,89.545,89.093
RushFieldCuts_1920x1080_2997__1920x1080__h264__crf33,RushFieldCuts_1920x1080_2997,h264,1080p,1080,33,ladder,3001.128,8-bit src,29.97002997002997,71.007,81.534,79.449,79.764,80.13
RushFieldCuts_1920x1080_2997__1920x1080__h264__crf38,RushFieldCuts_1920x1080_2997,h264,1080p,1080,38,ladder,1576.402,8-bit src,29.97002997002997,51.7,69.06,64.109,64.687,66.165
RushFieldCuts_1920x1080_2997__1920x1080__h264__crf43,RushFieldCuts_1920x1080_2997,h264,1080p,1080,43,ladder,789.29,8-bit src,29.97002997002997,31.326,54.898,41.199,42.0,44.879
RushFieldCuts_1920x1080_2997__1920x1080__hevc__crf18,RushFieldCuts_1920x1080_2997,hevc,1080p,1080,18,ladder,29727.487,8-bit src,29.97002997002997,96.971,98.081,98.059,98.078,96.965
RushFieldCuts_1920x1080_2997__1920x1080__hevc__crf23,RushFieldCuts_1920x1080_2997,hevc,1080p,1080,23,ladder,12923.488,8-bit src,29.97002997002997,91.817,94.673,93.865,93.914,93.043
RushFieldCuts_1920x1080_2997__1920x1080__hevc__crf28,RushFieldCuts_1920x1080_2997,hevc,1080p,1080,28,ladder,6065.56,8-bit src,29.97002997002997,84.108,89.687,87.67,87.783,87.518
RushFieldCuts_1920x1080_2997__1920x1080__hevc__crf33,RushFieldCuts_1920x1080_2997,hevc,1080p,1080,33,ladder,2954.486,8-bit src,29.97002997002997,71.669,81.775,77.096,77.451,78.001
RushFieldCuts_1920x1080_2997__1920x1080__hevc__crf38,RushFieldCuts_1920x1080_2997,hevc,1080p,1080,38,ladder,1406.961,8-bit src,29.97002997002997,54.442,70.691,60.393,61.107,62.745
RushFieldCuts_1920x1080_2997__1920x1080__hevc__crf43,RushFieldCuts_1920x1080_2997,hevc,1080p,1080,43,ladder,619.047,8-bit src,29.97002997002997,35.649,57.94,35.921,36.744,39.897
RushFieldCuts_1920x1080_2997__1920x1080__vp9__crf20,RushFieldCuts_1920x1080_2997,vp9,1080p,1080,20,ladder,50626.18,8-bit src,29.97002997002997,99.858,99.993,100.0,100.0,99.353
RushFieldCuts_1920x1080_2997__1920x1080__vp9__crf30,RushFieldCuts_1920x1080_2997,vp9,1080p,1080,30,ladder,23980.008,8-bit src,29.97002997002997,96.817,98.118,97.739,97.775,96.676
RushFieldCuts_1920x1080_2997__1920x1080__vp9__crf40,RushFieldCuts_1920x1080_2997,vp9,1080p,1080,40,ladder,8650.207,8-bit src,29.97002997002997,89.506,93.397,91.962,92.053,91.36
RushFieldCuts_1920x1080_2997__1920x1080__vp9__crf50,RushFieldCuts_1920x1080_2997,vp9,1080p,1080,50,ladder,3753.833,8-bit src,29.97002997002997,76.645,85.274,81.598,81.866,82.064
RushFieldCuts_1920x1080_2997__1920x1080__vp9__crf60,RushFieldCuts_1920x1080_2997,vp9,1080p,1080,60,ladder,1637.172,8-bit src,29.97002997002997,56.324,72.267,61.586,62.301,63.834
RushFieldCuts_1920x1080_2997__640x360__av1__crf20,RushFieldCuts_1920x1080_2997,av1,360p,360,20,ladder,4293.926,8-bit src,29.97002997002997,66.688,76.636,71.346,71.252,72.782
RushFieldCuts_1920x1080_2997__640x360__av1__crf30,RushFieldCuts_1920x1080_2997,av1,360p,360,30,ladder,2317.223,8-bit src,29.97002997002997,59.836,72.448,64.907,64.694,66.897
RushFieldCuts_1920x1080_2997__640x360__av1__crf40,RushFieldCuts_1920x1080_2997,av1,360p,360,40,ladder,1153.224,8-bit src,29.97002997002997,48.272,65.155,52.427,52.016,55.375
RushFieldCuts_1920x1080_2997__640x360__av1__crf50,RushFieldCuts_1920x1080_2997,av1,360p,360,50,ladder,584.448,8-bit src,29.97002997002997,36.368,57.268,37.985,37.452,41.849
RushFieldCuts_1920x1080_2997__640x360__av1__crf60,RushFieldCuts_1920x1080_2997,av1,360p,360,60,ladder,231.81,8-bit src,29.97002997002997,22.619,47.355,16.683,15.96,21.522
RushFieldCuts_1920x1080_2997__640x360__h264__crf18,RushFieldCuts_1920x1080_2997,h264,360p,360,18,ladder,3916.089,8-bit src,29.97002997002997,65.827,76.107,70.716,70.677,72.209
RushFieldCuts_1920x1080_2997__640x360__h264__crf23,RushFieldCuts_1920x1080_2997,h264,360p,360,23,ladder,2091.659,8-bit src,29.97002997002997,56.651,70.578,62.729,62.623,64.897
RushFieldCuts_1920x1080_2997__640x360__h264__crf28,RushFieldCuts_1920x1080_2997,h264,360p,360,28,ladder,1064.551,8-bit src,29.97002997002997,42.988,62.081,49.493,49.217,52.644
RushFieldCuts_1920x1080_2997__640x360__h264__crf33,RushFieldCuts_1920x1080_2997,h264,360p,360,33,ladder,499.216,8-bit src,29.97002997002997,27.997,51.934,30.353,29.799,34.622
RushFieldCuts_1920x1080_2997__640x360__h264__crf38,RushFieldCuts_1920x1080_2997,h264,360p,360,38,ladder,219.484,8-bit src,29.97002997002997,15.407,41.686,7.387,6.748,12.447
RushFieldCuts_1920x1080_2997__640x360__h264__crf43,RushFieldCuts_1920x1080_2997,h264,360p,360,43,ladder,90.154,8-bit src,29.97002997002997,7.4,32.523,0.0,0.0,0.0
RushFieldCuts_1920x1080_2997__640x360__hevc__crf18,RushFieldCuts_1920x1080_2997,hevc,360p,360,18,ladder,4303.931,8-bit src,29.97002997002997,63.421,74.463,69.457,69.408,71.06
RushFieldCuts_1920x1080_2997__640x360__hevc__crf23,RushFieldCuts_1920x1080_2997,hevc,360p,360,23,ladder,2372.183,8-bit src,29.97002997002997,54.048,68.586,61.233,61.157,63.52
RushFieldCuts_1920x1080_2997__640x360__hevc__crf28,RushFieldCuts_1920x1080_2997,hevc,360p,360,28,ladder,1218.095,8-bit src,29.97002997002997,41.529,60.548,49.326,49.155,52.486
RushFieldCuts_1920x1080_2997__640x360__hevc__crf33,RushFieldCuts_1920x1080_2997,hevc,360p,360,33,ladder,567.341,8-bit src,29.97002997002997,27.778,51.218,30.799,30.374,35.043
RushFieldCuts_1920x1080_2997__640x360__hevc__crf38,RushFieldCuts_1920x1080_2997,hevc,360p,360,38,ladder,234.8,8-bit src,29.97002997002997,15.126,41.3,7.052,6.5,12.142
RushFieldCuts_1920x1080_2997__640x360__hevc__crf43,RushFieldCuts_1920x1080_2997,hevc,360p,360,43,ladder,87.335,8-bit src,29.97002997002997,4.475,30.109,0.0,0.0,0.001
RushFieldCuts_1920x1080_2997__640x360__vp9__crf20,RushFieldCuts_1920x1080_2997,vp9,360p,360,20,ladder,6064.361,8-bit src,29.97002997002997,68.748,77.988,73.786,73.755,75.002
RushFieldCuts_1920x1080_2997__640x360__vp9__crf30,RushFieldCuts_1920x1080_2997,vp9,360p,360,30,ladder,3525.266,8-bit src,29.97002997002997,61.685,73.707,68.745,68.67,70.408
RushFieldCuts_1920x1080_2997__640x360__vp9__crf40,RushFieldCuts_1920x1080_2997,vp9,360p,360,40,ladder,1694.371,8-bit src,29.97002997002997,48.258,65.419,56.811,56.605,59.434
RushFieldCuts_1920x1080_2997__640x360__vp9__crf50,RushFieldCuts_1920x1080_2997,vp9,360p,360,50,ladder,729.798,8-bit src,29.97002997002997,31.927,54.624,35.695,35.088,39.674
RushFieldCuts_1920x1080_2997__640x360__vp9__crf60,RushFieldCuts_1920x1080_2997,vp9,360p,360,60,ladder,275.803,8-bit src,29.97002997002997,17.423,43.325,6.013,5.354,10.963
RushFieldCuts_1920x1080_2997__960x540__av1__crf20,RushFieldCuts_1920x1080_2997,av1,540p,540,20,ladder,8303.097,8-bit src,29.97002997002997,85.481,89.829,87.539,87.466,87.402
RushFieldCuts_1920x1080_2997__960x540__av1__crf30,RushFieldCuts_1920x1080_2997,av1,540p,540,30,ladder,4465.158,8-bit src,29.97002997002997,80.091,86.493,82.297,82.182,82.697
RushFieldCuts_1920x1080_2997__960x540__av1__crf40,RushFieldCuts_1920x1080_2997,av1,540p,540,40,ladder,2236.747,8-bit src,29.97002997002997,69.682,79.968,71.815,71.601,73.209
RushFieldCuts_1920x1080_2997__960x540__av1__crf50,RushFieldCuts_1920x1080_2997,av1,540p,540,50,ladder,1157.262,8-bit src,29.97002997002997,56.551,71.513,58.053,57.767,60.586
RushFieldCuts_1920x1080_2997__960x540__av1__crf60,RushFieldCuts_1920x1080_2997,av1,540p,540,60,ladder,473.416,8-bit src,29.97002997002997,39.037,59.782,36.971,36.549,40.888
RushFieldCuts_1920x1080_2997__960x540__h264__crf18,RushFieldCuts_1920x1080_2997,h264,540p,540,18,ladder,7473.503,8-bit src,29.97002997002997,84.174,88.912,86.84,86.779,86.776
RushFieldCuts_1920x1080_2997__960x540__h264__crf23,RushFieldCuts_1920x1080_2997,h264,540p,540,23,ladder,3864.927,8-bit src,29.97002997002997,76.445,84.139,79.906,79.84,80.542
RushFieldCuts_1920x1080_2997__960x540__h264__crf28,RushFieldCuts_1920x1080_2997,h264,540p,540,28,ladder,2000.743,8-bit src,29.97002997002997,63.239,75.996,68.893,68.804,70.545
RushFieldCuts_1920x1080_2997__960x540__h264__crf33,RushFieldCuts_1920x1080_2997,h264,540p,540,33,ladder,996.937,8-bit src,29.97002997002997,45.892,64.926,52.099,51.901,55.07
RushFieldCuts_1920x1080_2997__960x540__h264__crf38,RushFieldCuts_1920x1080_2997,h264,540p,540,38,ladder,470.288,8-bit src,29.97002997002997,28.204,52.486,29.977,29.675,34.263
RushFieldCuts_1920x1080_2997__960x540__h264__crf43,RushFieldCuts_1920x1080_2997,h264,540p,540,43,ladder,206.483,8-bit src,29.97002997002997,14.347,40.493,2.578,2.235,7.553
RushFieldCuts_1920x1080_2997__960x540__hevc__crf18,RushFieldCuts_1920x1080_2997,hevc,540p,540,18,ladder,8236.439,8-bit src,29.97002997002997,82.71,87.934,86.109,86.06,86.121
RushFieldCuts_1920x1080_2997__960x540__hevc__crf23,RushFieldCuts_1920x1080_2997,hevc,540p,540,23,ladder,4408.94,8-bit src,29.97002997002997,74.661,82.826,79.405,79.347,80.09
RushFieldCuts_1920x1080_2997__960x540__hevc__crf28,RushFieldCuts_1920x1080_2997,hevc,540p,540,28,ladder,2282.071,8-bit src,29.97002997002997,62.155,74.882,68.65,68.573,70.32
RushFieldCuts_1920x1080_2997__960x540__hevc__crf33,RushFieldCuts_1920x1080_2997,hevc,540p,540,33,ladder,1097.807,8-bit src,29.97002997002997,46.373,64.718,52.435,52.257,55.379
RushFieldCuts_1920x1080_2997__960x540__hevc__crf38,RushFieldCuts_1920x1080_2997,hevc,540p,540,38,ladder,478.118,8-bit src,29.97002997002997,29.547,53.091,29.844,29.487,34.133
RushFieldCuts_1920x1080_2997__960x540__hevc__crf43,RushFieldCuts_1920x1080_2997,hevc,540p,540,43,ladder,184.226,8-bit src,29.97002997002997,14.62,40.826,2.269,1.971,7.244
RushFieldCuts_1920x1080_2997__960x540__vp9__crf20,RushFieldCuts_1920x1080_2997,vp9,540p,540,20,ladder,12154.964,8-bit src,29.97002997002997,87.337,91.067,89.751,89.698,89.38
RushFieldCuts_1920x1080_2997__960x540__vp9__crf30,RushFieldCuts_1920x1080_2997,vp9,540p,540,30,ladder,6644.515,8-bit src,29.97002997002997,81.712,87.584,85.444,85.362,85.524
RushFieldCuts_1920x1080_2997__960x540__vp9__crf40,RushFieldCuts_1920x1080_2997,vp9,540p,540,40,ladder,3164.875,8-bit src,29.97002997002997,69.607,80.11,75.735,75.596,76.766
RushFieldCuts_1920x1080_2997__960x540__vp9__crf50,RushFieldCuts_1920x1080_2997,vp9,540p,540,50,ladder,1413.231,8-bit src,29.97002997002997,51.604,68.734,58.052,57.76,60.576
RushFieldCuts_1920x1080_2997__960x540__vp9__crf60,RushFieldCuts_1920x1080_2997,vp9,540p,540,60,ladder,568.344,8-bit src,29.97002997002997,32.472,55.606,30.506,29.909,34.748
Skater227_1920x1080_30fps__1280x720__av1__crf20,Skater227_1920x1080_30fps,av1,720p,720,20,ladder,2400.208,10-bit src,30.0,98.334,98.439,95.843,95.843,94.849
Skater227_1920x1080_30fps__1280x720__av1__crf30,Skater227_1920x1080_30fps,av1,720p,720,30,ladder,1258.989,10-bit src,30.0,94.338,95.227,89.971,89.971,89.571
Skater227_1920x1080_30fps__1280x720__av1__crf40,Skater227_1920x1080_30fps,av1,720p,720,40,ladder,615.83,10-bit src,30.0,84.419,88.108,79.736,79.736,80.379
Skater227_1920x1080_30fps__1280x720__av1__crf50,Skater227_1920x1080_30fps,av1,720p,720,50,ladder,308.364,10-bit src,30.0,71.521,78.899,67.429,67.429,69.186
Skater227_1920x1080_30fps__1280x720__av1__crf60,Skater227_1920x1080_30fps,av1,720p,720,60,ladder,147.707,10-bit src,30.0,52.522,65.201,48.143,48.143,51.347
Skater227_1920x1080_30fps__1280x720__h264__crf18,Skater227_1920x1080_30fps,h264,720p,720,18,ladder,3657.789,10-bit src,30.0,97.733,97.863,95.808,95.808,94.783
Skater227_1920x1080_30fps__1280x720__h264__crf23,Skater227_1920x1080_30fps,h264,720p,720,23,ladder,1909.189,10-bit src,30.0,91.576,93.133,88.488,88.488,88.248
Skater227_1920x1080_30fps__1280x720__h264__crf28,Skater227_1920x1080_30fps,h264,720p,720,28,ladder,1063.355,10-bit src,30.0,79.929,84.948,77.712,77.712,78.556
Skater227_1920x1080_30fps__1280x720__h264__crf33,Skater227_1920x1080_30fps,h264,720p,720,33,ladder,649.77,10-bit src,30.0,64.03,73.744,63.218,63.218,65.339
Skater227_1920x1080_30fps__1280x720__h264__crf38,Skater227_1920x1080_30fps,h264,720p,720,38,ladder,418.562,10-bit src,30.0,45.942,60.993,45.88,45.88,49.255
Skater227_1920x1080_30fps__1280x720__h264__crf43,Skater227_1920x1080_30fps,h264,720p,720,43,ladder,298.691,10-bit src,30.0,28.973,49.008,26.75,26.75,31.17
Skater227_1920x1080_30fps__1280x720__hevc__crf18,Skater227_1920x1080_30fps,hevc,720p,720,18,ladder,2460.901,10-bit src,30.0,97.275,97.422,95.141,95.141,94.185
Skater227_1920x1080_30fps__1280x720__hevc__crf23,Skater227_1920x1080_30fps,hevc,720p,720,23,ladder,1308.381,10-bit src,30.0,91.979,93.38,88.315,88.315,88.094
Skater227_1920x1080_30fps__1280x720__hevc__crf28,Skater227_1920x1080_30fps,hevc,720p,720,28,ladder,707.801,10-bit src,30.0,82.291,86.592,78.487,78.487,79.257
Skater227_1920x1080_30fps__1280x720__hevc__crf33,Skater227_1920x1080_30fps,hevc,720p,720,33,ladder,389.239,10-bit src,30.0,68.496,76.892,64.916,64.916,66.896
Skater227_1920x1080_30fps__1280x720__hevc__crf38,Skater227_1920x1080_30fps,hevc,720p,720,38,ladder,226.494,10-bit src,30.0,52.329,65.44,49.494,49.494,52.628
Skater227_1920x1080_30fps__1280x720__hevc__crf43,Skater227_1920x1080_30fps,hevc,720p,720,43,ladder,140.981,10-bit src,30.0,35.774,53.482,31.292,31.292,35.492
Skater227_1920x1080_30fps__1280x720__vp9__crf20,Skater227_1920x1080_30fps,vp9,720p,720,20,ladder,3387.051,10-bit src,30.0,98.879,98.927,97.096,97.096,96.074
Skater227_1920x1080_30fps__1280x720__vp9__crf30,Skater227_1920x1080_30fps,vp9,720p,720,30,ladder,1760.788,10-bit src,30.0,95.687,96.356,91.713,91.713,91.14
Skater227_1920x1080_30fps__1280x720__vp9__crf40,Skater227_1920x1080_30fps,vp9,720p,720,40,ladder,786.883,10-bit src,30.0,86.525,89.829,81.585,81.585,82.048
Skater227_1920x1080_30fps__1280x720__vp9__crf50,Skater227_1920x1080_30fps,vp9,720p,720,50,ladder,365.551,10-bit src,30.0,71.355,79.343,66.02,66.02,67.902
Skater227_1920x1080_30fps__1280x720__vp9__crf60,Skater227_1920x1080_30fps,vp9,720p,720,60,ladder,181.121,10-bit src,30.0,51.891,65.633,44.609,44.609,48.046
Skater227_1920x1080_30fps__1920x1080__av1__crf20,Skater227_1920x1080_30fps,av1,1080p,1080,20,ladder,4517.387,10-bit src,30.0,99.773,99.788,99.127,99.127,98.265
Skater227_1920x1080_30fps__1920x1080__av1__crf30,Skater227_1920x1080_30fps,av1,1080p,1080,30,ladder,2322.034,10-bit src,30.0,98.229,98.411,95.27,95.27,94.307
Skater227_1920x1080_30fps__1920x1080__av1__crf40,Skater227_1920x1080_30fps,av1,1080p,1080,40,ladder,1114.224,10-bit src,30.0,91.704,93.355,86.814,86.814,86.748
Skater227_1920x1080_30fps__1920x1080__av1__crf50,Skater227_1920x1080_30fps,av1,1080p,1080,50,ladder,542.702,10-bit src,30.0,81.205,85.952,76.699,76.699,77.633
Skater227_1920x1080_30fps__1920x1080__av1__crf60,Skater227_1920x1080_30fps,av1,1080p,1080,60,ladder,255.891,10-bit src,30.0,62.609,72.713,57.922,57.922,60.442
Skater227_1920x1080_30fps__1920x1080__h264__crf18,Skater227_1920x1080_30fps,h264,1080p,1080,18,ladder,7847.802,10-bit src,30.0,99.68,99.728,99.412,99.412,98.619
Skater227_1920x1080_30fps__1920x1080__h264__crf23,Skater227_1920x1080_30fps,h264,1080p,1080,23,ladder,4001.081,10-bit src,30.0,97.152,97.43,94.802,94.802,93.906
Skater227_1920x1080_30fps__1920x1080__h264__crf28,Skater227_1920x1080_30fps,h264,1080p,1080,28,ladder,2192.326,10-bit src,30.0,88.859,91.298,86.056,86.056,86.07
Skater227_1920x1080_30fps__1920x1080__h264__crf33,Skater227_1920x1080_30fps,h264,1080p,1080,33,ladder,1327.94,10-bit src,30.0,75.029,81.615,73.936,73.936,75.131
Skater227_1920x1080_30fps__1920x1080__h264__crf38,Skater227_1920x1080_30fps,h264,1080p,1080,38,ladder,869.189,10-bit src,30.0,57.319,69.38,57.801,57.801,60.343
Skater227_1920x1080_30fps__1920x1080__h264__crf43,Skater227_1920x1080_30fps,h264,1080p,1080,43,ladder,639.086,10-bit src,30.0,38.562,56.483,37.773,37.773,41.632
Skater227_1920x1080_30fps__1920x1080__hevc__crf18,Skater227_1920x1080_30fps,hevc,1080p,1080,18,ladder,4737.323,10-bit src,30.0,99.49,99.509,98.933,98.933,97.93
Skater227_1920x1080_30fps__1920x1080__hevc__crf23,Skater227_1920x1080_30fps,hevc,1080p,1080,23,ladder,2493.237,10-bit src,30.0,96.985,97.255,94.057,94.057,93.258
Skater227_1920x1080_30fps__1920x1080__hevc__crf28,Skater227_1920x1080_30fps,hevc,1080p,1080,28,ladder,1329.63,10-bit src,30.0,90.078,92.165,86.023,86.023,86.041
Skater227_1920x1080_30fps__1920x1080__hevc__crf33,Skater227_1920x1080_30fps,hevc,1080p,1080,33,ladder,738.636,10-bit src,30.0,78.456,84.031,74.754,74.754,75.873
Skater227_1920x1080_30fps__1920x1080__hevc__crf38,Skater227_1920x1080_30fps,hevc,1080p,1080,38,ladder,426.909,10-bit src,30.0,63.113,73.312,61.088,61.088,63.374
Skater227_1920x1080_30fps__1920x1080__hevc__crf43,Skater227_1920x1080_30fps,hevc,1080p,1080,43,ladder,269.309,10-bit src,30.0,45.477,60.784,42.619,42.619,46.19
Skater227_1920x1080_30fps__1920x1080__vp9__crf20,Skater227_1920x1080_30fps,vp9,1080p,1080,20,ladder,6196.984,10-bit src,30.0,99.898,99.931,99.594,99.594,98.924
Skater227_1920x1080_30fps__1920x1080__vp9__crf30,Skater227_1920x1080_30fps,vp9,1080p,1080,30,ladder,3175.929,10-bit src,30.0,98.907,99.025,96.467,96.467,95.465
Skater227_1920x1080_30fps__1920x1080__vp9__crf40,Skater227_1920x1080_30fps,vp9,1080p,1080,40,ladder,1405.83,10-bit src,30.0,93.569,94.934,88.502,88.502,88.272
Skater227_1920x1080_30fps__1920x1080__vp9__crf50,Skater227_1920x1080_30fps,vp9,1080p,1080,50,ladder,640.112,10-bit src,30.0,81.279,86.44,75.816,75.816,76.834
Skater227_1920x1080_30fps__1920x1080__vp9__crf60,Skater227_1920x1080_30fps,vp9,1080p,1080,60,ladder,312.28,10-bit src,30.0,63.574,74.205,57.423,57.423,59.982
Skater227_1920x1080_30fps__640x360__av1__crf20,Skater227_1920x1080_30fps,av1,360p,360,20,ladder,901.706,10-bit src,30.0,87.065,89.557,82.484,82.484,82.858
Skater227_1920x1080_30fps__640x360__av1__crf30,Skater227_1920x1080_30fps,av1,360p,360,30,ladder,507.951,10-bit src,30.0,79.521,84.293,74.305,74.305,75.462
Skater227_1920x1080_30fps__640x360__av1__crf40,Skater227_1920x1080_30fps,av1,360p,360,40,ladder,255.551,10-bit src,30.0,66.736,75.183,61.768,61.768,63.991
Skater227_1920x1080_30fps__640x360__av1__crf50,Skater227_1920x1080_30fps,av1,360p,360,50,ladder,137.477,10-bit src,30.0,52.33,64.736,47.485,47.485,50.731
Skater227_1920x1080_30fps__640x360__av1__crf60,Skater227_1920x1080_30fps,av1,360p,360,60,ladder,68.497,10-bit src,30.0,34.629,51.703,30.304,30.304,34.518
Skater227_1920x1080_30fps__640x360__h264__crf18,Skater227_1920x1080_30fps,h264,360p,360,18,ladder,1150.222,10-bit src,30.0,85.101,88.145,81.096,81.096,81.609
Skater227_1920x1080_30fps__640x360__h264__crf23,Skater227_1920x1080_30fps,h264,360p,360,23,ladder,625.861,10-bit src,30.0,73.938,80.398,70.268,70.268,71.791
Skater227_1920x1080_30fps__640x360__h264__crf28,Skater227_1920x1080_30fps,h264,360p,360,28,ladder,354.883,10-bit src,30.0,59.423,70.182,56.32,56.32,58.973
Skater227_1920x1080_30fps__640x360__h264__crf33,Skater227_1920x1080_30fps,h264,360p,360,33,ladder,212.942,10-bit src,30.0,42.888,58.306,40.535,40.535,44.234
Skater227_1920x1080_30fps__640x360__h264__crf38,Skater227_1920x1080_30fps,h264,360p,360,38,ladder,135.379,10-bit src,30.0,26.445,46.156,22.89,22.89,27.467
Skater227_1920x1080_30fps__640x360__h264__crf43,Skater227_1920x1080_30fps,h264,360p,360,43,ladder,91.434,10-bit src,30.0,14.541,36.811,9.311,9.311,13.758
Skater227_1920x1080_30fps__640x360__hevc__crf18,Skater227_1920x1080_30fps,hevc,360p,360,18,ladder,895.599,10-bit src,30.0,84.825,87.856,82.202,82.202,82.606
Skater227_1920x1080_30fps__640x360__hevc__crf23,Skater227_1920x1080_30fps,hevc,360p,360,23,ladder,489.12,10-bit src,30.0,75.753,81.544,73.124,73.124,74.393
Skater227_1920x1080_30fps__640x360__hevc__crf28,Skater227_1920x1080_30fps,hevc,360p,360,28,ladder,268.558,10-bit src,30.0,63.308,72.76,60.416,60.416,62.756
Skater227_1920x1080_30fps__640x360__hevc__crf33,Skater227_1920x1080_30fps,hevc,360p,360,33,ladder,151.717,10-bit src,30.0,48.598,62.242,44.614,44.614,48.063
Skater227_1920x1080_30fps__640x360__hevc__crf38,Skater227_1920x1080_30fps,hevc,360p,360,38,ladder,92.368,10-bit src,30.0,33.63,51.349,29.146,29.146,33.446
Skater227_1920x1080_30fps__640x360__hevc__crf43,Skater227_1920x1080_30fps,hevc,360p,360,43,ladder,60.211,10-bit src,30.0,19.069,40.34,13.514,13.514,18.321
Skater227_1920x1080_30fps__640x360__vp9__crf20,Skater227_1920x1080_30fps,vp9,360p,360,20,ladder,1209.131,10-bit src,30.0,89.008,90.949,85.502,85.502,85.569
Skater227_1920x1080_30fps__640x360__vp9__crf30,Skater227_1920x1080_30fps,vp9,360p,360,30,ladder,647.043,10-bit src,30.0,81.029,85.396,76.804,76.804,77.727
Skater227_1920x1080_30fps__640x360__vp9__crf40,Skater227_1920x1080_30fps,vp9,360p,360,40,ladder,302.569,10-bit src,30.0,67.351,75.87,62.26,62.26,64.447
Skater227_1920x1080_30fps__640x360__vp9__crf50,Skater227_1920x1080_30fps,vp9,360p,360,50,ladder,147.644,10-bit src,30.0,49.012,62.748,43.074,43.074,46.611
Skater227_1920x1080_30fps__640x360__vp9__crf60,Skater227_1920x1080_30fps,vp9,360p,360,60,ladder,76.951,10-bit src,30.0,30.461,49.175,22.079,22.079,26.626
Skater227_1920x1080_30fps__960x540__av1__crf20,Skater227_1920x1080_30fps,av1,540p,540,20,ladder,1588.82,10-bit src,30.0,95.515,96.023,91.412,91.412,90.856
Skater227_1920x1080_30fps__960x540__av1__crf30,Skater227_1920x1080_30fps,av1,540p,540,30,ladder,865.905,10-bit src,30.0,89.876,91.896,84.844,84.844,84.98
Skater227_1920x1080_30fps__960x540__av1__crf40,Skater227_1920x1080_30fps,av1,540p,540,40,ladder,424.686,10-bit src,30.0,78.59,83.905,73.921,73.921,75.11
Skater227_1920x1080_30fps__960x540__av1__crf50,Skater227_1920x1080_30fps,av1,540p,540,50,ladder,219.642,10-bit src,30.0,65.395,74.434,61.525,61.525,63.763
Skater227_1920x1080_30fps__960x540__av1__crf60,Skater227_1920x1080_30fps,av1,540p,540,60,ladder,105.214,10-bit src,30.0,46.194,60.426,42.031,42.031,45.614
Skater227_1920x1080_30fps__960x540__h264__crf18,Skater227_1920x1080_30fps,h264,540p,540,18,ladder,2227.044,10-bit src,30.0,94.376,95.059,90.473,90.473,90.022
Skater227_1920x1080_30fps__960x540__h264__crf23,Skater227_1920x1080_30fps,h264,540p,540,23,ladder,1174.958,10-bit src,30.0,85.867,89.027,81.608,81.608,82.074
Skater227_1920x1080_30fps__960x540__h264__crf28,Skater227_1920x1080_30fps,h264,540p,540,28,ladder,664.201,10-bit src,30.0,72.905,79.899,69.407,69.407,71.009
Skater227_1920x1080_30fps__960x540__h264__crf33,Skater227_1920x1080_30fps,h264,540p,540,33,ladder,403.838,10-bit src,30.0,56.971,68.654,54.641,54.641,57.419
Skater227_1920x1080_30fps__960x540__h264__crf38,Skater227_1920x1080_30fps,h264,540p,540,38,ladder,258.426,10-bit src,30.0,39.519,56.247,36.942,36.942,40.848
Skater227_1920x1080_30fps__960x540__h264__crf43,Skater227_1920x1080_30fps,h264,540p,540,43,ladder,178.955,10-bit src,30.0,23.315,44.534,19.318,19.318,24.034
Skater227_1920x1080_30fps__960x540__hevc__crf18,Skater227_1920x1080_30fps,hevc,540p,540,18,ladder,1610.378,10-bit src,30.0,93.743,94.576,90.965,90.965,90.46
Skater227_1920x1080_30fps__960x540__hevc__crf23,Skater227_1920x1080_30fps,hevc,540p,540,23,ladder,857.663,10-bit src,30.0,86.472,89.363,83.027,83.027,83.351
Skater227_1920x1080_30fps__960x540__hevc__crf28,Skater227_1920x1080_30fps,hevc,540p,540,28,ladder,467.338,10-bit src,30.0,75.538,81.709,72.192,72.192,73.545
Skater227_1920x1080_30fps__960x540__hevc__crf33,Skater227_1920x1080_30fps,hevc,540p,540,33,ladder,257.875,10-bit src,30.0,61.061,71.463,56.887,56.887,59.499
Skater227_1920x1080_30fps__960x540__hevc__crf38,Skater227_1920x1080_30fps,hevc,540p,540,38,ladder,151.477,10-bit src,30.0,44.771,59.78,40.372,40.372,44.08
Skater227_1920x1080_30fps__960x540__hevc__crf43,Skater227_1920x1080_30fps,hevc,540p,540,43,ladder,94.971,10-bit src,30.0,30.561,49.512,25.092,25.092,29.583
Skater227_1920x1080_30fps__960x540__vp9__crf20,Skater227_1920x1080_30fps,vp9,540p,540,20,ladder,2193.741,10-bit src,30.0,96.453,96.816,93.423,93.423,92.674
Skater227_1920x1080_30fps__960x540__vp9__crf30,Skater227_1920x1080_30fps,vp9,540p,540,30,ladder,1166.031,10-bit src,30.0,91.212,92.942,86.708,86.708,86.66
Skater227_1920x1080_30fps__960x540__vp9__crf40,Skater227_1920x1080_30fps,vp9,540p,540,40,ladder,530.566,10-bit src,30.0,79.904,85.075,74.727,74.727,75.844
Skater227_1920x1080_30fps__960x540__vp9__crf50,Skater227_1920x1080_30fps,vp9,540p,540,50,ladder,247.309,10-bit src,30.0,63.211,73.412,56.986,56.986,59.579
Skater227_1920x1080_30fps__960x540__vp9__crf60,Skater227_1920x1080_30fps,vp9,540p,540,60,ladder,122.64,10-bit src,30.0,43.786,59.53,35.442,35.442,39.413
ToddlerFountain_1920x1080_2997fps_10bit_420__1280x720__av1__crf20,ToddlerFountain_1920x1080_2997fps_10bit_420,av1,720p,720,20,ladder,33143.086,10-bit src,29.97002997002997,99.491,99.655,96.421,96.421,95.312
ToddlerFountain_1920x1080_2997fps_10bit_420__1280x720__av1__crf30,ToddlerFountain_1920x1080_2997fps_10bit_420,av1,720p,720,30,ladder,17547.851,10-bit src,29.97002997002997,92.987,96.251,87.815,87.815,87.646
ToddlerFountain_1920x1080_2997fps_10bit_420__1280x720__av1__crf40,ToddlerFountain_1920x1080_2997fps_10bit_420,av1,720p,720,40,ladder,7512.35,10-bit src,29.97002997002997,76.781,87.004,72.072,72.072,73.434
ToddlerFountain_1920x1080_2997fps_10bit_420__1280x720__av1__crf50,ToddlerFountain_1920x1080_2997fps_10bit_420,av1,720p,720,50,ladder,3075.095,10-bit src,29.97002997002997,54.635,73.602,52.095,52.095,55.052
ToddlerFountain_1920x1080_2997fps_10bit_420__1280x720__av1__crf60,ToddlerFountain_1920x1080_2997fps_10bit_420,av1,720p,720,60,ladder,940.423,10-bit src,29.97002997002997,29.157,56.226,24.666,24.666,29.183
ToddlerFountain_1920x1080_2997fps_10bit_420__1280x720__h264__crf18,ToddlerFountain_1920x1080_2997fps_10bit_420,h264,720p,720,18,ladder,28522.864,10-bit src,29.97002997002997,98.335,99.131,95.845,95.845,94.801
ToddlerFountain_1920x1080_2997fps_10bit_420__1280x720__h264__crf23,ToddlerFountain_1920x1080_2997fps_10bit_420,h264,720p,720,23,ladder,14721.933,10-bit src,29.97002997002997,87.656,93.217,87.748,87.748,87.589
ToddlerFountain_1920x1080_2997fps_10bit_420__1280x720__h264__crf28,ToddlerFountain_1920x1080_2997fps_10bit_420,h264,720p,720,28,ladder,6811.98,10-bit src,29.97002997002997,68.854,82.47,73.729,73.729,74.95
ToddlerFountain_1920x1080_2997fps_10bit_420__1280x720__h264__crf33,ToddlerFountain_1920x1080_2997fps_10bit_420,h264,720p,720,33,ladder,2917.118,10-bit src,29.97002997002997,45.968,68.526,53.098,53.098,55.999
ToddlerFountain_1920x1080_2997fps_10bit_420__1280x720__h264__crf38,ToddlerFountain_1920x1080_2997fps_10bit_420,h264,720p,720,38,ladder,1205.581,10-bit src,29.97002997002997,26.589,54.954,27.917,27.917,32.302
ToddlerFountain_1920x1080_2997fps_10bit_420__1280x720__h264__crf43,ToddlerFountain_1920x1080_2997fps_10bit_420,h264,720p,720,43,ladder,520.516,10-bit src,29.97002997002997,14.473,44.448,3.382,3.382,8.613
ToddlerFountain_1920x1080_2997fps_10bit_420__1280x720__hevc__crf18,ToddlerFountain_1920x1080_2997fps_10bit_420,hevc,720p,720,18,ladder,26556.397,10-bit src,29.97002997002997,93.537,95.959,92.23,92.23,91.589
ToddlerFountain_1920x1080_2997fps_10bit_420__1280x720__hevc__crf23,ToddlerFountain_1920x1080_2997fps_10bit_420,hevc,720p,720,23,ladder,14003.157,10-bit src,29.97002997002997,82.388,89.511,82.877,82.877,83.218
ToddlerFountain_1920x1080_2997fps_10bit_420__1280x720__hevc__crf28,ToddlerFountain_1920x1080_2997fps_10bit_420,hevc,720p,720,28,ladder,6621.876,10-bit src,29.97002997002997,65.443,79.645,68.272,68.272,69.973
ToddlerFountain_1920x1080_2997fps_10bit_420__1280x720__hevc__crf33,ToddlerFountain_1920x1080_2997fps_10bit_420,hevc,720p,720,33,ladder,2915.15,10-bit src,29.97002997002997,46.091,67.902,48.996,48.996,52.175
ToddlerFountain_1920x1080_2997fps_10bit_420__1280x720__hevc__crf38,ToddlerFountain_1920x1080_2997fps_10bit_420,hevc,720p,720,38,ladder,1191.428,10-bit src,29.97002997002997,29.237,56.524,26.653,26.653,31.089
ToddlerFountain_1920x1080_2997fps_10bit_420__1280x720__hevc__crf43,ToddlerFountain_1920x1080_2997fps_10bit_420,hevc,720p,720,43,ladder,442.307,10-bit src,29.97002997002997,15.992,45.751,4.116,4.116,9.198
ToddlerFountain_1920x1080_2997fps_10bit_420__1280x720__vp9__crf20,ToddlerFountain_1920x1080_2997fps_10bit_420,vp9,720p,720,20,ladder,39472.348,10-bit src,29.97002997002997,99.637,99.744,98.181,98.181,97.086
ToddlerFountain_1920x1080_2997fps_10bit_420__1280x720__vp9__crf30,ToddlerFountain_1920x1080_2997fps_10bit_420,vp9,720p,720,30,ladder,23572.375,10-bit src,29.97002997002997,94.696,97.204,92.185,92.185,91.569
ToddlerFountain_1920x1080_2997fps_10bit_420__1280x720__vp9__crf40,ToddlerFountain_1920x1080_2997fps_10bit_420,vp9,720p,720,40,ladder,11322.722,10-bit src,29.97002997002997,81.621,90.021,79.397,79.397,80.073
ToddlerFountain_1920x1080_2997fps_10bit_420__1280x720__vp9__crf50,ToddlerFountain_1920x1080_2997fps_10bit_420,vp9,720p,720,50,ladder,4713.606,10-bit src,29.97002997002997,60.92,78.038,59.607,59.607,62.0
ToddlerFountain_1920x1080_2997fps_10bit_420__1280x720__vp9__crf60,ToddlerFountain_1920x1080_2997fps_10bit_420,vp9,720p,720,60,ladder,1724.628,10-bit src,29.97002997002997,38.138,63.437,33.519,33.519,37.594
ToddlerFountain_1920x1080_2997fps_10bit_420__1920x1080__av1__crf20,ToddlerFountain_1920x1080_2997fps_10bit_420,av1,1080p,1080,20,ladder,67069.766,10-bit src,29.97002997002997,99.957,99.984,100.0,100.0,99.987
ToddlerFountain_1920x1080_2997fps_10bit_420__1920x1080__av1__crf30,ToddlerFountain_1920x1080_2997fps_10bit_420,av1,1080p,1080,30,ladder,35294.426,10-bit src,29.97002997002997,99.915,99.957,96.331,96.331,95.31
ToddlerFountain_1920x1080_2997fps_10bit_420__1920x1080__av1__crf40,ToddlerFountain_1920x1080_2997fps_10bit_420,av1,1080p,1080,40,ladder,14989.057,10-bit src,29.97002997002997,90.928,95.475,82.766,82.766,83.112
ToddlerFountain_1920x1080_2997fps_10bit_420__1920x1080__av1__crf50,ToddlerFountain_1920x1080_2997fps_10bit_420,av1,1080p,1080,50,ladder,5880.44,10-bit src,29.97002997002997,70.41,83.42,64.729,64.729,66.72
ToddlerFountain_1920x1080_2997fps_10bit_420__1920x1080__av1__crf60,ToddlerFountain_1920x1080_2997fps_10bit_420,av1,1080p,1080,60,ladder,1796.515,10-bit src,29.97002997002997,41.66,65.16,37.963,37.963,41.815
ToddlerFountain_1920x1080_2997fps_10bit_420__1920x1080__h264__crf18,ToddlerFountain_1920x1080_2997fps_10bit_420,h264,1080p,1080,18,ladder,58530.765,10-bit src,29.97002997002997,99.943,99.972,100.0,100.0,99.991
ToddlerFountain_1920x1080_2997fps_10bit_420__1920x1080__h264__crf23,ToddlerFountain_1920x1080_2997fps_10bit_420,h264,1080p,1080,23,ladder,30461.085,10-bit src,29.97002997002997,98.708,99.569,96.671,96.671,95.56
ToddlerFountain_1920x1080_2997fps_10bit_420__1920x1080__h264__crf28,ToddlerFountain_1920x1080_2997fps_10bit_420,h264,1080p,1080,28,ladder,14471.767,10-bit src,29.97002997002997,84.147,91.624,85.947,85.947,85.975
ToddlerFountain_1920x1080_2997fps_10bit_420__1920x1080__h264__crf33,ToddlerFountain_1920x1080_2997fps_10bit_420,h264,1080p,1080,33,ladder,6383.236,10-bit src,29.97002997002997,62.325,78.763,69.519,69.519,71.114
ToddlerFountain_1920x1080_2997fps_10bit_420__1920x1080__h264__crf38,ToddlerFountain_1920x1080_2997fps_10bit_420,h264,1080p,1080,38,ladder,2713.412,10-bit src,29.97002997002997,39.401,64.142,47.073,47.073,50.38
ToddlerFountain_1920x1080_2997fps_10bit_420__1920x1080__h264__crf43,ToddlerFountain_1920x1080_2997fps_10bit_420,h264,1080p,1080,43,ladder,1200.45,10-bit src,29.97002997002997,23.285,52.295,23.095,23.095,27.687
ToddlerFountain_1920x1080_2997fps_10bit_420__1920x1080__hevc__crf18,ToddlerFountain_1920x1080_2997fps_10bit_420,hevc,1080p,1080,18,ladder,54907.545,10-bit src,29.97002997002997,99.953,99.973,99.473,99.473,98.411
ToddlerFountain_1920x1080_2997fps_10bit_420__1920x1080__hevc__crf23,ToddlerFountain_1920x1080_2997fps_10bit_420,hevc,1080p,1080,23,ladder,28671.928,10-bit src,29.97002997002997,94.773,97.062,92.657,92.657,91.972
ToddlerFountain_1920x1080_2997fps_10bit_420__1920x1080__hevc__crf28,ToddlerFountain_1920x1080_2997fps_10bit_420,hevc,1080p,1080,28,ladder,13464.051,10-bit src,29.97002997002997,80.847,89.041,80.919,80.919,81.453
ToddlerFountain_1920x1080_2997fps_10bit_420__1920x1080__hevc__crf33,ToddlerFountain_1920x1080_2997fps_10bit_420,hevc,1080p,1080,33,ladder,5880.769,10-bit src,29.97002997002997,62.15,78.122,64.578,64.578,66.59
ToddlerFountain_1920x1080_2997fps_10bit_420__1920x1080__hevc__crf38,ToddlerFountain_1920x1080_2997fps_10bit_420,hevc,1080p,1080,38,ladder,2426.375,10-bit src,29.97002997002997,42.68,66.06,44.547,44.547,48.014
ToddlerFountain_1920x1080_2997fps_10bit_420__1920x1080__hevc__crf43,ToddlerFountain_1920x1080_2997fps_10bit_420,hevc,1080p,1080,43,ladder,962.901,10-bit src,29.97002997002997,25.965,54.17,21.271,21.271,25.938
ToddlerFountain_1920x1080_2997fps_10bit_420__1920x1080__vp9__crf20,ToddlerFountain_1920x1080_2997fps_10bit_420,vp9,1080p,1080,20,ladder,79630.398,10-bit src,29.97002997002997,99.975,100.0,100.0,100.0,100.0
ToddlerFountain_1920x1080_2997fps_10bit_420__1920x1080__vp9__crf30,ToddlerFountain_1920x1080_2997fps_10bit_420,vp9,1080p,1080,30,ladder,46159.463,10-bit src,29.97002997002997,99.969,99.994,99.148,99.148,98.179
ToddlerFountain_1920x1080_2997fps_10bit_420__1920x1080__vp9__crf40,ToddlerFountain_1920x1080_2997fps_10bit_420,vp9,1080p,1080,40,ladder,22393.119,10-bit src,29.97002997002997,94.026,97.286,90.171,90.171,89.771
ToddlerFountain_1920x1080_2997fps_10bit_420__1920x1080__vp9__crf50,ToddlerFountain_1920x1080_2997fps_10bit_420,vp9,1080p,1080,50,ladder,9264.522,10-bit src,29.97002997002997,76.658,87.669,73.102,73.102,74.363
ToddlerFountain_1920x1080_2997fps_10bit_420__1920x1080__vp9__crf60,ToddlerFountain_1920x1080_2997fps_10bit_420,vp9,1080p,1080,60,ladder,3310.69,10-bit src,29.97002997002997,52.144,72.941,48.224,48.224,51.428
ToddlerFountain_1920x1080_2997fps_10bit_420__640x360__av1__crf20,ToddlerFountain_1920x1080_2997fps_10bit_420,av1,360p,360,20,ladder,9353.942,10-bit src,29.97002997002997,73.95,83.614,70.557,70.557,72.062
ToddlerFountain_1920x1080_2997fps_10bit_420__640x360__av1__crf30,ToddlerFountain_1920x1080_2997fps_10bit_420,av1,360p,360,30,ladder,5104.232,10-bit src,29.97002997002997,63.277,77.791,58.936,58.936,61.4
ToddlerFountain_1920x1080_2997fps_10bit_420__640x360__av1__crf40,ToddlerFountain_1920x1080_2997fps_10bit_420,av1,360p,360,40,ladder,2336.158,10-bit src,29.97002997002997,45.294,67.098,40.825,40.825,44.521
ToddlerFountain_1920x1080_2997fps_10bit_420__640x360__av1__crf50,ToddlerFountain_1920x1080_2997fps_10bit_420,av1,360p,360,50,ladder,991.677,10-bit src,29.97002997002997,27.607,54.992,21.919,21.919,26.556
ToddlerFountain_1920x1080_2997fps_10bit_420__640x360__av1__crf60,ToddlerFountain_1920x1080_2997fps_10bit_420,av1,360p,360,60,ladder,266.132,10-bit src,29.97002997002997,11.093,41.153,0.961,0.961,3.659
ToddlerFountain_1920x1080_2997fps_10bit_420__640x360__h264__crf18,ToddlerFountain_1920x1080_2997fps_10bit_420,h264,360p,360,18,ladder,7783.915,10-bit src,29.97002997002997,69.859,81.285,68.994,68.994,70.637
ToddlerFountain_1920x1080_2997fps_10bit_420__640x360__h264__crf23,ToddlerFountain_1920x1080_2997fps_10bit_420,h264,360p,360,23,ladder,4024.009,10-bit src,29.97002997002997,54.61,72.675,56.369,56.369,59.03
ToddlerFountain_1920x1080_2997fps_10bit_420__640x360__h264__crf28,ToddlerFountain_1920x1080_2997fps_10bit_420,h264,360p,360,28,ladder,1840.178,10-bit src,29.97002997002997,35.975,61.186,37.925,37.925,41.793
ToddlerFountain_1920x1080_2997fps_10bit_420__640x360__h264__crf33,ToddlerFountain_1920x1080_2997fps_10bit_420,h264,360p,360,33,ladder,769.776,10-bit src,29.97002997002997,21.045,50.317,15.01,15.01,19.912
ToddlerFountain_1920x1080_2997fps_10bit_420__640x360__h264__crf38,ToddlerFountain_1920x1080_2997fps_10bit_420,h264,360p,360,38,ladder,297.324,10-bit src,29.97002997002997,11.165,41.145,0.109,0.109,0.644
ToddlerFountain_1920x1080_2997fps_10bit_420__640x360__h264__crf43,ToddlerFountain_1920x1080_2997fps_10bit_420,h264,360p,360,43,ladder,120.158,10-bit src,29.97002997002997,5.08,33.592,0.0,0.0,0.0
ToddlerFountain_1920x1080_2997fps_10bit_420__640x360__hevc__crf18,ToddlerFountain_1920x1080_2997fps_10bit_420,hevc,360p,360,18,ladder,7693.996,10-bit src,29.97002997002997,64.431,77.54,66.762,66.762,68.595
ToddlerFountain_1920x1080_2997fps_10bit_420__640x360__hevc__crf23,ToddlerFountain_1920x1080_2997fps_10bit_420,hevc,360p,360,23,ladder,4106.442,10-bit src,29.97002997002997,50.158,69.186,53.833,53.833,56.678
ToddlerFountain_1920x1080_2997fps_10bit_420__640x360__hevc__crf28,ToddlerFountain_1920x1080_2997fps_10bit_420,hevc,360p,360,28,ladder,1963.869,10-bit src,29.97002997002997,34.27,59.279,35.725,35.725,39.71
ToddlerFountain_1920x1080_2997fps_10bit_420__640x360__hevc__crf33,ToddlerFountain_1920x1080_2997fps_10bit_420,hevc,360p,360,33,ladder,859.879,10-bit src,29.97002997002997,20.859,49.72,15.181,15.181,20.075
ToddlerFountain_1920x1080_2997fps_10bit_420__640x360__hevc__crf38,ToddlerFountain_1920x1080_2997fps_10bit_420,hevc,360p,360,38,ladder,326.874,10-bit src,29.97002997002997,11.224,41.286,0.472,0.472,2.149
ToddlerFountain_1920x1080_2997fps_10bit_420__640x360__hevc__crf43,ToddlerFountain_1920x1080_2997fps_10bit_420,hevc,360p,360,43,ladder,103.214,10-bit src,29.97002997002997,4.233,33.44,0.0,0.0,0.0
ToddlerFountain_1920x1080_2997fps_10bit_420__640x360__vp9__crf20,ToddlerFountain_1920x1080_2997fps_10bit_420,vp9,360p,360,20,ladder,11360.392,10-bit src,29.97002997002997,75.308,84.287,75.781,75.781,76.81
ToddlerFountain_1920x1080_2997fps_10bit_420__640x360__vp9__crf30,ToddlerFountain_1920x1080_2997fps_10bit_420,vp9,360p,360,30,ladder,6957.196,10-bit src,29.97002997002997,65.932,79.156,67.082,67.082,68.883
ToddlerFountain_1920x1080_2997fps_10bit_420__640x360__vp9__crf40,ToddlerFountain_1920x1080_2997fps_10bit_420,vp9,360p,360,40,ladder,3419.052,10-bit src,29.97002997002997,49.726,69.883,50.453,50.453,53.525
ToddlerFountain_1920x1080_2997fps_10bit_420__640x360__vp9__crf50,ToddlerFountain_1920x1080_2997fps_10bit_420,vp9,360p,360,50,ladder,1456.959,10-bit src,29.97002997002997,31.999,58.459,27.526,27.526,31.907
ToddlerFountain_1920x1080_2997fps_10bit_420__640x360__vp9__crf60,ToddlerFountain_1920x1080_2997fps_10bit_420,vp9,360p,360,60,ladder,549.249,10-bit src,29.97002997002997,17.809,47.396,4.876,4.876,9.481
ToddlerFountain_1920x1080_2997fps_10bit_420__960x540__av1__crf20,ToddlerFountain_1920x1080_2997fps_10bit_420,av1,540p,540,20,ladder,19715.275,10-bit src,29.97002997002997,91.752,94.849,86.424,86.424,86.402
ToddlerFountain_1920x1080_2997fps_10bit_420__960x540__av1__crf30,ToddlerFountain_1920x1080_2997fps_10bit_420,av1,540p,540,30,ladder,10658.988,10-bit src,29.97002997002997,83.236,90.221,75.123,75.123,76.211
ToddlerFountain_1920x1080_2997fps_10bit_420__960x540__av1__crf40,ToddlerFountain_1920x1080_2997fps_10bit_420,av1,540p,540,40,ladder,4776.276,10-bit src,29.97002997002997,65.749,80.247,58.76,58.76,61.234
ToddlerFountain_1920x1080_2997fps_10bit_420__960x540__av1__crf50,ToddlerFountain_1920x1080_2997fps_10bit_420,av1,540p,540,50,ladder,1985.045,10-bit src,29.97002997002997,44.443,66.996,39.783,39.783,43.534
ToddlerFountain_1920x1080_2997fps_10bit_420__960x540__av1__crf60,ToddlerFountain_1920x1080_2997fps_10bit_420,av1,540p,540,60,ladder,587.18,10-bit src,29.97002997002997,22.037,50.691,14.632,14.632,19.539
ToddlerFountain_1920x1080_2997fps_10bit_420__960x540__h264__crf18,ToddlerFountain_1920x1080_2997fps_10bit_420,h264,540p,540,18,ladder,16503.214,10-bit src,29.97002997002997,88.329,92.842,84.93,84.93,85.064
ToddlerFountain_1920x1080_2997fps_10bit_420__960x540__h264__crf23,ToddlerFountain_1920x1080_2997fps_10bit_420,h264,540p,540,23,ladder,8513.13,10-bit src,29.97002997002997,75.036,85.42,74.009,74.009,75.204
ToddlerFountain_1920x1080_2997fps_10bit_420__960x540__h264__crf28,ToddlerFountain_1920x1080_2997fps_10bit_420,h264,540p,540,28,ladder,3896.068,10-bit src,29.97002997002997,54.613,73.53,57.495,57.495,60.07
ToddlerFountain_1920x1080_2997fps_10bit_420__960x540__h264__crf33,ToddlerFountain_1920x1080_2997fps_10bit_420,h264,540p,540,33,ladder,1660.969,10-bit src,29.97002997002997,34.342,60.496,35.704,35.704,39.693
ToddlerFountain_1920x1080_2997fps_10bit_420__960x540__h264__crf38,ToddlerFountain_1920x1080_2997fps_10bit_420,h264,540p,540,38,ladder,672.922,10-bit src,29.97002997002997,19.032,48.641,11.649,11.649,16.658
ToddlerFountain_1920x1080_2997fps_10bit_420__960x540__h264__crf43,ToddlerFountain_1920x1080_2997fps_10bit_420,h264,540p,540,43,ladder,283.381,10-bit src,29.97002997002997,10.023,39.767,0.093,0.093,0.4
ToddlerFountain_1920x1080_2997fps_10bit_420__960x540__hevc__crf18,ToddlerFountain_1920x1080_2997fps_10bit_420,hevc,540p,540,18,ladder,16099.777,10-bit src,29.97002997002997,83.46,89.535,82.732,82.732,83.087
ToddlerFountain_1920x1080_2997fps_10bit_420__960x540__hevc__crf23,ToddlerFountain_1920x1080_2997fps_10bit_420,hevc,540p,540,23,ladder,8498.766,10-bit src,29.97002997002997,70.445,82.064,71.556,71.556,72.971
ToddlerFountain_1920x1080_2997fps_10bit_420__960x540__hevc__crf28,ToddlerFountain_1920x1080_2997fps_10bit_420,hevc,540p,540,28,ladder,4028.973,10-bit src,29.97002997002997,52.818,71.691,55.564,55.564,58.281
ToddlerFountain_1920x1080_2997fps_10bit_420__960x540__hevc__crf33,ToddlerFountain_1920x1080_2997fps_10bit_420,hevc,540p,540,33,ladder,1765.697,10-bit src,29.97002997002997,35.031,60.379,34.689,34.689,38.73
ToddlerFountain_1920x1080_2997fps_10bit_420__960x540__hevc__crf38,ToddlerFountain_1920x1080_2997fps_10bit_420,hevc,540p,540,38,ladder,707.089,10-bit src,29.97002997002997,21.087,50.118,12.934,12.934,17.901
ToddlerFountain_1920x1080_2997fps_10bit_420__960x540__hevc__crf43,ToddlerFountain_1920x1080_2997fps_10bit_420,hevc,540p,540,43,ladder,244.296,10-bit src,29.97002997002997,9.688,39.655,0.036,0.036,0.609
ToddlerFountain_1920x1080_2997fps_10bit_420__960x540__vp9__crf20,ToddlerFountain_1920x1080_2997fps_10bit_420,vp9,540p,540,20,ladder,24051.81,10-bit src,29.97002997002997,92.339,95.095,90.504,90.504,90.05
ToddlerFountain_1920x1080_2997fps_10bit_420__960x540__vp9__crf30,ToddlerFountain_1920x1080_2997fps_10bit_420,vp9,540p,540,30,ladder,14514.48,10-bit src,29.97002997002997,84.928,91.072,83.162,83.162,83.471
ToddlerFountain_1920x1080_2997fps_10bit_420__960x540__vp9__crf40,ToddlerFountain_1920x1080_2997fps_10bit_420,vp9,540p,540,40,ladder,7015.14,10-bit src,29.97002997002997,69.734,82.67,68.119,68.119,69.826
ToddlerFountain_1920x1080_2997fps_10bit_420__960x540__vp9__crf50,ToddlerFountain_1920x1080_2997fps_10bit_420,vp9,540p,540,50,ladder,2945.305,10-bit src,29.97002997002997,49.112,70.388,46.043,46.043,49.398
ToddlerFountain_1920x1080_2997fps_10bit_420__960x540__vp9__crf60,ToddlerFountain_1920x1080_2997fps_10bit_420,vp9,540p,540,60,ladder,1091.008,10-bit src,29.97002997002997,29.563,57.088,20.64,20.64,25.309
TreesAndGrass_1920_1080_30fps_8bit__1280x720__av1__crf20,TreesAndGrass_1920_1080_30fps_8bit,av1,720p,720,20,ladder,33134.135,8-bit src,30.0,99.395,99.642,98.619,98.595,97.524
TreesAndGrass_1920_1080_30fps_8bit__1280x720__av1__crf30,TreesAndGrass_1920_1080_30fps_8bit,av1,720p,720,30,ladder,15826.533,8-bit src,30.0,97.333,99.101,94.936,94.908,94.002
TreesAndGrass_1920_1080_30fps_8bit__1280x720__av1__crf40,TreesAndGrass_1920_1080_30fps_8bit,av1,720p,720,40,ladder,7077.481,8-bit src,30.0,91.437,97.969,88.455,88.435,88.219
TreesAndGrass_1920_1080_30fps_8bit__1280x720__av1__crf50,TreesAndGrass_1920_1080_30fps_8bit,av1,720p,720,50,ladder,3540.935,8-bit src,30.0,82.481,96.226,80.773,80.758,81.317
TreesAndGrass_1920_1080_30fps_8bit__1280x720__av1__crf60,TreesAndGrass_1920_1080_30fps_8bit,av1,720p,720,60,ladder,1223.924,8-bit src,30.0,64.94,89.419,64.253,64.235,66.264
TreesAndGrass_1920_1080_30fps_8bit__1280x720__h264__crf18,TreesAndGrass_1920_1080_30fps_8bit,h264,720p,720,18,ladder,21664.463,8-bit src,30.0,98.563,99.341,97.237,97.212,96.209
TreesAndGrass_1920_1080_30fps_8bit__1280x720__h264__crf23,TreesAndGrass_1920_1080_30fps_8bit,h264,720p,720,23,ladder,9356.287,8-bit src,30.0,94.261,98.434,92.53,92.507,91.853
TreesAndGrass_1920_1080_30fps_8bit__1280x720__h264__crf28,TreesAndGrass_1920_1080_30fps_8bit,h264,720p,720,28,ladder,4056.341,8-bit src,30.0,83.807,96.177,84.617,84.604,84.777
TreesAndGrass_1920_1080_30fps_8bit__1280x720__h264__crf33,TreesAndGrass_1920_1080_30fps_8bit,h264,720p,720,33,ladder,1802.702,8-bit src,30.0,66.557,89.846,71.573,71.564,72.977
TreesAndGrass_1920_1080_30fps_8bit__1280x720__h264__crf38,TreesAndGrass_1920_1080_30fps_8bit,h264,720p,720,38,ladder,824.889,8-bit src,30.0,47.013,80.563,53.298,53.282,56.167
TreesAndGrass_1920_1080_30fps_8bit__1280x720__h264__crf43,TreesAndGrass_1920_1080_30fps_8bit,h264,720p,720,43,ladder,418.221,8-bit src,30.0,32.388,70.935,31.71,31.677,35.896
TreesAndGrass_1920_1080_30fps_8bit__1280x720__hevc__crf18,TreesAndGrass_1920_1080_30fps_8bit,hevc,720p,720,18,ladder,22301.105,8-bit src,30.0,98.718,99.386,96.696,96.663,95.588
TreesAndGrass_1920_1080_30fps_8bit__1280x720__hevc__crf23,TreesAndGrass_1920_1080_30fps_8bit,hevc,720p,720,23,ladder,11302.626,8-bit src,30.0,94.659,98.688,91.666,91.643,91.084
TreesAndGrass_1920_1080_30fps_8bit__1280x720__hevc__crf28,TreesAndGrass_1920_1080_30fps_8bit,hevc,720p,720,28,ladder,5838.353,8-bit src,30.0,84.704,96.956,83.852,83.83,84.087
TreesAndGrass_1920_1080_30fps_8bit__1280x720__hevc__crf33,TreesAndGrass_1920_1080_30fps_8bit,hevc,720p,720,33,ladder,2816.116,8-bit src,30.0,68.933,91.02,71.268,71.26,72.688
TreesAndGrass_1920_1080_30fps_8bit__1280x720__hevc__crf38,TreesAndGrass_1920_1080_30fps_8bit,hevc,720p,720,38,ladder,1102.977,8-bit src,30.0,50.612,82.16,52.881,52.871,55.75
TreesAndGrass_1920_1080_30fps_8bit__1280x720__hevc__crf43,TreesAndGrass_1920_1080_30fps_8bit,hevc,720p,720,43,ladder,372.911,8-bit src,30.0,35.323,72.751,30.838,30.822,35.018
TreesAndGrass_1920_1080_30fps_8bit__1280x720__vp9__crf20,TreesAndGrass_1920_1080_30fps_8bit,vp9,720p,720,20,ladder,36307.439,8-bit src,30.0,99.534,99.712,99.092,99.073,98.109
TreesAndGrass_1920_1080_30fps_8bit__1280x720__vp9__crf30,TreesAndGrass_1920_1080_30fps_8bit,vp9,720p,720,30,ladder,19266.276,8-bit src,30.0,98.272,99.367,96.411,96.376,95.374
TreesAndGrass_1920_1080_30fps_8bit__1280x720__vp9__crf40,TreesAndGrass_1920_1080_30fps_8bit,vp9,720p,720,40,ladder,7804.534,8-bit src,30.0,91.785,98.172,89.745,89.714,89.37
TreesAndGrass_1920_1080_30fps_8bit__1280x720__vp9__crf50,TreesAndGrass_1920_1080_30fps_8bit,vp9,720p,720,50,ladder,3081.855,8-bit src,30.0,76.916,94.487,77.245,77.217,78.129
TreesAndGrass_1920_1080_30fps_8bit__1280x720__vp9__crf60,TreesAndGrass_1920_1080_30fps_8bit,vp9,720p,720,60,ladder,1076.425,8-bit src,30.0,56.415,85.742,57.103,57.073,59.686
TreesAndGrass_1920_1080_30fps_8bit__1920x1080__av1__crf20,TreesAndGrass_1920_1080_30fps_8bit,av1,1080p,1080,20,ladder,83430.253,8-bit src,30.0,99.969,99.994,100.0,100.0,100.0
TreesAndGrass_1920_1080_30fps_8bit__1920x1080__av1__crf30,TreesAndGrass_1920_1080_30fps_8bit,av1,1080p,1080,30,ladder,42659.389,8-bit src,30.0,99.948,99.976,99.997,99.997,99.963
TreesAndGrass_1920_1080_30fps_8bit__1920x1080__av1__crf40,TreesAndGrass_1920_1080_30fps_8bit,av1,1080p,1080,40,ladder,16245.433,8-bit src,30.0,99.481,99.785,98.418,98.42,97.295
TreesAndGrass_1920_1080_30fps_8bit__1920x1080__av1__crf50,TreesAndGrass_1920_1080_30fps_8bit,av1,1080p,1080,50,ladder,7649.233,8-bit src,30.0,95.583,99.341,91.479,91.486,90.915
TreesAndGrass_1920_1080_30fps_8bit__1920x1080__av1__crf60,TreesAndGrass_1920_1080_30fps_8bit,av1,1080p,1080,60,ladder,2692.669,8-bit src,30.0,78.835,96.281,76.062,76.115,77.033
TreesAndGrass_1920_1080_30fps_8bit__1920x1080__h264__crf18,TreesAndGrass_1920_1080_30fps_8bit,h264,1080p,1080,18,ladder,57046.942,8-bit src,30.0,99.962,99.987,100.0,100.0,99.998
TreesAndGrass_1920_1080_30fps_8bit__1920x1080__h264__crf23,TreesAndGrass_1920_1080_30fps_8bit,h264,1080p,1080,23,ladder,24300.2,8-bit src,30.0,99.831,99.912,99.922,99.922,99.749
TreesAndGrass_1920_1080_30fps_8bit__1920x1080__h264__crf28,TreesAndGrass_1920_1080_30fps_8bit,h264,1080p,1080,28,ladder,9802.66,8-bit src,30.0,97.549,99.406,96.722,96.723,95.606
TreesAndGrass_1920_1080_30fps_8bit__1920x1080__h264__crf33,TreesAndGrass_1920_1080_30fps_8bit,h264,1080p,1080,33,ladder,4276.691,8-bit src,30.0,83.836,97.025,85.894,85.902,85.922
TreesAndGrass_1920_1080_30fps_8bit__1920x1080__h264__crf38,TreesAndGrass_1920_1080_30fps_8bit,h264,1080p,1080,38,ladder,2001.633,8-bit src,30.0,62.098,88.641,69.12,69.166,70.737
TreesAndGrass_1920_1080_30fps_8bit__1920x1080__h264__crf43,TreesAndGrass_1920_1080_30fps_8bit,h264,1080p,1080,43,ladder,1005.284,8-bit src,30.0,41.007,77.447,45.935,46.089,49.304
TreesAndGrass_1920_1080_30fps_8bit__1920x1080__hevc__crf18,TreesAndGrass_1920_1080_30fps_8bit,hevc,1080p,1080,18,ladder,57058.802,8-bit src,30.0,99.966,99.992,100.0,100.0,99.995
TreesAndGrass_1920_1080_30fps_8bit__1920x1080__hevc__crf23,TreesAndGrass_1920_1080_30fps_8bit,hevc,1080p,1080,23,ladder,28004.66,8-bit src,30.0,99.853,99.917,99.755,99.755,99.277
TreesAndGrass_1920_1080_30fps_8bit__1920x1080__hevc__crf28,TreesAndGrass_1920_1080_30fps_8bit,hevc,1080p,1080,28,ladder,13466.629,8-bit src,30.0,97.809,99.47,94.789,94.789,93.888
TreesAndGrass_1920_1080_30fps_8bit__1920x1080__hevc__crf33,TreesAndGrass_1920_1080_30fps_8bit,hevc,1080p,1080,33,ladder,6558.497,8-bit src,30.0,84.763,97.681,84.366,84.369,84.544
TreesAndGrass_1920_1080_30fps_8bit__1920x1080__hevc__crf38,TreesAndGrass_1920_1080_30fps_8bit,hevc,1080p,1080,38,ladder,2738.987,8-bit src,30.0,65.315,90.214,67.374,67.397,69.109
TreesAndGrass_1920_1080_30fps_8bit__1920x1080__hevc__crf43,TreesAndGrass_1920_1080_30fps_8bit,hevc,1080p,1080,43,ladder,937.759,8-bit src,30.0,45.726,79.873,45.368,45.506,48.728
TreesAndGrass_1920_1080_30fps_8bit__1920x1080__vp9__crf20,TreesAndGrass_1920_1080_30fps_8bit,vp9,1080p,1080,20,ladder,90900.244,8-bit src,30.0,99.976,100.0,100.0,100.0,100.0
TreesAndGrass_1920_1080_30fps_8bit__1920x1080__vp9__crf30,TreesAndGrass_1920_1080_30fps_8bit,vp9,1080p,1080,30,ladder,50299.437,8-bit src,30.0,99.971,99.997,99.997,99.997,99.984
TreesAndGrass_1920_1080_30fps_8bit__1920x1080__vp9__crf40,TreesAndGrass_1920_1080_30fps_8bit,vp9,1080p,1080,40,ladder,19629.88,8-bit src,30.0,99.608,99.864,99.136,99.137,98.292
TreesAndGrass_1920_1080_30fps_8bit__1920x1080__vp9__crf50,TreesAndGrass_1920_1080_30fps_8bit,vp9,1080p,1080,50,ladder,7068.499,8-bit src,30.0,93.574,98.895,90.628,90.637,90.172
TreesAndGrass_1920_1080_30fps_8bit__1920x1080__vp9__crf60,TreesAndGrass_1920_1080_30fps_8bit,vp9,1080p,1080,60,ladder,2543.545,8-bit src,30.0,74.494,94.508,74.061,74.117,75.235
TreesAndGrass_1920_1080_30fps_8bit__640x360__av1__crf20,TreesAndGrass_1920_1080_30fps_8bit,av1,360p,360,20,ladder,6530.071,8-bit src,30.0,72.705,89.793,70.522,70.491,72.025
TreesAndGrass_1920_1080_30fps_8bit__640x360__av1__crf30,TreesAndGrass_1920_1080_30fps_8bit,av1,360p,360,30,ladder,3082.588,8-bit src,30.0,66.822,87.339,65.446,65.414,67.385
TreesAndGrass_1920_1080_30fps_8bit__640x360__av1__crf40,TreesAndGrass_1920_1080_30fps_8bit,av1,360p,360,40,ladder,1425.726,8-bit src,30.0,58.527,83.848,57.627,57.586,60.187
TreesAndGrass_1920_1080_30fps_8bit__640x360__av1__crf50,TreesAndGrass_1920_1080_30fps_8bit,av1,360p,360,50,ladder,742.089,8-bit src,30.0,49.875,79.995,49.16,49.092,52.321
TreesAndGrass_1920_1080_30fps_8bit__640x360__av1__crf60,TreesAndGrass_1920_1080_30fps_8bit,av1,360p,360,60,ladder,266.955,8-bit src,30.0,37.468,73.412,33.826,33.681,37.894
TreesAndGrass_1920_1080_30fps_8bit__640x360__h264__crf18,TreesAndGrass_1920_1080_30fps_8bit,h264,360p,360,18,ladder,5436.931,8-bit src,30.0,69.646,88.286,67.841,67.805,69.577
TreesAndGrass_1920_1080_30fps_8bit__640x360__h264__crf23,TreesAndGrass_1920_1080_30fps_8bit,h264,360p,360,23,ladder,2441.875,8-bit src,30.0,61.094,84.744,60.348,60.306,62.699
TreesAndGrass_1920_1080_30fps_8bit__640x360__h264__crf28,TreesAndGrass_1920_1080_30fps_8bit,h264,360p,360,28,ladder,1023.972,8-bit src,30.0,48.651,79.24,49.658,49.611,52.789
TreesAndGrass_1920_1080_30fps_8bit__640x360__h264__crf33,TreesAndGrass_1920_1080_30fps_8bit,h264,360p,360,33,ladder,439.337,8-bit src,30.0,35.503,72.164,35.235,35.154,39.242
TreesAndGrass_1920_1080_30fps_8bit__640x360__h264__crf38,TreesAndGrass_1920_1080_30fps_8bit,h264,360p,360,38,ladder,205.273,8-bit src,30.0,25.933,65.258,18.633,18.431,23.399
TreesAndGrass_1920_1080_30fps_8bit__640x360__h264__crf43,TreesAndGrass_1920_1080_30fps_8bit,h264,360p,360,43,ladder,119.612,8-bit src,30.0,19.932,59.256,3.334,3.11,7.505
TreesAndGrass_1920_1080_30fps_8bit__640x360__hevc__crf18,TreesAndGrass_1920_1080_30fps_8bit,hevc,360p,360,18,ladder,5051.69,8-bit src,30.0,69.623,88.414,69.006,68.976,70.642
TreesAndGrass_1920_1080_30fps_8bit__640x360__hevc__crf23,TreesAndGrass_1920_1080_30fps_8bit,hevc,360p,360,23,ladder,2536.317,8-bit src,30.0,62.377,85.354,63.221,63.195,65.344
TreesAndGrass_1920_1080_30fps_8bit__640x360__hevc__crf28,TreesAndGrass_1920_1080_30fps_8bit,hevc,360p,360,28,ladder,1195.583,8-bit src,30.0,51.716,80.524,53.798,53.767,56.639
TreesAndGrass_1920_1080_30fps_8bit__640x360__hevc__crf33,TreesAndGrass_1920_1080_30fps_8bit,hevc,360p,360,33,ladder,519.815,8-bit src,30.0,39.345,74.173,40.132,40.087,43.859
TreesAndGrass_1920_1080_30fps_8bit__640x360__hevc__crf38,TreesAndGrass_1920_1080_30fps_8bit,hevc,360p,360,38,ladder,216.998,8-bit src,30.0,28.655,67.284,22.758,22.692,27.351
TreesAndGrass_1920_1080_30fps_8bit__640x360__hevc__crf43,TreesAndGrass_1920_1080_30fps_8bit,hevc,360p,360,43,ladder,97.277,8-bit src,30.0,20.832,60.399,5.053,4.901,9.505
TreesAndGrass_1920_1080_30fps_8bit__640x360__vp9__crf20,TreesAndGrass_1920_1080_30fps_8bit,vp9,360p,360,20,ladder,8497.925,8-bit src,30.0,73.523,90.182,72.15,72.127,73.508
TreesAndGrass_1920_1080_30fps_8bit__640x360__vp9__crf30,TreesAndGrass_1920_1080_30fps_8bit,vp9,360p,360,30,ladder,4506.56,8-bit src,30.0,67.879,87.911,68.05,68.022,69.768
TreesAndGrass_1920_1080_30fps_8bit__640x360__vp9__crf40,TreesAndGrass_1920_1080_30fps_8bit,vp9,360p,360,40,ladder,1832.622,8-bit src,30.0,57.069,83.353,58.954,58.92,61.411
TreesAndGrass_1920_1080_30fps_8bit__640x360__vp9__crf50,TreesAndGrass_1920_1080_30fps_8bit,vp9,360p,360,50,ladder,666.23,8-bit src,30.0,42.597,76.315,42.777,42.668,46.345
TreesAndGrass_1920_1080_30fps_8bit__640x360__vp9__crf60,TreesAndGrass_1920_1080_30fps_8bit,vp9,360p,360,60,ladder,236.82,8-bit src,30.0,30.639,68.951,22.379,22.235,26.985
TreesAndGrass_1920_1080_30fps_8bit__960x540__av1__crf20,TreesAndGrass_1920_1080_30fps_8bit,av1,540p,540,20,ladder,16450.27,8-bit src,30.0,92.133,97.553,88.073,88.022,87.877
TreesAndGrass_1920_1080_30fps_8bit__960x540__av1__crf30,TreesAndGrass_1920_1080_30fps_8bit,av1,540p,540,30,ladder,7811.164,8-bit src,30.0,87.474,96.509,83.79,83.747,84.037
TreesAndGrass_1920_1080_30fps_8bit__960x540__av1__crf40,TreesAndGrass_1920_1080_30fps_8bit,av1,540p,540,40,ladder,3546.564,8-bit src,30.0,79.665,94.332,76.712,76.671,77.651
TreesAndGrass_1920_1080_30fps_8bit__960x540__av1__crf50,TreesAndGrass_1920_1080_30fps_8bit,av1,540p,540,50,ladder,1882.368,8-bit src,30.0,70.974,91.092,69.396,69.36,70.994
TreesAndGrass_1920_1080_30fps_8bit__960x540__av1__crf60,TreesAndGrass_1920_1080_30fps_8bit,av1,540p,540,60,ladder,663.492,8-bit src,30.0,55.338,84.375,53.876,53.825,56.69
TreesAndGrass_1920_1080_30fps_8bit__960x540__h264__crf18,TreesAndGrass_1920_1080_30fps_8bit,h264,540p,540,18,ladder,12706.234,8-bit src,30.0,89.567,96.749,86.471,86.429,86.442
TreesAndGrass_1920_1080_30fps_8bit__960x540__h264__crf23,TreesAndGrass_1920_1080_30fps_8bit,h264,540p,540,23,ladder,5659.408,8-bit src,30.0,82.24,94.677,80.668,80.636,81.226
TreesAndGrass_1920_1080_30fps_8bit__960x540__h264__crf28,TreesAndGrass_1920_1080_30fps_8bit,h264,540p,540,28,ladder,2396.161,8-bit src,30.0,69.715,90.083,71.75,71.729,73.144
TreesAndGrass_1920_1080_30fps_8bit__960x540__h264__crf33,TreesAndGrass_1920_1080_30fps_8bit,h264,540p,540,33,ladder,1005.455,8-bit src,30.0,52.776,82.776,57.261,57.239,59.844
TreesAndGrass_1920_1080_30fps_8bit__960x540__h264__crf38,TreesAndGrass_1920_1080_30fps_8bit,h264,540p,540,38,ladder,442.379,8-bit src,30.0,36.857,73.96,39.067,39.005,42.858
TreesAndGrass_1920_1080_30fps_8bit__960x540__h264__crf43,TreesAndGrass_1920_1080_30fps_8bit,h264,540p,540,43,ladder,240.317,8-bit src,30.0,26.81,66.049,19.673,19.511,24.398
TreesAndGrass_1920_1080_30fps_8bit__960x540__hevc__crf18,TreesAndGrass_1920_1080_30fps_8bit,hevc,540p,540,18,ladder,12549.967,8-bit src,30.0,89.516,96.936,86.507,86.463,86.475
TreesAndGrass_1920_1080_30fps_8bit__960x540__hevc__crf23,TreesAndGrass_1920_1080_30fps_8bit,hevc,540p,540,23,ladder,6597.561,8-bit src,30.0,82.966,95.234,81.552,81.518,82.023
TreesAndGrass_1920_1080_30fps_8bit__960x540__hevc__crf28,TreesAndGrass_1920_1080_30fps_8bit,hevc,540p,540,28,ladder,3260.796,8-bit src,30.0,72.412,91.3,73.189,73.161,74.451
TreesAndGrass_1920_1080_30fps_8bit__960x540__hevc__crf33,TreesAndGrass_1920_1080_30fps_8bit,hevc,540p,540,33,ladder,1431.942,8-bit src,30.0,57.661,84.968,60.362,60.335,62.702
TreesAndGrass_1920_1080_30fps_8bit__960x540__hevc__crf38,TreesAndGrass_1920_1080_30fps_8bit,hevc,540p,540,38,ladder,571.522,8-bit src,30.0,41.459,76.411,41.649,41.614,45.267
TreesAndGrass_1920_1080_30fps_8bit__960x540__hevc__crf43,TreesAndGrass_1920_1080_30fps_8bit,hevc,540p,540,43,ladder,205.869,8-bit src,30.0,29.496,68.226,21.27,21.187,25.914
TreesAndGrass_1920_1080_30fps_8bit__960x540__vp9__crf20,TreesAndGrass_1920_1080_30fps_8bit,vp9,540p,540,20,ladder,20606.078,8-bit src,30.0,92.649,97.671,89.23,89.187,88.91
TreesAndGrass_1920_1080_30fps_8bit__960x540__vp9__crf30,TreesAndGrass_1920_1080_30fps_8bit,vp9,540p,540,30,ladder,11108.327,8-bit src,30.0,88.232,96.737,85.764,85.722,85.808
TreesAndGrass_1920_1080_30fps_8bit__960x540__vp9__crf40,TreesAndGrass_1920_1080_30fps_8bit,vp9,540p,540,40,ladder,4577.918,8-bit src,30.0,78.337,93.792,78.211,78.173,79.005
TreesAndGrass_1920_1080_30fps_8bit__960x540__vp9__crf50,TreesAndGrass_1920_1080_30fps_8bit,vp9,540p,540,50,ladder,1765.164,8-bit src,30.0,62.594,87.507,64.481,64.431,66.493
TreesAndGrass_1920_1080_30fps_8bit__960x540__vp9__crf60,TreesAndGrass_1920_1080_30fps_8bit,vp9,540p,540,60,ladder,585.79,8-bit src,30.0,44.751,78.834,42.98,42.902,46.522
TunnelFlag_1920x1080_5994_10bit_420__1280x720__av1__crf20,TunnelFlag_1920x1080_5994_10bit_420,av1,720p,720,20,ladder,22274.781,10-bit src,59.94006309148265,99.944,99.972,100.0,100.0,100.0
TunnelFlag_1920x1080_5994_10bit_420__1280x720__av1__crf30,TunnelFlag_1920x1080_5994_10bit_420,av1,720p,720,30,ladder,11419.26,10-bit src,59.94006309148265,99.927,99.96,100.0,100.0,100.0
TunnelFlag_1920x1080_5994_10bit_420__1280x720__av1__crf40,TunnelFlag_1920x1080_5994_10bit_420,av1,720p,720,40,ladder,5560.387,10-bit src,59.94006309148265,99.893,99.937,98.008,98.008,96.792
TunnelFlag_1920x1080_5994_10bit_420__1280x720__av1__crf50,TunnelFlag_1920x1080_5994_10bit_420,av1,720p,720,50,ladder,3050.533,10-bit src,59.94006309148265,99.799,99.905,91.982,91.982,91.367
TunnelFlag_1920x1080_5994_10bit_420__1280x720__av1__crf60,TunnelFlag_1920x1080_5994_10bit_420,av1,720p,720,60,ladder,1605.075,10-bit src,59.94006309148265,89.214,99.84,82.598,82.598,82.967
TunnelFlag_1920x1080_5994_10bit_420__1280x720__h264__crf18,TunnelFlag_1920x1080_5994_10bit_420,h264,720p,720,18,ladder,13675.636,10-bit src,59.94006309148265,99.93,99.962,100.0,100.0,99.965
TunnelFlag_1920x1080_5994_10bit_420__1280x720__h264__crf23,TunnelFlag_1920x1080_5994_10bit_420,h264,720p,720,23,ladder,7192.73,10-bit src,59.94006309148265,99.888,99.933,96.726,96.726,95.582
TunnelFlag_1920x1080_5994_10bit_420__1280x720__h264__crf28,TunnelFlag_1920x1080_5994_10bit_420,h264,720p,720,28,ladder,4017.825,10-bit src,59.94006309148265,97.242,99.879,86.947,86.947,86.872
TunnelFlag_1920x1080_5994_10bit_420__1280x720__h264__crf33,TunnelFlag_1920x1080_5994_10bit_420,h264,720p,720,33,ladder,2527.195,10-bit src,59.94006309148265,81.235,99.401,73.703,73.703,74.926
TunnelFlag_1920x1080_5994_10bit_420__1280x720__h264__crf38,TunnelFlag_1920x1080_5994_10bit_420,h264,720p,720,38,ladder,1680.796,10-bit src,59.94006309148265,61.221,89.197,55.591,55.591,58.31
TunnelFlag_1920x1080_5994_10bit_420__1280x720__h264__crf43,TunnelFlag_1920x1080_5994_10bit_420,h264,720p,720,43,ladder,1217.995,10-bit src,59.94006309148265,41.429,76.693,33.503,33.503,37.609
TunnelFlag_1920x1080_5994_10bit_420__1280x720__hevc__crf18,TunnelFlag_1920x1080_5994_10bit_420,hevc,720p,720,18,ladder,12564.78,10-bit src,59.94006309148265,99.936,99.966,100.0,100.0,100.0
TunnelFlag_1920x1080_5994_10bit_420__1280x720__hevc__crf23,TunnelFlag_1920x1080_5994_10bit_420,hevc,720p,720,23,ladder,6846.008,10-bit src,59.94006309148265,99.907,99.945,97.503,97.503,96.284
TunnelFlag_1920x1080_5994_10bit_420__1280x720__hevc__crf28,TunnelFlag_1920x1080_5994_10bit_420,hevc,720p,720,28,ladder,3789.281,10-bit src,59.94006309148265,98.527,99.905,86.642,86.642,86.598
TunnelFlag_1920x1080_5994_10bit_420__1280x720__hevc__crf33,TunnelFlag_1920x1080_5994_10bit_420,hevc,720p,720,33,ladder,2213.274,10-bit src,59.94006309148265,85.436,99.684,72.641,72.641,73.956
TunnelFlag_1920x1080_5994_10bit_420__1280x720__hevc__crf38,TunnelFlag_1920x1080_5994_10bit_420,hevc,720p,720,38,ladder,1361.331,10-bit src,59.94006309148265,68.125,92.314,54.26,54.26,57.075
TunnelFlag_1920x1080_5994_10bit_420__1280x720__hevc__crf43,TunnelFlag_1920x1080_5994_10bit_420,hevc,720p,720,43,ladder,868.916,10-bit src,59.94006309148265,48.66,80.646,34.646,34.646,38.696
TunnelFlag_1920x1080_5994_10bit_420__1280x720__vp9__crf20,TunnelFlag_1920x1080_5994_10bit_420,vp9,720p,720,20,ladder,29038.738,10-bit src,59.94006309148265,99.956,99.981,100.0,100.0,100.0
TunnelFlag_1920x1080_5994_10bit_420__1280x720__vp9__crf30,TunnelFlag_1920x1080_5994_10bit_420,vp9,720p,720,30,ladder,15447.347,10-bit src,59.94006309148265,99.952,99.978,100.0,100.0,99.963
TunnelFlag_1920x1080_5994_10bit_420__1280x720__vp9__crf40,TunnelFlag_1920x1080_5994_10bit_420,vp9,720p,720,40,ladder,7212.245,10-bit src,59.94006309148265,99.939,99.968,94.424,94.424,93.594
TunnelFlag_1920x1080_5994_10bit_420__1280x720__vp9__crf50,TunnelFlag_1920x1080_5994_10bit_420,vp9,720p,720,50,ladder,3549.573,10-bit src,59.94006309148265,96.16,99.942,78.548,78.548,79.304
TunnelFlag_1920x1080_5994_10bit_420__1280x720__vp9__crf60,TunnelFlag_1920x1080_5994_10bit_420,vp9,720p,720,60,ladder,1776.874,10-bit src,59.94006309148265,78.176,98.115,57.378,57.378,59.949
TunnelFlag_1920x1080_5994_10bit_420__1920x1080__av1__crf20,TunnelFlag_1920x1080_5994_10bit_420,av1,1080p,1080,20,ladder,39573.831,10-bit src,59.94006309148265,99.97,99.994,100.0,100.0,100.0
TunnelFlag_1920x1080_5994_10bit_420__1920x1080__av1__crf30,TunnelFlag_1920x1080_5994_10bit_420,av1,1080p,1080,30,ladder,19983.214,10-bit src,59.94006309148265,99.961,99.987,100.0,100.0,100.0
TunnelFlag_1920x1080_5994_10bit_420__1920x1080__av1__crf40,TunnelFlag_1920x1080_5994_10bit_420,av1,1080p,1080,40,ladder,9555.832,10-bit src,59.94006309148265,99.936,99.969,100.0,100.0,100.0
TunnelFlag_1920x1080_5994_10bit_420__1920x1080__av1__crf50,TunnelFlag_1920x1080_5994_10bit_420,av1,1080p,1080,50,ladder,4965.528,10-bit src,59.94006309148265,99.904,99.947,98.692,98.692,97.453
TunnelFlag_1920x1080_5994_10bit_420__1920x1080__av1__crf60,TunnelFlag_1920x1080_5994_10bit_420,av1,1080p,1080,60,ladder,2487.911,10-bit src,59.94006309148265,98.917,99.905,91.381,91.381,90.832
TunnelFlag_1920x1080_5994_10bit_420__1920x1080__h264__crf18,TunnelFlag_1920x1080_5994_10bit_420,h264,1080p,1080,18,ladder,24783.007,10-bit src,59.94006309148265,99.959,99.985,100.0,100.0,100.0
TunnelFlag_1920x1080_5994_10bit_420__1920x1080__h264__crf23,TunnelFlag_1920x1080_5994_10bit_420,h264,1080p,1080,23,ladder,13066.548,10-bit src,59.94006309148265,99.932,99.965,100.0,100.0,99.992
TunnelFlag_1920x1080_5994_10bit_420__1920x1080__h264__crf28,TunnelFlag_1920x1080_5994_10bit_420,h264,1080p,1080,28,ladder,7199.575,10-bit src,59.94006309148265,99.877,99.927,96.834,96.834,95.678
TunnelFlag_1920x1080_5994_10bit_420__1920x1080__h264__crf33,TunnelFlag_1920x1080_5994_10bit_420,h264,1080p,1080,33,ladder,4562.331,10-bit src,59.94006309148265,93.691,99.863,86.405,86.405,86.386
TunnelFlag_1920x1080_5994_10bit_420__1920x1080__h264__crf38,TunnelFlag_1920x1080_5994_10bit_420,h264,1080p,1080,38,ladder,3088.154,10-bit src,59.94006309148265,75.803,97.412,71.821,71.821,73.213
TunnelFlag_1920x1080_5994_10bit_420__1920x1080__h264__crf43,TunnelFlag_1920x1080_5994_10bit_420,h264,1080p,1080,43,ladder,2279.546,10-bit src,59.94006309148265,55.649,85.788,52.501,52.501,55.44
TunnelFlag_1920x1080_5994_10bit_420__1920x1080__hevc__crf18,TunnelFlag_1920x1080_5994_10bit_420,hevc,1080p,1080,18,ladder,23090.699,10-bit src,59.94006309148265,99.964,99.989,100.0,100.0,100.0
TunnelFlag_1920x1080_5994_10bit_420__1920x1080__hevc__crf23,TunnelFlag_1920x1080_5994_10bit_420,hevc,1080p,1080,23,ladder,12149.053,10-bit src,59.94006309148265,99.945,99.974,100.0,100.0,99.997
TunnelFlag_1920x1080_5994_10bit_420__1920x1080__hevc__crf28,TunnelFlag_1920x1080_5994_10bit_420,hevc,1080p,1080,28,ladder,6524.946,10-bit src,59.94006309148265,99.906,99.946,96.154,96.154,95.084
TunnelFlag_1920x1080_5994_10bit_420__1920x1080__hevc__crf33,TunnelFlag_1920x1080_5994_10bit_420,hevc,1080p,1080,33,ladder,3660.333,10-bit src,59.94006309148265,97.201,99.896,85.667,85.667,85.724
TunnelFlag_1920x1080_5994_10bit_420__1920x1080__hevc__crf38,TunnelFlag_1920x1080_5994_10bit_420,hevc,1080p,1080,38,ladder,2218.382,10-bit src,59.94006309148265,82.001,99.212,70.324,70.324,71.848
TunnelFlag_1920x1080_5994_10bit_420__1920x1080__hevc__crf43,TunnelFlag_1920x1080_5994_10bit_420,hevc,1080p,1080,43,ladder,1431.697,10-bit src,59.94006309148265,63.769,89.807,48.497,48.497,51.714
TunnelFlag_1920x1080_5994_10bit_420__1920x1080__vp9__crf20,TunnelFlag_1920x1080_5994_10bit_420,vp9,1080p,1080,20,ladder,53846.823,10-bit src,59.94006309148265,99.978,100.0,100.0,100.0,100.0
TunnelFlag_1920x1080_5994_10bit_420__1920x1080__vp9__crf30,TunnelFlag_1920x1080_5994_10bit_420,vp9,1080p,1080,30,ladder,26614.893,10-bit src,59.94006309148265,99.974,99.999,100.0,100.0,100.0
TunnelFlag_1920x1080_5994_10bit_420__1920x1080__vp9__crf40,TunnelFlag_1920x1080_5994_10bit_420,vp9,1080p,1080,40,ladder,11971.666,10-bit src,59.94006309148265,99.965,99.99,99.719,99.719,99.042
TunnelFlag_1920x1080_5994_10bit_420__1920x1080__vp9__crf50,TunnelFlag_1920x1080_5994_10bit_420,vp9,1080p,1080,50,ladder,5672.667,10-bit src,59.94006309148265,99.939,99.971,90.113,90.113,89.741
TunnelFlag_1920x1080_5994_10bit_420__1920x1080__vp9__crf60,TunnelFlag_1920x1080_5994_10bit_420,vp9,1080p,1080,60,ladder,2796.835,10-bit src,59.94006309148265,90.113,99.913,71.458,71.458,72.87
TunnelFlag_1920x1080_5994_10bit_420__640x360__av1__crf20,TunnelFlag_1920x1080_5994_10bit_420,av1,360p,360,20,ladder,7790.391,10-bit src,59.94006309148265,98.865,99.864,89.323,89.323,88.997
TunnelFlag_1920x1080_5994_10bit_420__640x360__av1__crf30,TunnelFlag_1920x1080_5994_10bit_420,av1,360p,360,30,ladder,4378.216,10-bit src,59.94006309148265,94.776,99.845,83.673,83.673,83.935
TunnelFlag_1920x1080_5994_10bit_420__640x360__av1__crf40,TunnelFlag_1920x1080_5994_10bit_420,av1,360p,360,40,ladder,2358.362,10-bit src,59.94006309148265,86.508,99.684,76.044,76.044,77.049
TunnelFlag_1920x1080_5994_10bit_420__640x360__av1__crf50,TunnelFlag_1920x1080_5994_10bit_420,av1,360p,360,50,ladder,1421.591,10-bit src,59.94006309148265,76.786,96.718,69.568,69.568,71.159
TunnelFlag_1920x1080_5994_10bit_420__640x360__av1__crf60,TunnelFlag_1920x1080_5994_10bit_420,av1,360p,360,60,ladder,768.475,10-bit src,59.94006309148265,61.396,88.06,53.813,53.813,56.658
TunnelFlag_1920x1080_5994_10bit_420__640x360__h264__crf18,TunnelFlag_1920x1080_5994_10bit_420,h264,360p,360,18,ladder,5097.836,10-bit src,59.94006309148265,92.972,99.839,76.557,76.557,77.514
TunnelFlag_1920x1080_5994_10bit_420__640x360__h264__crf23,TunnelFlag_1920x1080_5994_10bit_420,h264,360p,360,23,ladder,2783.044,10-bit src,59.94006309148265,82.765,99.145,64.436,64.436,66.464
TunnelFlag_1920x1080_5994_10bit_420__640x360__h264__crf28,TunnelFlag_1920x1080_5994_10bit_420,h264,360p,360,28,ladder,1578.899,10-bit src,59.94006309148265,67.972,92.277,51.478,51.478,54.493
TunnelFlag_1920x1080_5994_10bit_420__640x360__h264__crf33,TunnelFlag_1920x1080_5994_10bit_420,h264,360p,360,33,ladder,943.697,10-bit src,59.94006309148265,50.775,82.328,36.812,36.812,40.744
TunnelFlag_1920x1080_5994_10bit_420__640x360__h264__crf38,TunnelFlag_1920x1080_5994_10bit_420,h264,360p,360,38,ladder,596.518,10-bit src,59.94006309148265,32.829,70.438,17.826,17.826,22.631
TunnelFlag_1920x1080_5994_10bit_420__640x360__h264__crf43,TunnelFlag_1920x1080_5994_10bit_420,h264,360p,360,43,ladder,417.029,10-bit src,59.94006309148265,18.746,59.28,0.172,0.172,3.479
TunnelFlag_1920x1080_5994_10bit_420__640x360__hevc__crf18,TunnelFlag_1920x1080_5994_10bit_420,hevc,360p,360,18,ladder,5045.742,10-bit src,59.94006309148265,92.255,99.848,83.754,83.754,84.008
TunnelFlag_1920x1080_5994_10bit_420__640x360__hevc__crf23,TunnelFlag_1920x1080_5994_10bit_420,hevc,360p,360,23,ladder,2867.798,10-bit src,59.94006309148265,83.408,98.959,71.254,71.254,72.697
TunnelFlag_1920x1080_5994_10bit_420__640x360__hevc__crf28,TunnelFlag_1920x1080_5994_10bit_420,hevc,360p,360,28,ladder,1676.462,10-bit src,59.94006309148265,71.376,93.356,54.933,54.933,57.698
TunnelFlag_1920x1080_5994_10bit_420__640x360__hevc__crf33,TunnelFlag_1920x1080_5994_10bit_420,hevc,360p,360,33,ladder,993.316,10-bit src,59.94006309148265,56.28,84.729,41.315,41.315,44.986
TunnelFlag_1920x1080_5994_10bit_420__640x360__hevc__crf38,TunnelFlag_1920x1080_5994_10bit_420,hevc,360p,360,38,ladder,590.155,10-bit src,59.94006309148265,39.997,74.792,26.561,26.561,31.008
TunnelFlag_1920x1080_5994_10bit_420__640x360__hevc__crf43,TunnelFlag_1920x1080_5994_10bit_420,hevc,360p,360,43,ladder,365.005,10-bit src,59.94006309148265,24.882,64.105,8.423,8.423,13.531
TunnelFlag_1920x1080_5994_10bit_420__640x360__vp9__crf20,TunnelFlag_1920x1080_5994_10bit_420,vp9,360p,360,20,ladder,11366.222,10-bit src,59.94006309148265,99.307,99.874,90.931,90.931,90.431
TunnelFlag_1920x1080_5994_10bit_420__640x360__vp9__crf30,TunnelFlag_1920x1080_5994_10bit_420,vp9,360p,360,30,ladder,6493.502,10-bit src,59.94006309148265,94.853,99.868,84.849,84.849,84.988
TunnelFlag_1920x1080_5994_10bit_420__640x360__vp9__crf40,TunnelFlag_1920x1080_5994_10bit_420,vp9,360p,360,40,ladder,3177.681,10-bit src,59.94006309148265,84.13,99.174,68.685,68.685,70.343
TunnelFlag_1920x1080_5994_10bit_420__640x360__vp9__crf50,TunnelFlag_1920x1080_5994_10bit_420,vp9,360p,360,50,ladder,1620.875,10-bit src,59.94006309148265,69.318,92.728,50.142,50.142,53.24
TunnelFlag_1920x1080_5994_10bit_420__640x360__vp9__crf60,TunnelFlag_1920x1080_5994_10bit_420,vp9,360p,360,60,ladder,810.109,10-bit src,59.94006309148265,51.421,82.317,36.924,36.924,40.845
TunnelFlag_1920x1080_5994_10bit_420__960x540__av1__crf20,TunnelFlag_1920x1080_5994_10bit_420,av1,540p,540,20,ladder,13044.603,10-bit src,59.94006309148265,99.904,99.94,99.998,99.998,99.605
TunnelFlag_1920x1080_5994_10bit_420__960x540__av1__crf30,TunnelFlag_1920x1080_5994_10bit_420,av1,540p,540,30,ladder,7244.289,10-bit src,59.94006309148265,99.885,99.928,97.729,97.729,96.489
TunnelFlag_1920x1080_5994_10bit_420__960x540__av1__crf40,TunnelFlag_1920x1080_5994_10bit_420,av1,540p,540,40,ladder,3825.755,10-bit src,59.94006309148265,99.837,99.895,91.836,91.836,91.238
TunnelFlag_1920x1080_5994_10bit_420__960x540__av1__crf50,TunnelFlag_1920x1080_5994_10bit_420,av1,540p,540,50,ladder,2291.5,10-bit src,59.94006309148265,95.188,99.858,85.271,85.271,85.369
TunnelFlag_1920x1080_5994_10bit_420__960x540__av1__crf60,TunnelFlag_1920x1080_5994_10bit_420,av1,540p,540,60,ladder,1252.385,10-bit src,59.94006309148265,80.893,98.853,75.019,75.019,76.117
TunnelFlag_1920x1080_5994_10bit_420__960x540__h264__crf18,TunnelFlag_1920x1080_5994_10bit_420,h264,540p,540,18,ladder,9047.572,10-bit src,59.94006309148265,99.882,99.925,95.312,95.312,94.328
TunnelFlag_1920x1080_5994_10bit_420__960x540__h264__crf23,TunnelFlag_1920x1080_5994_10bit_420,h264,540p,540,23,ladder,4792.682,10-bit src,59.94006309148265,99.355,99.889,86.74,86.74,86.687
TunnelFlag_1920x1080_5994_10bit_420__960x540__h264__crf28,TunnelFlag_1920x1080_5994_10bit_420,h264,540p,540,28,ladder,2703.177,10-bit src,59.94006309148265,87.114,99.813,74.058,74.058,75.248
TunnelFlag_1920x1080_5994_10bit_420__960x540__h264__crf33,TunnelFlag_1920x1080_5994_10bit_420,h264,540p,540,33,ladder,1678.709,10-bit src,59.94006309148265,69.753,94.128,58.868,58.868,61.34
TunnelFlag_1920x1080_5994_10bit_420__960x540__h264__crf38,TunnelFlag_1920x1080_5994_10bit_420,h264,540p,540,38,ladder,1090.84,10-bit src,59.94006309148265,49.757,82.133,39.592,39.592,43.365
TunnelFlag_1920x1080_5994_10bit_420__960x540__h264__crf43,TunnelFlag_1920x1080_5994_10bit_420,h264,540p,540,43,ladder,782.174,10-bit src,59.94006309148265,31.594,69.76,17.5,17.5,22.318
TunnelFlag_1920x1080_5994_10bit_420__960x540__hevc__crf18,TunnelFlag_1920x1080_5994_10bit_420,hevc,540p,540,18,ladder,8527.369,10-bit src,59.94006309148265,99.893,99.933,97.894,97.894,96.63
TunnelFlag_1920x1080_5994_10bit_420__960x540__hevc__crf23,TunnelFlag_1920x1080_5994_10bit_420,hevc,540p,540,23,ladder,4707.135,10-bit src,59.94006309148265,99.518,99.907,89.351,89.351,89.022
TunnelFlag_1920x1080_5994_10bit_420__960x540__hevc__crf28,TunnelFlag_1920x1080_5994_10bit_420,hevc,540p,540,28,ladder,2663.387,10-bit src,59.94006309148265,89.929,99.857,75.06,75.06,76.155
TunnelFlag_1920x1080_5994_10bit_420__960x540__hevc__crf33,TunnelFlag_1920x1080_5994_10bit_420,hevc,540p,540,33,ladder,1577.364,10-bit src,59.94006309148265,75.293,96.203,58.816,58.816,61.288
TunnelFlag_1920x1080_5994_10bit_420__960x540__hevc__crf38,TunnelFlag_1920x1080_5994_10bit_420,hevc,540p,540,38,ladder,958.273,10-bit src,59.94006309148265,57.553,85.991,42.902,42.902,46.476
TunnelFlag_1920x1080_5994_10bit_420__960x540__hevc__crf43,TunnelFlag_1920x1080_5994_10bit_420,hevc,540p,540,43,ladder,601.482,10-bit src,59.94006309148265,39.097,74.464,25.221,25.221,29.729
TunnelFlag_1920x1080_5994_10bit_420__960x540__vp9__crf20,TunnelFlag_1920x1080_5994_10bit_420,vp9,540p,540,20,ladder,19817.11,10-bit src,59.94006309148265,99.918,99.95,100.0,100.0,99.866
TunnelFlag_1920x1080_5994_10bit_420__960x540__vp9__crf30,TunnelFlag_1920x1080_5994_10bit_420,vp9,540p,540,30,ladder,10701.672,10-bit src,59.94006309148265,99.913,99.946,97.96,97.96,96.899
TunnelFlag_1920x1080_5994_10bit_420__960x540__vp9__crf40,TunnelFlag_1920x1080_5994_10bit_420,vp9,540p,540,40,ladder,5150.816,10-bit src,59.94006309148265,99.158,99.933,86.44,86.44,86.432
TunnelFlag_1920x1080_5994_10bit_420__960x540__vp9__crf50,TunnelFlag_1920x1080_5994_10bit_420,vp9,540p,540,50,ladder,2559.734,10-bit src,59.94006309148265,87.214,99.811,66.852,66.852,68.663
TunnelFlag_1920x1080_5994_10bit_420__960x540__vp9__crf60,TunnelFlag_1920x1080_5994_10bit_420,vp9,540p,540,60,ladder,1279.151,10-bit src,59.94006309148265,68.4,92.881,50.084,50.084,53.187
Vertical_Carnaby_1080x1920_5994__1080x1920__av1__crf20,Vertical_Carnaby_1080x1920_5994,av1,1080p,1080,20,ladder,18048.667,8-bit src,59.94006309148265,99.581,99.777,96.122,97.796,95.372
Vertical_Carnaby_1080x1920_5994__1080x1920__av1__crf30,Vertical_Carnaby_1080x1920_5994,av1,1080p,1080,30,ladder,9788.636,8-bit src,59.94006309148265,98.048,98.458,93.106,95.022,92.395
Vertical_Carnaby_1080x1920_5994__1080x1920__av1__crf40,Vertical_Carnaby_1080x1920_5994,av1,1080p,1080,40,ladder,4795.19,8-bit src,59.94006309148265,91.645,93.778,86.839,88.738,86.764
Vertical_Carnaby_1080x1920_5994__1080x1920__av1__crf50,Vertical_Carnaby_1080x1920_5994,av1,1080p,1080,50,ladder,2450.98,8-bit src,59.94006309148265,81.204,86.542,78.525,80.315,79.282
Vertical_Carnaby_1080x1920_5994__1080x1920__av1__crf60,Vertical_Carnaby_1080x1920_5994,av1,1080p,1080,60,ladder,1108.702,8-bit src,59.94006309148265,62.828,73.737,62.373,64.051,64.552
Vertical_Carnaby_1080x1920_5994__1080x1920__h264__crf18,Vertical_Carnaby_1080x1920_5994,h264,1080p,1080,18,ladder,18813.639,8-bit src,59.94006309148265,98.6,98.931,94.842,96.559,94.044
Vertical_Carnaby_1080x1920_5994__1080x1920__h264__crf23,Vertical_Carnaby_1080x1920_5994,h264,1080p,1080,23,ladder,10745.416,8-bit src,59.94006309148265,93.668,95.182,89.434,91.343,89.087
Vertical_Carnaby_1080x1920_5994__1080x1920__h264__crf28,Vertical_Carnaby_1080x1920_5994,h264,1080p,1080,28,ladder,6021.255,8-bit src,59.94006309148265,82.784,87.67,81.358,83.158,81.84
Vertical_Carnaby_1080x1920_5994__1080x1920__h264__crf33,Vertical_Carnaby_1080x1920_5994,h264,1080p,1080,33,ladder,3456.796,8-bit src,59.94006309148265,66.795,76.773,69.684,71.424,71.254
Vertical_Carnaby_1080x1920_5994__1080x1920__h264__crf38,Vertical_Carnaby_1080x1920_5994,h264,1080p,1080,38,ladder,2078.314,8-bit src,59.94006309148265,47.223,63.38,53.088,54.858,55.969
Vertical_Carnaby_1080x1920_5994__1080x1920__h264__crf43,Vertical_Carnaby_1080x1920_5994,h264,1080p,1080,43,ladder,1314.401,8-bit src,59.94006309148265,27.786,49.613,32.225,33.828,36.363
Vertical_Carnaby_1080x1920_5994__1080x1920__hevc__crf18,Vertical_Carnaby_1080x1920_5994,hevc,1080p,1080,18,ladder,13414.642,8-bit src,59.94006309148265,98.125,98.491,93.772,95.677,92.994
Vertical_Carnaby_1080x1920_5994__1080x1920__hevc__crf23,Vertical_Carnaby_1080x1920_5994,hevc,1080p,1080,23,ladder,7160.339,8-bit src,59.94006309148265,93.326,94.922,88.77,90.579,88.493
Vertical_Carnaby_1080x1920_5994__1080x1920__hevc__crf28,Vertical_Carnaby_1080x1920_5994,hevc,1080p,1080,28,ladder,3901.838,8-bit src,59.94006309148265,83.928,88.488,81.478,83.077,81.95
Vertical_Carnaby_1080x1920_5994__1080x1920__hevc__crf33,Vertical_Carnaby_1080x1920_5994,hevc,1080p,1080,33,ladder,2156.06,8-bit src,59.94006309148265,70.409,79.286,70.896,72.335,72.361
Vertical_Carnaby_1080x1920_5994__1080x1920__hevc__crf38,Vertical_Carnaby_1080x1920_5994,hevc,1080p,1080,38,ladder,1177.065,8-bit src,59.94006309148265,53.085,67.343,55.337,56.767,58.061
Vertical_Carnaby_1080x1920_5994__1080x1920__hevc__crf43,Vertical_Carnaby_1080x1920_5994,hevc,1080p,1080,43,ladder,680.829,8-bit src,59.94006309148265,35.158,54.688,35.44,36.76,39.429
Vertical_Carnaby_1080x1920_5994__1080x1920__vp9__crf20,Vertical_Carnaby_1080x1920_5994,vp9,1080p,1080,20,ladder,25640.549,8-bit src,59.94006309148265,99.793,99.929,96.837,97.839,96.128
Vertical_Carnaby_1080x1920_5994__1080x1920__vp9__crf30,Vertical_Carnaby_1080x1920_5994,vp9,1080p,1080,30,ladder,13795.12,8-bit src,59.94006309148265,98.722,99.062,94.535,95.863,93.769
Vertical_Carnaby_1080x1920_5994__1080x1920__vp9__crf40,Vertical_Carnaby_1080x1920_5994,vp9,1080p,1080,40,ladder,6499.54,8-bit src,59.94006309148265,93.504,95.27,88.949,90.279,88.65
Vertical_Carnaby_1080x1920_5994__1080x1920__vp9__crf50,Vertical_Carnaby_1080x1920_5994,vp9,1080p,1080,50,ladder,3143.583,8-bit src,59.94006309148265,81.349,87.11,78.828,80.049,79.553
Vertical_Carnaby_1080x1920_5994__1080x1920__vp9__crf60,Vertical_Carnaby_1080x1920_5994,vp9,1080p,1080,60,ladder,1492.975,8-bit src,59.94006309148265,61.974,74.135,60.917,62.089,63.202
Vertical_Carnaby_1080x1920_5994__360x640__av1__crf20,Vertical_Carnaby_1080x1920_5994,av1,360p,360,20,ladder,4375.125,8-bit src,59.94006309148265,84.912,88.593,83.811,81.881,84.051
Vertical_Carnaby_1080x1920_5994__360x640__av1__crf30,Vertical_Carnaby_1080x1920_5994,av1,360p,360,30,ladder,2505.903,8-bit src,59.94006309148265,76.813,83.107,76.639,74.776,77.58
Vertical_Carnaby_1080x1920_5994__360x640__av1__crf40,Vertical_Carnaby_1080x1920_5994,av1,360p,360,40,ladder,1287.937,8-bit src,59.94006309148265,63.653,74.028,65.334,63.576,67.275
Vertical_Carnaby_1080x1920_5994__360x640__av1__crf50,Vertical_Carnaby_1080x1920_5994,av1,360p,360,50,ladder,668.636,8-bit src,59.94006309148265,47.916,62.842,48.987,47.233,52.149
Vertical_Carnaby_1080x1920_5994__360x640__av1__crf60,Vertical_Carnaby_1080x1920_5994,av1,360p,360,60,ladder,286.373,8-bit src,59.94006309148265,26.601,47.119,24.385,22.789,28.899
Vertical_Carnaby_1080x1920_5994__360x640__h264__crf18,Vertical_Carnaby_1080x1920_5994,h264,360p,360,18,ladder,3275.784,8-bit src,59.94006309148265,76.436,82.867,78.099,76.215,78.902
Vertical_Carnaby_1080x1920_5994__360x640__h264__crf23,Vertical_Carnaby_1080x1920_5994,h264,360p,360,23,ladder,1768.269,8-bit src,59.94006309148265,62.926,73.675,66.209,64.46,68.081
Vertical_Carnaby_1080x1920_5994__360x640__h264__crf28,Vertical_Carnaby_1080x1920_5994,h264,360p,360,28,ladder,971.179,8-bit src,59.94006309148265,46.243,62.092,50.161,48.554,53.255
Vertical_Carnaby_1080x1920_5994__360x640__h264__crf33,Vertical_Carnaby_1080x1920_5994,h264,360p,360,33,ladder,546.806,8-bit src,59.94006309148265,28.477,49.205,30.579,29.148,34.815
Vertical_Carnaby_1080x1920_5994__360x640__h264__crf38,Vertical_Carnaby_1080x1920_5994,h264,360p,360,38,ladder,313.475,8-bit src,59.94006309148265,12.604,36.797,10.953,9.763,15.552
Vertical_Carnaby_1080x1920_5994__360x640__h264__crf43,Vertical_Carnaby_1080x1920_5994,h264,360p,360,43,ladder,186.622,8-bit src,59.94006309148265,2.559,26.57,0.404,0.29,1.598
Vertical_Carnaby_1080x1920_5994__360x640__hevc__crf18,Vertical_Carnaby_1080x1920_5994,hevc,360p,360,18,ladder,2963.43,8-bit src,59.94006309148265,75.928,82.324,77.996,76.235,78.808
Vertical_Carnaby_1080x1920_5994__360x640__hevc__crf23,Vertical_Carnaby_1080x1920_5994,hevc,360p,360,23,ladder,1616.656,8-bit src,59.94006309148265,63.788,73.996,67.955,66.339,69.677
Vertical_Carnaby_1080x1920_5994__360x640__hevc__crf28,Vertical_Carnaby_1080x1920_5994,hevc,360p,360,28,ladder,870.694,8-bit src,59.94006309148265,48.58,63.393,53.81,52.358,56.645
Vertical_Carnaby_1080x1920_5994__360x640__hevc__crf33,Vertical_Carnaby_1080x1920_5994,hevc,360p,360,33,ladder,461.329,8-bit src,59.94006309148265,31.824,51.321,34.665,33.329,38.689
Vertical_Carnaby_1080x1920_5994__360x640__hevc__crf38,Vertical_Carnaby_1080x1920_5994,hevc,360p,360,38,ladder,247.992,8-bit src,59.94006309148265,16.109,39.366,14.472,13.229,19.255
Vertical_Carnaby_1080x1920_5994__360x640__hevc__crf43,Vertical_Carnaby_1080x1920_5994,hevc,360p,360,43,ladder,143.616,8-bit src,59.94006309148265,4.49,27.988,1.824,1.554,3.624
Vertical_Carnaby_1080x1920_5994__360x640__vp9__crf20,Vertical_Carnaby_1080x1920_5994,vp9,360p,360,20,ladder,5910.841,8-bit src,59.94006309148265,87.097,90.097,86.222,84.792,86.212
Vertical_Carnaby_1080x1920_5994__360x640__vp9__crf30,Vertical_Carnaby_1080x1920_5994,vp9,360p,360,30,ladder,3334.277,8-bit src,59.94006309148265,79.041,84.705,79.97,78.617,80.588
Vertical_Carnaby_1080x1920_5994__360x640__vp9__crf40,Vertical_Carnaby_1080x1920_5994,vp9,360p,360,40,ladder,1654.62,8-bit src,59.94006309148265,64.495,74.888,67.651,66.424,69.392
Vertical_Carnaby_1080x1920_5994__360x640__vp9__crf50,Vertical_Carnaby_1080x1920_5994,vp9,360p,360,50,ladder,809.552,8-bit src,59.94006309148265,44.885,61.271,47.919,46.82,51.143
Vertical_Carnaby_1080x1920_5994__360x640__vp9__crf60,Vertical_Carnaby_1080x1920_5994,vp9,360p,360,60,ladder,373.727,8-bit src,59.94006309148265,24.294,46.134,21.005,20.015,25.633
Vertical_Carnaby_1080x1920_5994__540x960__av1__crf20,Vertical_Carnaby_1080x1920_5994,av1,540p,540,20,ladder,7467.684,8-bit src,59.94006309148265,95.486,96.424,92.432,91.139,91.769
Vertical_Carnaby_1080x1920_5994__540x960__av1__crf30,Vertical_Carnaby_1080x1920_5994,av1,540p,540,30,ladder,4224.508,8-bit src,59.94006309148265,89.762,92.418,86.839,85.63,86.766
Vertical_Carnaby_1080x1920_5994__540x960__av1__crf40,Vertical_Carnaby_1080x1920_5994,av1,540p,540,40,ladder,2130.349,8-bit src,59.94006309148265,78.538,84.706,77.69,76.615,78.529
Vertical_Carnaby_1080x1920_5994__540x960__av1__crf50,Vertical_Carnaby_1080x1920_5994,av1,540p,540,50,ladder,1107.382,8-bit src,59.94006309148265,63.927,74.477,64.492,63.49,66.499
Vertical_Carnaby_1080x1920_5994__540x960__av1__crf60,Vertical_Carnaby_1080x1920_5994,av1,540p,540,60,ladder,478.023,8-bit src,59.94006309148265,41.963,58.713,41.568,40.665,45.199
Vertical_Carnaby_1080x1920_5994__540x960__h264__crf18,Vertical_Carnaby_1080x1920_5994,h264,540p,540,18,ladder,6276.982,8-bit src,59.94006309148265,89.67,92.31,88.21,87.058,87.996
Vertical_Carnaby_1080x1920_5994__540x960__h264__crf23,Vertical_Carnaby_1080x1920_5994,h264,540p,540,23,ladder,3341.964,8-bit src,59.94006309148265,78.245,84.536,78.658,77.552,79.409
Vertical_Carnaby_1080x1920_5994__540x960__h264__crf28,Vertical_Carnaby_1080x1920_5994,h264,540p,540,28,ladder,1828.492,8-bit src,59.94006309148265,62.728,73.91,65.44,64.392,67.378
Vertical_Carnaby_1080x1920_5994__540x960__h264__crf33,Vertical_Carnaby_1080x1920_5994,h264,540p,540,33,ladder,1040.217,8-bit src,59.94006309148265,43.877,60.693,47.967,46.951,51.207
Vertical_Carnaby_1080x1920_5994__540x960__h264__crf38,Vertical_Carnaby_1080x1920_5994,h264,540p,540,38,ladder,608.25,8-bit src,59.94006309148265,25.019,46.89,27.439,26.482,31.816
Vertical_Carnaby_1080x1920_5994__540x960__h264__crf43,Vertical_Carnaby_1080x1920_5994,h264,540p,540,43,ladder,363.33,8-bit src,59.94006309148265,10.215,34.717,7.835,7.276,11.571
Vertical_Carnaby_1080x1920_5994__540x960__hevc__crf18,Vertical_Carnaby_1080x1920_5994,hevc,540p,540,18,ladder,5133.978,8-bit src,59.94006309148265,88.996,91.748,87.968,86.931,87.778
Vertical_Carnaby_1080x1920_5994__540x960__hevc__crf23,Vertical_Carnaby_1080x1920_5994,hevc,540p,540,23,ladder,2765.466,8-bit src,59.94006309148265,78.846,84.811,79.903,78.964,80.531
Vertical_Carnaby_1080x1920_5994__540x960__hevc__crf28,Vertical_Carnaby_1080x1920_5994,hevc,540p,540,28,ladder,1504.177,8-bit src,59.94006309148265,64.923,75.243,68.253,67.454,69.95
Vertical_Carnaby_1080x1920_5994__540x960__hevc__crf33,Vertical_Carnaby_1080x1920_5994,hevc,540p,540,33,ladder,806.664,8-bit src,59.94006309148265,47.78,63.26,52.037,51.364,54.998
Vertical_Carnaby_1080x1920_5994__540x960__hevc__crf38,Vertical_Carnaby_1080x1920_5994,hevc,540p,540,38,ladder,425.976,8-bit src,59.94006309148265,29.191,49.708,31.089,30.363,35.297
Vertical_Carnaby_1080x1920_5994__540x960__hevc__crf43,Vertical_Carnaby_1080x1920_5994,hevc,540p,540,43,ladder,238.218,8-bit src,59.94006309148265,13.469,37.363,8.731,8.238,12.955
Vertical_Carnaby_1080x1920_5994__540x960__vp9__crf20,Vertical_Carnaby_1080x1920_5994,vp9,540p,540,20,ladder,10175.443,8-bit src,59.94006309148265,96.598,97.29,94.251,93.304,93.469
Vertical_Carnaby_1080x1920_5994__540x960__vp9__crf30,Vertical_Carnaby_1080x1920_5994,vp9,540p,540,30,ladder,5616.103,8-bit src,59.94006309148265,91.256,93.521,89.325,88.41,88.99
Vertical_Carnaby_1080x1920_5994__540x960__vp9__crf40,Vertical_Carnaby_1080x1920_5994,vp9,540p,540,40,ladder,2750.639,8-bit src,59.94006309148265,79.327,85.463,79.518,78.708,80.179
Vertical_Carnaby_1080x1920_5994__540x960__vp9__crf50,Vertical_Carnaby_1080x1920_5994,vp9,540p,540,50,ladder,1343.443,8-bit src,59.94006309148265,61.212,73.141,63.201,62.468,65.311
Vertical_Carnaby_1080x1920_5994__540x960__vp9__crf60,Vertical_Carnaby_1080x1920_5994,vp9,540p,540,60,ladder,633.18,8-bit src,59.94006309148265,39.734,58.108,38.958,38.267,42.732
Vertical_Carnaby_1080x1920_5994__720x1280__av1__crf20,Vertical_Carnaby_1080x1920_5994,av1,720p,720,20,ladder,10673.504,8-bit src,59.94006309148265,98.285,98.675,95.215,94.999,94.362
Vertical_Carnaby_1080x1920_5994__720x1280__av1__crf30,Vertical_Carnaby_1080x1920_5994,av1,720p,720,30,ladder,5887.797,8-bit src,59.94006309148265,94.265,95.637,90.828,90.648,90.33
Vertical_Carnaby_1080x1920_5994__720x1280__av1__crf40,Vertical_Carnaby_1080x1920_5994,av1,720p,720,40,ladder,2933.241,8-bit src,59.94006309148265,84.554,88.887,82.838,82.711,83.173
Vertical_Carnaby_1080x1920_5994__720x1280__av1__crf50,Vertical_Carnaby_1080x1920_5994,av1,720p,720,50,ladder,1516.123,8-bit src,59.94006309148265,71.537,79.849,71.929,71.821,73.298
Vertical_Carnaby_1080x1920_5994__720x1280__av1__crf60,Vertical_Carnaby_1080x1920_5994,av1,720p,720,60,ladder,669.746,8-bit src,59.94006309148265,50.45,64.908,51.293,51.21,54.299
Vertical_Carnaby_1080x1920_5994__720x1280__h264__crf18,Vertical_Carnaby_1080x1920_5994,h264,720p,720,18,ladder,9762.058,8-bit src,59.94006309148265,94.977,96.138,92.921,92.548,92.198
Vertical_Carnaby_1080x1920_5994__720x1280__h264__crf23,Vertical_Carnaby_1080x1920_5994,h264,720p,720,23,ladder,5194.183,8-bit src,59.94006309148265,85.972,89.924,85.281,84.938,85.371
Vertical_Carnaby_1080x1920_5994__720x1280__h264__crf28,Vertical_Carnaby_1080x1920_5994,h264,720p,720,28,ladder,2862.768,8-bit src,59.94006309148265,72.167,80.505,74.764,74.449,75.88
Vertical_Carnaby_1080x1920_5994__720x1280__h264__crf33,Vertical_Carnaby_1080x1920_5994,h264,720p,720,33,ladder,1639.096,8-bit src,59.94006309148265,53.978,67.937,59.735,59.426,62.128
Vertical_Carnaby_1080x1920_5994__720x1280__h264__crf38,Vertical_Carnaby_1080x1920_5994,h264,720p,720,38,ladder,979.267,8-bit src,59.94006309148265,33.709,53.531,39.956,39.659,43.682
Vertical_Carnaby_1080x1920_5994__720x1280__h264__crf43,Vertical_Carnaby_1080x1920_5994,h264,720p,720,43,ladder,602.57,8-bit src,59.94006309148265,15.66,39.713,17.76,17.472,22.443
Vertical_Carnaby_1080x1920_5994__720x1280__hevc__crf18,Vertical_Carnaby_1080x1920_5994,hevc,720p,720,18,ladder,7547.312,8-bit src,59.94006309148265,94.136,95.429,91.81,91.62,91.209
Vertical_Carnaby_1080x1920_5994__720x1280__hevc__crf23,Vertical_Carnaby_1080x1920_5994,hevc,720p,720,23,ladder,4063.207,8-bit src,59.94006309148265,85.951,89.79,85.224,85.009,85.321
Vertical_Carnaby_1080x1920_5994__720x1280__hevc__crf28,Vertical_Carnaby_1080x1920_5994,hevc,720p,720,28,ladder,2205.3,8-bit src,59.94006309148265,73.845,81.529,75.752,75.536,76.778
Vertical_Carnaby_1080x1920_5994__720x1280__hevc__crf33,Vertical_Carnaby_1080x1920_5994,hevc,720p,720,33,ladder,1199.026,8-bit src,59.94006309148265,58.039,70.63,62.449,62.25,64.629
Vertical_Carnaby_1080x1920_5994__720x1280__hevc__crf38,Vertical_Carnaby_1080x1920_5994,hevc,720p,720,38,ladder,632.335,8-bit src,59.94006309148265,39.901,57.82,43.414,43.208,46.94
Vertical_Carnaby_1080x1920_5994__720x1280__hevc__crf43,Vertical_Carnaby_1080x1920_5994,hevc,720p,720,43,ladder,359.535,8-bit src,59.94006309148265,21.798,44.272,20.794,20.618,25.455
Vertical_Carnaby_1080x1920_5994__720x1280__vp9__crf20,Vertical_Carnaby_1080x1920_5994,vp9,720p,720,20,ladder,14748.064,8-bit src,59.94006309148265,98.848,99.131,96.296,96.093,95.474
Vertical_Carnaby_1080x1920_5994__720x1280__vp9__crf30,Vertical_Carnaby_1080x1920_5994,vp9,720p,720,30,ladder,8031.236,8-bit src,59.94006309148265,95.667,96.72,92.646,92.422,91.994
Vertical_Carnaby_1080x1920_5994__720x1280__vp9__crf40,Vertical_Carnaby_1080x1920_5994,vp9,720p,720,40,ladder,3872.302,8-bit src,59.94006309148265,86.245,90.278,84.762,84.546,84.9
Vertical_Carnaby_1080x1920_5994__720x1280__vp9__crf50,Vertical_Carnaby_1080x1920_5994,vp9,720p,720,50,ladder,1888.062,8-bit src,59.94006309148265,70.125,79.415,71.394,71.195,72.806
Vertical_Carnaby_1080x1920_5994__720x1280__vp9__crf60,Vertical_Carnaby_1080x1920_5994,vp9,720p,720,60,ladder,881.844,8-bit src,59.94006309148265,48.763,64.786,49.328,49.149,52.451
Vertical_bees_1080x1920_2997__1080x1920__av1__crf20,Vertical_bees_1080x1920_2997,av1,1080p,1080,20,ladder,4957.585,8-bit src,29.97002997002997,98.605,99.454,99.495,99.734,98.442
Vertical_bees_1080x1920_2997__1080x1920__av1__crf30,Vertical_bees_1080x1920_2997,av1,1080p,1080,30,ladder,2374.439,8-bit src,29.97002997002997,97.237,98.44,98.302,98.844,97.027
Vertical_bees_1080x1920_2997__1080x1920__av1__crf40,Vertical_bees_1080x1920_2997,av1,1080p,1080,40,ladder,1193.171,8-bit src,29.97002997002997,94.702,96.61,96.196,96.834,95.112
Vertical_bees_1080x1920_2997__1080x1920__av1__crf50,Vertical_bees_1080x1920_2997,av1,1080p,1080,50,ladder,697.396,8-bit src,29.97002997002997,91.584,94.431,93.885,94.493,93.061
Vertical_bees_1080x1920_2997__1080x1920__av1__crf60,Vertical_bees_1080x1920_2997,av1,1080p,1080,60,ladder,356.438,8-bit src,29.97002997002997,84.663,89.679,88.429,89.021,88.198
Vertical_bees_1080x1920_2997__1080x1920__h264__crf18,Vertical_bees_1080x1920_2997,h264,1080p,1080,18,ladder,6973.347,8-bit src,29.97002997002997,98.629,99.436,99.658,99.801,98.774
Vertical_bees_1080x1920_2997__1080x1920__h264__crf23,Vertical_bees_1080x1920_2997,h264,1080p,1080,23,ladder,3350.801,8-bit src,29.97002997002997,96.603,97.924,98.292,98.695,97.035
Vertical_bees_1080x1920_2997__1080x1920__h264__crf28,Vertical_bees_1080x1920_2997,h264,1080p,1080,28,ladder,1727.225,8-bit src,29.97002997002997,91.811,94.481,94.839,95.344,93.908
Vertical_bees_1080x1920_2997__1080x1920__h264__crf33,Vertical_bees_1080x1920_2997,h264,1080p,1080,33,ladder,993.661,8-bit src,29.97002997002997,82.468,87.913,88.571,89.095,88.325
Vertical_bees_1080x1920_2997__1080x1920__h264__crf38,Vertical_bees_1080x1920_2997,h264,1080p,1080,38,ladder,621.701,8-bit src,29.97002997002997,67.299,77.339,78.123,78.675,78.931
Vertical_bees_1080x1920_2997__1080x1920__h264__crf43,Vertical_bees_1080x1920_2997,h264,1080p,1080,43,ladder,409.483,8-bit src,29.97002997002997,46.688,63.004,61.815,62.507,64.056
Vertical_bees_1080x1920_2997__1080x1920__hevc__crf18,Vertical_bees_1080x1920_2997,hevc,1080p,1080,18,ladder,5544.99,8-bit src,29.97002997002997,98.386,99.292,99.514,99.726,98.496
Vertical_bees_1080x1920_2997__1080x1920__hevc__crf23,Vertical_bees_1080x1920_2997,hevc,1080p,1080,23,ladder,2549.4,8-bit src,29.97002997002997,96.494,97.875,98.189,98.63,96.938
Vertical_bees_1080x1920_2997__1080x1920__hevc__crf28,Vertical_bees_1080x1920_2997,hevc,1080p,1080,28,ladder,1274.263,8-bit src,29.97002997002997,92.768,95.201,95.328,95.844,94.343
Vertical_bees_1080x1920_2997__1080x1920__hevc__crf33,Vertical_bees_1080x1920_2997,hevc,1080p,1080,33,ladder,688.07,8-bit src,29.97002997002997,85.591,90.216,90.103,90.63,89.693
Vertical_bees_1080x1920_2997__1080x1920__hevc__crf38,Vertical_bees_1080x1920_2997,hevc,1080p,1080,38,ladder,394.504,8-bit src,29.97002997002997,73.089,81.629,81.079,81.618,81.6
Vertical_bees_1080x1920_2997__1080x1920__hevc__crf43,Vertical_bees_1080x1920_2997,hevc,1080p,1080,43,ladder,235.473,8-bit src,29.97002997002997,54.233,68.605,66.652,67.231,68.495
Vertical_bees_1080x1920_2997__1080x1920__vp9__crf20,Vertical_bees_1080x1920_2997,vp9,1080p,1080,20,ladder,8646.716,8-bit src,29.97002997002997,99.068,99.747,99.794,99.891,99.071
Vertical_bees_1080x1920_2997__1080x1920__vp9__crf30,Vertical_bees_1080x1920_2997,vp9,1080p,1080,30,ladder,3831.033,8-bit src,29.97002997002997,97.348,98.533,98.619,98.929,97.442
Vertical_bees_1080x1920_2997__1080x1920__vp9__crf40,Vertical_bees_1080x1920_2997,vp9,1080p,1080,40,ladder,1593.796,8-bit src,29.97002997002997,92.649,95.183,94.823,95.291,93.9
Vertical_bees_1080x1920_2997__1080x1920__vp9__crf50,Vertical_bees_1080x1920_2997,vp9,1080p,1080,50,ladder,777.872,8-bit src,29.97002997002997,83.324,88.754,87.939,88.419,87.759
Vertical_bees_1080x1920_2997__1080x1920__vp9__crf60,Vertical_bees_1080x1920_2997,vp9,1080p,1080,60,ladder,397.03,8-bit src,29.97002997002997,68.151,78.464,75.762,76.236,76.793
Vertical_bees_1080x1920_2997__360x640__av1__crf20,Vertical_bees_1080x1920_2997,av1,360p,360,20,ladder,1052.463,8-bit src,29.97002997002997,74.509,81.076,79.524,79.354,80.198
Vertical_bees_1080x1920_2997__360x640__av1__crf30,Vertical_bees_1080x1920_2997,av1,360p,360,30,ladder,562.501,8-bit src,29.97002997002997,70.488,78.362,76.41,76.213,77.381
Vertical_bees_1080x1920_2997__360x640__av1__crf40,Vertical_bees_1080x1920_2997,av1,360p,360,40,ladder,309.878,8-bit src,29.97002997002997,64.642,74.412,71.957,71.73,73.338
Vertical_bees_1080x1920_2997__360x640__av1__crf50,Vertical_bees_1080x1920_2997,av1,360p,360,50,ladder,195.084,8-bit src,29.97002997002997,59.014,70.61,67.365,67.146,69.148
Vertical_bees_1080x1920_2997__360x640__av1__crf60,Vertical_bees_1080x1920_2997,av1,360p,360,60,ladder,100.96,8-bit src,29.97002997002997,47.605,62.994,56.855,56.569,59.478
Vertical_bees_1080x1920_2997__360x640__h264__crf18,Vertical_bees_1080x1920_2997,h264,360p,360,18,ladder,1314.056,8-bit src,29.97002997002997,72.203,79.34,77.827,77.712,78.663
Vertical_bees_1080x1920_2997__360x640__h264__crf23,Vertical_bees_1080x1920_2997,h264,360p,360,23,ladder,665.863,8-bit src,29.97002997002997,65.679,75.042,72.955,72.782,74.245
Vertical_bees_1080x1920_2997__360x640__h264__crf28,Vertical_bees_1080x1920_2997,h264,360p,360,28,ladder,349.277,8-bit src,29.97002997002997,54.608,67.661,64.218,64.006,66.264
Vertical_bees_1080x1920_2997__360x640__h264__crf33,Vertical_bees_1080x1920_2997,h264,360p,360,33,ladder,192.809,8-bit src,29.97002997002997,38.627,56.622,50.136,49.897,53.243
Vertical_bees_1080x1920_2997__360x640__h264__crf38,Vertical_bees_1080x1920_2997,h264,360p,360,38,ladder,116.69,8-bit src,29.97002997002997,18.695,41.656,29.096,28.815,33.424
Vertical_bees_1080x1920_2997__360x640__h264__crf43,Vertical_bees_1080x1920_2997,h264,360p,360,43,ladder,76.272,8-bit src,29.97002997002997,2.673,28.133,6.154,5.717,11.315
Vertical_bees_1080x1920_2997__360x640__hevc__crf18,Vertical_bees_1080x1920_2997,hevc,360p,360,18,ladder,1146.626,8-bit src,29.97002997002997,72.63,79.625,78.772,78.602,79.518
Vertical_bees_1080x1920_2997__360x640__hevc__crf23,Vertical_bees_1080x1920_2997,hevc,360p,360,23,ladder,595.818,8-bit src,29.97002997002997,66.832,75.734,74.499,74.265,75.648
Vertical_bees_1080x1920_2997__360x640__hevc__crf28,Vertical_bees_1080x1920_2997,hevc,360p,360,28,ladder,313.377,8-bit src,29.97002997002997,57.091,69.181,67.413,67.146,69.192
Vertical_bees_1080x1920_2997__360x640__hevc__crf33,Vertical_bees_1080x1920_2997,hevc,360p,360,33,ladder,168.588,8-bit src,29.97002997002997,42.713,59.306,55.445,55.139,58.174
Vertical_bees_1080x1920_2997__360x640__hevc__crf38,Vertical_bees_1080x1920_2997,hevc,360p,360,38,ladder,95.54,8-bit src,29.97002997002997,25.43,46.808,37.657,37.362,41.54
Vertical_bees_1080x1920_2997__360x640__hevc__crf43,Vertical_bees_1080x1920_2997,hevc,360p,360,43,ladder,57.39,8-bit src,29.97002997002997,7.978,32.893,14.086,13.767,19.019
Vertical_bees_1080x1920_2997__360x640__vp9__crf20,Vertical_bees_1080x1920_2997,vp9,360p,360,20,ladder,1841.414,8-bit src,29.97002997002997,75.027,81.415,80.264,80.162,80.865
Vertical_bees_1080x1920_2997__360x640__vp9__crf30,Vertical_bees_1080x1920_2997,vp9,360p,360,30,ladder,926.494,8-bit src,29.97002997002997,69.78,77.918,76.654,76.525,77.602
Vertical_bees_1080x1920_2997__360x640__vp9__crf40,Vertical_bees_1080x1920_2997,vp9,360p,360,40,ladder,422.588,8-bit src,29.97002997002997,59.059,70.751,68.943,68.741,70.589
Vertical_bees_1080x1920_2997__360x640__vp9__crf50,Vertical_bees_1080x1920_2997,vp9,360p,360,50,ladder,205.223,8-bit src,29.97002997002997,43.331,60.038,55.685,55.463,58.395
Vertical_bees_1080x1920_2997__360x640__vp9__crf60,Vertical_bees_1080x1920_2997,vp9,360p,360,60,ladder,101.063,8-bit src,29.97002997002997,26.69,48.29,34.755,34.468,38.793
Vertical_bees_1080x1920_2997__540x960__av1__crf20,Vertical_bees_1080x1920_2997,av1,540p,540,20,ladder,1751.166,8-bit src,29.97002997002997,89.576,92.443,91.843,91.719,91.245
Vertical_bees_1080x1920_2997__540x960__av1__crf30,Vertical_bees_1080x1920_2997,av1,540p,540,30,ladder,962.473,8-bit src,29.97002997002997,86.868,90.569,89.573,89.443,89.22
Vertical_bees_1080x1920_2997__540x960__av1__crf40,Vertical_bees_1080x1920_2997,av1,540p,540,40,ladder,536.326,8-bit src,29.97002997002997,82.185,87.334,86.077,85.945,86.092
Vertical_bees_1080x1920_2997__540x960__av1__crf50,Vertical_bees_1080x1920_2997,av1,540p,540,50,ladder,335.075,8-bit src,29.97002997002997,77.505,84.171,82.517,82.386,82.895
Vertical_bees_1080x1920_2997__540x960__av1__crf60,Vertical_bees_1080x1920_2997,av1,540p,540,60,ladder,172.631,8-bit src,29.97002997002997,67.33,77.323,73.984,73.855,75.179
Vertical_bees_1080x1920_2997__540x960__h264__crf18,Vertical_bees_1080x1920_2997,h264,540p,540,18,ladder,2276.644,8-bit src,29.97002997002997,88.115,91.263,91.339,91.279,90.795
Vertical_bees_1080x1920_2997__540x960__h264__crf23,Vertical_bees_1080x1920_2997,h264,540p,540,23,ladder,1138.626,8-bit src,29.97002997002997,83.34,88.013,87.845,87.77,87.675
Vertical_bees_1080x1920_2997__540x960__h264__crf28,Vertical_bees_1080x1920_2997,h264,540p,540,28,ladder,603.892,8-bit src,29.97002997002997,74.418,81.978,81.348,81.256,81.842
Vertical_bees_1080x1920_2997__540x960__h264__crf33,Vertical_bees_1080x1920_2997,h264,540p,540,33,ladder,345.355,8-bit src,29.97002997002997,59.327,71.622,70.248,70.145,71.779
Vertical_bees_1080x1920_2997__540x960__h264__crf38,Vertical_bees_1080x1920_2997,h264,540p,540,38,ladder,211.635,8-bit src,29.97002997002997,38.801,57.043,52.688,52.574,55.615
Vertical_bees_1080x1920_2997__540x960__h264__crf43,Vertical_bees_1080x1920_2997,h264,540p,540,43,ladder,139.674,8-bit src,29.97002997002997,17.419,40.859,29.902,29.614,34.189
Vertical_bees_1080x1920_2997__540x960__hevc__crf18,Vertical_bees_1080x1920_2997,hevc,540p,540,18,ladder,1946.796,8-bit src,29.97002997002997,88.171,91.313,91.614,91.523,91.04
Vertical_bees_1080x1920_2997__540x960__hevc__crf23,Vertical_bees_1080x1920_2997,hevc,540p,540,23,ladder,1007.217,8-bit src,29.97002997002997,84.025,88.455,88.618,88.521,88.367
Vertical_bees_1080x1920_2997__540x960__hevc__crf28,Vertical_bees_1080x1920_2997,hevc,540p,540,28,ladder,528.368,8-bit src,29.97002997002997,76.435,83.281,83.223,83.123,83.53
Vertical_bees_1080x1920_2997__540x960__hevc__crf33,Vertical_bees_1080x1920_2997,hevc,540p,540,33,ladder,284.901,8-bit src,29.97002997002997,63.669,74.558,73.58,73.453,74.814
Vertical_bees_1080x1920_2997__540x960__hevc__crf38,Vertical_bees_1080x1920_2997,hevc,540p,540,38,ladder,157.718,8-bit src,29.97002997002997,46.327,62.529,59.342,59.216,61.776
Vertical_bees_1080x1920_2997__540x960__hevc__crf43,Vertical_bees_1080x1920_2997,hevc,540p,540,43,ladder,92.076,8-bit src,29.97002997002997,25.771,47.521,38.059,37.915,41.918
Vertical_bees_1080x1920_2997__540x960__vp9__crf20,Vertical_bees_1080x1920_2997,vp9,540p,540,20,ladder,3068.041,8-bit src,29.97002997002997,89.998,92.697,92.518,92.449,91.845
Vertical_bees_1080x1920_2997__540x960__vp9__crf30,Vertical_bees_1080x1920_2997,vp9,540p,540,30,ladder,1527.225,8-bit src,29.97002997002997,86.167,90.091,89.679,89.594,89.314
Vertical_bees_1080x1920_2997__540x960__vp9__crf40,Vertical_bees_1080x1920_2997,vp9,540p,540,40,ladder,707.667,8-bit src,29.97002997002997,77.305,84.065,83.33,83.22,83.626
Vertical_bees_1080x1920_2997__540x960__vp9__crf50,Vertical_bees_1080x1920_2997,vp9,540p,540,50,ladder,344.346,8-bit src,29.97002997002997,62.264,73.846,72.358,72.205,73.701
Vertical_bees_1080x1920_2997__540x960__vp9__crf60,Vertical_bees_1080x1920_2997,vp9,540p,540,60,ladder,169.534,8-bit src,29.97002997002997,44.451,61.68,55.49,55.33,58.212
Vertical_bees_1080x1920_2997__720x1280__av1__crf20,Vertical_bees_1080x1920_2997,av1,720p,720,20,ladder,2619.943,8-bit src,29.97002997002997,94.978,96.591,97.01,96.967,95.837
Vertical_bees_1080x1920_2997__720x1280__av1__crf30,Vertical_bees_1080x1920_2997,av1,720p,720,30,ladder,1360.721,8-bit src,29.97002997002997,92.589,94.898,94.975,94.933,94.029
Vertical_bees_1080x1920_2997__720x1280__av1__crf40,Vertical_bees_1080x1920_2997,av1,720p,720,40,ladder,729.475,8-bit src,29.97002997002997,88.751,92.215,92.038,91.997,91.418
Vertical_bees_1080x1920_2997__720x1280__av1__crf50,Vertical_bees_1080x1920_2997,av1,720p,720,50,ladder,442.206,8-bit src,29.97002997002997,84.51,89.307,88.686,88.654,88.428
Vertical_bees_1080x1920_2997__720x1280__av1__crf60,Vertical_bees_1080x1920_2997,av1,720p,720,60,ladder,232.32,8-bit src,29.97002997002997,75.877,83.489,81.808,81.78,82.256
Vertical_bees_1080x1920_2997__720x1280__h264__crf18,Vertical_bees_1080x1920_2997,h264,720p,720,18,ladder,3355.858,8-bit src,29.97002997002997,94.694,96.338,97.048,97.019,95.884
Vertical_bees_1080x1920_2997__720x1280__h264__crf23,Vertical_bees_1080x1920_2997,h264,720p,720,23,ladder,1655.343,8-bit src,29.97002997002997,90.991,93.717,94.326,94.296,93.453
Vertical_bees_1080x1920_2997__720x1280__h264__crf28,Vertical_bees_1080x1920_2997,h264,720p,720,28,ladder,890.879,8-bit src,29.97002997002997,83.769,88.707,89.317,89.287,88.991
Vertical_bees_1080x1920_2997__720x1280__h264__crf33,Vertical_bees_1080x1920_2997,h264,720p,720,33,ladder,518.142,8-bit src,29.97002997002997,70.656,79.614,80.175,80.155,80.785
Vertical_bees_1080x1920_2997__720x1280__h264__crf38,Vertical_bees_1080x1920_2997,h264,720p,720,38,ladder,325.009,8-bit src,29.97002997002997,51.393,66.095,65.522,65.502,67.461
Vertical_bees_1080x1920_2997__720x1280__h264__crf43,Vertical_bees_1080x1920_2997,h264,720p,720,43,ladder,215.446,8-bit src,29.97002997002997,29.578,50.379,45.893,45.823,49.281
Vertical_bees_1080x1920_2997__720x1280__hevc__crf18,Vertical_bees_1080x1920_2997,hevc,720p,720,18,ladder,2866.503,8-bit src,29.97002997002997,94.599,96.284,97.119,97.081,95.944
Vertical_bees_1080x1920_2997__720x1280__hevc__crf23,Vertical_bees_1080x1920_2997,hevc,720p,720,23,ladder,1437.439,8-bit src,29.97002997002997,91.419,94.025,94.632,94.594,93.725
Vertical_bees_1080x1920_2997__720x1280__hevc__crf28,Vertical_bees_1080x1920_2997,hevc,720p,720,28,ladder,745.099,8-bit src,29.97002997002997,85.514,89.921,90.202,90.169,89.781
Vertical_bees_1080x1920_2997__720x1280__hevc__crf33,Vertical_bees_1080x1920_2997,hevc,720p,720,33,ladder,404.19,8-bit src,29.97002997002997,75.142,82.824,82.99,82.959,83.321
Vertical_bees_1080x1920_2997__720x1280__hevc__crf38,Vertical_bees_1080x1920_2997,hevc,720p,720,38,ladder,228.919,8-bit src,29.97002997002997,59.185,71.887,71.134,71.098,72.589
Vertical_bees_1080x1920_2997__720x1280__hevc__crf43,Vertical_bees_1080x1920_2997,hevc,720p,720,43,ladder,133.867,8-bit src,29.97002997002997,38.42,57.162,52.575,52.545,55.512
Vertical_bees_1080x1920_2997__720x1280__vp9__crf20,Vertical_bees_1080x1920_2997,vp9,720p,720,20,ladder,4339.928,8-bit src,29.97002997002997,95.978,97.344,97.736,97.7,96.529
Vertical_bees_1080x1920_2997__720x1280__vp9__crf30,Vertical_bees_1080x1920_2997,vp9,720p,720,30,ladder,2091.058,8-bit src,29.97002997002997,92.906,95.165,95.319,95.274,94.335
Vertical_bees_1080x1920_2997__720x1280__vp9__crf40,Vertical_bees_1080x1920_2997,vp9,720p,720,40,ladder,953.162,8-bit src,29.97002997002997,85.804,90.254,90.039,89.993,89.636
Vertical_bees_1080x1920_2997__720x1280__vp9__crf50,Vertical_bees_1080x1920_2997,vp9,720p,720,50,ladder,474.587,8-bit src,29.97002997002997,73.225,81.683,81.11,81.069,81.627
Vertical_bees_1080x1920_2997__720x1280__vp9__crf60,Vertical_bees_1080x1920_2997,vp9,720p,720,60,ladder,237.742,8-bit src,29.97002997002997,55.438,69.585,65.71,65.664,67.63
WalkingInStreet_1920x1080_30fps__1080x1920__av1__crf20,WalkingInStreet_1920x1080_30fps,av1,1080p,1080,20,ladder,66021.35,8-bit src,30.0,99.966,99.99,100.0,100.0,100.0
WalkingInStreet_1920x1080_30fps__1080x1920__av1__crf30,WalkingInStreet_1920x1080_30fps,av1,1080p,1080,30,ladder,28886.072,8-bit src,30.0,99.925,99.958,99.813,99.815,99.539
WalkingInStreet_1920x1080_30fps__1080x1920__av1__crf40,WalkingInStreet_1920x1080_30fps,av1,1080p,1080,40,ladder,8904.544,8-bit src,30.0,97.527,98.943,95.393,95.491,94.443
WalkingInStreet_1920x1080_30fps__1080x1920__av1__crf50,WalkingInStreet_1920x1080_30fps,av1,1080p,1080,50,ladder,3597.496,8-bit src,30.0,87.915,95.233,85.985,86.164,86.006
WalkingInStreet_1920x1080_30fps__1080x1920__av1__crf60,WalkingInStreet_1920x1080_30fps,av1,1080p,1080,60,ladder,1335.466,8-bit src,30.0,69.625,85.295,70.3,70.509,71.818
WalkingInStreet_1920x1080_30fps__1080x1920__h264__crf18,WalkingInStreet_1920x1080_30fps,h264,1080p,1080,18,ladder,54626.564,8-bit src,30.0,99.952,99.979,100.0,100.0,99.955
WalkingInStreet_1920x1080_30fps__1080x1920__h264__crf23,WalkingInStreet_1920x1080_30fps,h264,1080p,1080,23,ladder,21490.272,8-bit src,30.0,99.303,99.611,99.201,99.201,98.454
WalkingInStreet_1920x1080_30fps__1080x1920__h264__crf28,WalkingInStreet_1920x1080_30fps,h264,1080p,1080,28,ladder,7613.479,8-bit src,30.0,93.244,97.48,93.256,93.266,92.5
WalkingInStreet_1920x1080_30fps__1080x1920__h264__crf33,WalkingInStreet_1920x1080_30fps,h264,1080p,1080,33,ladder,3563.668,8-bit src,30.0,77.708,90.324,82.758,82.805,83.111
WalkingInStreet_1920x1080_30fps__1080x1920__h264__crf38,WalkingInStreet_1920x1080_30fps,h264,1080p,1080,38,ladder,1902.816,8-bit src,30.0,56.827,78.134,66.717,66.791,68.554
WalkingInStreet_1920x1080_30fps__1080x1920__h264__crf43,WalkingInStreet_1920x1080_30fps,h264,1080p,1080,43,ladder,1115.982,8-bit src,30.0,35.171,64.191,43.734,43.835,47.258
WalkingInStreet_1920x1080_30fps__1080x1920__hevc__crf18,WalkingInStreet_1920x1080_30fps,hevc,1080p,1080,18,ladder,50047.135,8-bit src,30.0,99.96,99.985,100.0,100.0,99.9
WalkingInStreet_1920x1080_30fps__1080x1920__hevc__crf23,WalkingInStreet_1920x1080_30fps,hevc,1080p,1080,23,ladder,21318.408,8-bit src,30.0,99.34,99.639,98.961,98.961,97.947
WalkingInStreet_1920x1080_30fps__1080x1920__hevc__crf28,WalkingInStreet_1920x1080_30fps,hevc,1080p,1080,28,ladder,8251.408,8-bit src,30.0,93.747,97.521,92.832,92.841,92.132
WalkingInStreet_1920x1080_30fps__1080x1920__hevc__crf33,WalkingInStreet_1920x1080_30fps,hevc,1080p,1080,33,ladder,3503.023,8-bit src,30.0,80.721,91.707,82.918,82.977,83.253
WalkingInStreet_1920x1080_30fps__1080x1920__hevc__crf38,WalkingInStreet_1920x1080_30fps,hevc,1080p,1080,38,ladder,1582.81,8-bit src,30.0,62.972,81.5,67.469,67.536,69.239
WalkingInStreet_1920x1080_30fps__1080x1920__hevc__crf43,WalkingInStreet_1920x1080_30fps,hevc,1080p,1080,43,ladder,704.624,8-bit src,30.0,42.952,69.011,44.968,45.093,48.408
WalkingInStreet_1920x1080_30fps__1080x1920__vp9__crf20,WalkingInStreet_1920x1080_30fps,vp9,1080p,1080,20,ladder,83522.998,8-bit src,30.0,99.975,100.0,100.0,100.0,100.0
WalkingInStreet_1920x1080_30fps__1080x1920__vp9__crf30,WalkingInStreet_1920x1080_30fps,vp9,1080p,1080,30,ladder,42836.276,8-bit src,30.0,99.957,99.984,99.918,99.918,99.736
WalkingInStreet_1920x1080_30fps__1080x1920__vp9__crf40,WalkingInStreet_1920x1080_30fps,vp9,1080p,1080,40,ladder,14621.324,8-bit src,30.0,97.953,99.138,96.888,96.943,96.045
WalkingInStreet_1920x1080_30fps__1080x1920__vp9__crf50,WalkingInStreet_1920x1080_30fps,vp9,1080p,1080,50,ladder,5058.435,8-bit src,30.0,87.483,94.97,87.471,87.574,87.346
WalkingInStreet_1920x1080_30fps__1080x1920__vp9__crf60,WalkingInStreet_1920x1080_30fps,vp9,1080p,1080,60,ladder,1881.63,8-bit src,30.0,66.239,83.809,69.145,69.279,70.763
WalkingInStreet_1920x1080_30fps__360x640__av1__crf20,WalkingInStreet_1920x1080_30fps,av1,360p,360,20,ladder,5626.841,8-bit src,30.0,82.189,91.005,81.559,81.447,82.029
WalkingInStreet_1920x1080_30fps__360x640__av1__crf30,WalkingInStreet_1920x1080_30fps,av1,360p,360,30,ladder,2785.222,8-bit src,30.0,74.315,87.002,74.166,74.03,75.343
WalkingInStreet_1920x1080_30fps__360x640__av1__crf40,WalkingInStreet_1920x1080_30fps,av1,360p,360,40,ladder,1298.283,8-bit src,30.0,62.087,80.037,62.705,62.568,64.871
WalkingInStreet_1920x1080_30fps__360x640__av1__crf50,WalkingInStreet_1920x1080_30fps,av1,360p,360,50,ladder,648.262,8-bit src,30.0,49.293,72.225,49.455,49.319,52.602
WalkingInStreet_1920x1080_30fps__360x640__av1__crf60,WalkingInStreet_1920x1080_30fps,av1,360p,360,60,ladder,278.236,8-bit src,30.0,32.018,60.755,27.903,27.782,32.27
WalkingInStreet_1920x1080_30fps__360x640__h264__crf18,WalkingInStreet_1920x1080_30fps,h264,360p,360,18,ladder,4688.376,8-bit src,30.0,78.187,88.826,78.733,78.67,79.476
WalkingInStreet_1920x1080_30fps__360x640__h264__crf23,WalkingInStreet_1920x1080_30fps,h264,360p,360,23,ladder,2256.52,8-bit src,30.0,67.757,83.189,69.893,69.798,71.451
WalkingInStreet_1920x1080_30fps__360x640__h264__crf28,WalkingInStreet_1920x1080_30fps,h264,360p,360,28,ladder,1115.729,8-bit src,30.0,53.082,74.762,57.326,57.216,59.912
WalkingInStreet_1920x1080_30fps__360x640__h264__crf33,WalkingInStreet_1920x1080_30fps,h264,360p,360,33,ladder,552.779,8-bit src,30.0,36.221,64.296,39.278,39.176,43.067
WalkingInStreet_1920x1080_30fps__360x640__h264__crf38,WalkingInStreet_1920x1080_30fps,h264,360p,360,38,ladder,276.996,8-bit src,30.0,20.134,52.513,15.635,15.513,20.509
WalkingInStreet_1920x1080_30fps__360x640__h264__crf43,WalkingInStreet_1920x1080_30fps,h264,360p,360,43,ladder,148.458,8-bit src,30.0,9.274,42.162,0.001,0.0,0.639
WalkingInStreet_1920x1080_30fps__360x640__hevc__crf18,WalkingInStreet_1920x1080_30fps,hevc,360p,360,18,ladder,4702.945,8-bit src,30.0,77.437,88.406,79.183,79.118,79.886
WalkingInStreet_1920x1080_30fps__360x640__hevc__crf23,WalkingInStreet_1920x1080_30fps,hevc,360p,360,23,ladder,2394.601,8-bit src,30.0,67.666,82.919,71.041,70.964,72.501
WalkingInStreet_1920x1080_30fps__360x640__hevc__crf28,WalkingInStreet_1920x1080_30fps,hevc,360p,360,28,ladder,1212.026,8-bit src,30.0,54.645,75.188,58.587,58.504,61.077
WalkingInStreet_1920x1080_30fps__360x640__hevc__crf33,WalkingInStreet_1920x1080_30fps,hevc,360p,360,33,ladder,582.414,8-bit src,30.0,39.181,65.546,41.776,41.71,45.416
WalkingInStreet_1920x1080_30fps__360x640__hevc__crf38,WalkingInStreet_1920x1080_30fps,hevc,360p,360,38,ladder,267.485,8-bit src,30.0,24.143,55.201,19.946,19.894,24.665
WalkingInStreet_1920x1080_30fps__360x640__hevc__crf43,WalkingInStreet_1920x1080_30fps,hevc,360p,360,43,ladder,122.926,8-bit src,30.0,11.743,44.829,0.371,0.359,2.744
WalkingInStreet_1920x1080_30fps__360x640__vp9__crf20,WalkingInStreet_1920x1080_30fps,vp9,360p,360,20,ladder,7980.6,8-bit src,30.0,83.627,91.667,84.192,84.126,84.397
WalkingInStreet_1920x1080_30fps__360x640__vp9__crf30,WalkingInStreet_1920x1080_30fps,vp9,360p,360,30,ladder,4310.397,8-bit src,30.0,76.302,88.032,78.876,78.8,79.607
WalkingInStreet_1920x1080_30fps__360x640__vp9__crf40,WalkingInStreet_1920x1080_30fps,vp9,360p,360,40,ladder,1963.387,8-bit src,30.0,62.415,80.373,66.894,66.811,68.709
WalkingInStreet_1920x1080_30fps__360x640__vp9__crf50,WalkingInStreet_1920x1080_30fps,vp9,360p,360,50,ladder,843.205,8-bit src,30.0,44.267,69.416,46.47,46.389,49.806
WalkingInStreet_1920x1080_30fps__360x640__vp9__crf60,WalkingInStreet_1920x1080_30fps,vp9,360p,360,60,ladder,336.54,8-bit src,30.0,25.642,56.559,18.662,18.589,23.411
WalkingInStreet_1920x1080_30fps__540x960__av1__crf20,WalkingInStreet_1920x1080_30fps,av1,540p,540,20,ladder,13385.744,8-bit src,30.0,97.236,98.462,95.551,95.482,94.546
WalkingInStreet_1920x1080_30fps__540x960__av1__crf30,WalkingInStreet_1920x1080_30fps,av1,540p,540,30,ladder,5914.669,8-bit src,30.0,92.291,96.481,89.678,89.596,89.311
WalkingInStreet_1920x1080_30fps__540x960__av1__crf40,WalkingInStreet_1920x1080_30fps,av1,540p,540,40,ladder,2539.823,8-bit src,30.0,81.299,91.621,79.676,79.59,80.332
WalkingInStreet_1920x1080_30fps__540x960__av1__crf50,WalkingInStreet_1920x1080_30fps,av1,540p,540,50,ladder,1261.049,8-bit src,30.0,68.391,84.437,67.954,67.874,69.682
WalkingInStreet_1920x1080_30fps__540x960__av1__crf60,WalkingInStreet_1920x1080_30fps,av1,540p,540,60,ladder,521.938,8-bit src,30.0,49.314,72.602,48.397,48.315,51.602
WalkingInStreet_1920x1080_30fps__540x960__h264__crf18,WalkingInStreet_1920x1080_30fps,h264,540p,540,18,ladder,10928.78,8-bit src,30.0,94.637,97.191,93.518,93.466,92.731
WalkingInStreet_1920x1080_30fps__540x960__h264__crf23,WalkingInStreet_1920x1080_30fps,h264,540p,540,23,ladder,4597.769,8-bit src,30.0,86.34,93.847,86.438,86.399,86.412
WalkingInStreet_1920x1080_30fps__540x960__h264__crf28,WalkingInStreet_1920x1080_30fps,h264,540p,540,28,ladder,2187.733,8-bit src,30.0,72.418,86.893,76.376,76.34,77.349
WalkingInStreet_1920x1080_30fps__540x960__h264__crf33,WalkingInStreet_1920x1080_30fps,h264,540p,540,33,ladder,1086.199,8-bit src,30.0,54.032,76.231,61.005,60.968,63.308
WalkingInStreet_1920x1080_30fps__540x960__h264__crf38,WalkingInStreet_1920x1080_30fps,h264,540p,540,38,ladder,554.534,8-bit src,30.0,33.716,62.968,38.304,38.259,42.148
WalkingInStreet_1920x1080_30fps__540x960__h264__crf43,WalkingInStreet_1920x1080_30fps,h264,540p,540,43,ladder,303.455,8-bit src,30.0,16.901,49.785,11.141,11.086,16.108
WalkingInStreet_1920x1080_30fps__540x960__hevc__crf18,WalkingInStreet_1920x1080_30fps,hevc,540p,540,18,ladder,10756.22,8-bit src,30.0,94.236,97.13,93.054,92.999,92.319
WalkingInStreet_1920x1080_30fps__540x960__hevc__crf23,WalkingInStreet_1920x1080_30fps,hevc,540p,540,23,ladder,5041.061,8-bit src,30.0,85.91,93.636,86.261,86.216,86.254
WalkingInStreet_1920x1080_30fps__540x960__hevc__crf28,WalkingInStreet_1920x1080_30fps,hevc,540p,540,28,ladder,2424.84,8-bit src,30.0,73.457,87.164,76.04,75.996,77.043
WalkingInStreet_1920x1080_30fps__540x960__hevc__crf33,WalkingInStreet_1920x1080_30fps,hevc,540p,540,33,ladder,1146.018,8-bit src,30.0,57.196,77.496,61.378,61.341,63.65
WalkingInStreet_1920x1080_30fps__540x960__hevc__crf38,WalkingInStreet_1920x1080_30fps,hevc,540p,540,38,ladder,515.733,8-bit src,30.0,38.91,65.913,40.408,40.38,44.127
WalkingInStreet_1920x1080_30fps__540x960__hevc__crf43,WalkingInStreet_1920x1080_30fps,hevc,540p,540,43,ladder,225.613,8-bit src,30.0,22.121,53.87,14.268,14.229,19.177
WalkingInStreet_1920x1080_30fps__540x960__vp9__crf20,WalkingInStreet_1920x1080_30fps,vp9,540p,540,20,ladder,18985.294,8-bit src,30.0,97.773,98.691,97.16,97.103,96.146
WalkingInStreet_1920x1080_30fps__540x960__vp9__crf30,WalkingInStreet_1920x1080_30fps,vp9,540p,540,30,ladder,9430.102,8-bit src,30.0,93.285,96.902,92.585,92.508,91.909
WalkingInStreet_1920x1080_30fps__540x960__vp9__crf40,WalkingInStreet_1920x1080_30fps,vp9,540p,540,40,ladder,3928.862,8-bit src,30.0,81.537,91.741,83.469,83.403,83.745
WalkingInStreet_1920x1080_30fps__540x960__vp9__crf50,WalkingInStreet_1920x1080_30fps,vp9,540p,540,50,ladder,1659.033,8-bit src,30.0,63.19,81.701,66.589,66.542,68.426
WalkingInStreet_1920x1080_30fps__540x960__vp9__crf60,WalkingInStreet_1920x1080_30fps,vp9,540p,540,60,ladder,657.873,8-bit src,30.0,41.085,67.77,40.381,40.34,44.085
WalkingInStreet_1920x1080_30fps__720x1280__av1__crf20,WalkingInStreet_1920x1080_30fps,av1,720p,720,20,ladder,26291.286,8-bit src,30.0,99.746,99.808,99.627,99.617,99.296
WalkingInStreet_1920x1080_30fps__720x1280__av1__crf30,WalkingInStreet_1920x1080_30fps,av1,720p,720,30,ladder,11150.75,8-bit src,30.0,97.939,98.977,96.846,96.812,95.814
WalkingInStreet_1920x1080_30fps__720x1280__av1__crf40,WalkingInStreet_1920x1080_30fps,av1,720p,720,40,ladder,4145.41,8-bit src,30.0,89.801,95.819,88.29,88.263,88.071
WalkingInStreet_1920x1080_30fps__720x1280__av1__crf50,WalkingInStreet_1920x1080_30fps,av1,720p,720,50,ladder,1911.606,8-bit src,30.0,76.985,89.437,77.025,77.004,77.933
WalkingInStreet_1920x1080_30fps__720x1280__av1__crf60,WalkingInStreet_1920x1080_30fps,av1,720p,720,60,ladder,742.748,8-bit src,30.0,56.856,77.428,57.912,57.897,60.44
WalkingInStreet_1920x1080_30fps__720x1280__h264__crf18,WalkingInStreet_1920x1080_30fps,h264,720p,720,18,ladder,20554.422,8-bit src,30.0,99.014,99.368,98.961,98.949,98.274
WalkingInStreet_1920x1080_30fps__720x1280__h264__crf23,WalkingInStreet_1920x1080_30fps,h264,720p,720,23,ladder,8047.754,8-bit src,30.0,94.793,97.666,94.236,94.206,93.369
WalkingInStreet_1920x1080_30fps__720x1280__h264__crf28,WalkingInStreet_1920x1080_30fps,h264,720p,720,28,ladder,3505.0,8-bit src,30.0,82.907,92.797,85.748,85.732,85.795
WalkingInStreet_1920x1080_30fps__720x1280__h264__crf33,WalkingInStreet_1920x1080_30fps,h264,720p,720,33,ladder,1745.512,8-bit src,30.0,64.966,82.981,72.372,72.359,73.714
WalkingInStreet_1920x1080_30fps__720x1280__h264__crf38,WalkingInStreet_1920x1080_30fps,h264,720p,720,38,ladder,916.704,8-bit src,30.0,43.582,69.748,52.529,52.518,55.467
WalkingInStreet_1920x1080_30fps__720x1280__h264__crf43,WalkingInStreet_1920x1080_30fps,h264,720p,720,43,ladder,517.346,8-bit src,30.0,24.319,56.108,26.366,26.354,30.818
WalkingInStreet_1920x1080_30fps__720x1280__hevc__crf18,WalkingInStreet_1920x1080_30fps,hevc,720p,720,18,ladder,19857.375,8-bit src,30.0,99.042,99.413,98.683,98.655,97.647
WalkingInStreet_1920x1080_30fps__720x1280__hevc__crf23,WalkingInStreet_1920x1080_30fps,hevc,720p,720,23,ladder,8747.971,8-bit src,30.0,94.237,97.493,93.321,93.289,92.566
WalkingInStreet_1920x1080_30fps__720x1280__hevc__crf28,WalkingInStreet_1920x1080_30fps,hevc,720p,720,28,ladder,3884.488,8-bit src,30.0,83.399,92.835,84.73,84.709,84.881
WalkingInStreet_1920x1080_30fps__720x1280__hevc__crf33,WalkingInStreet_1920x1080_30fps,hevc,720p,720,33,ladder,1803.467,8-bit src,30.0,67.877,84.193,71.906,71.891,73.288
WalkingInStreet_1920x1080_30fps__720x1280__hevc__crf38,WalkingInStreet_1920x1080_30fps,hevc,720p,720,38,ladder,809.704,8-bit src,30.0,49.212,72.794,52.888,52.875,55.796
WalkingInStreet_1920x1080_30fps__720x1280__hevc__crf43,WalkingInStreet_1920x1080_30fps,hevc,720p,720,43,ladder,356.423,8-bit src,30.0,30.692,60.48,27.769,27.76,32.15
WalkingInStreet_1920x1080_30fps__720x1280__vp9__crf20,WalkingInStreet_1920x1080_30fps,vp9,720p,720,20,ladder,34436.215,8-bit src,30.0,99.828,99.87,99.798,99.789,99.519
WalkingInStreet_1920x1080_30fps__720x1280__vp9__crf30,WalkingInStreet_1920x1080_30fps,vp9,720p,720,30,ladder,17059.194,8-bit src,30.0,98.524,99.261,97.999,97.966,97.121
WalkingInStreet_1920x1080_30fps__720x1280__vp9__crf40,WalkingInStreet_1920x1080_30fps,vp9,720p,720,40,ladder,6426.352,8-bit src,30.0,91.279,96.495,91.004,90.959,90.506
WalkingInStreet_1920x1080_30fps__720x1280__vp9__crf50,WalkingInStreet_1920x1080_30fps,vp9,720p,720,50,ladder,2594.547,8-bit src,30.0,74.595,88.48,77.49,77.46,78.35
WalkingInStreet_1920x1080_30fps__720x1280__vp9__crf60,WalkingInStreet_1920x1080_30fps,vp9,720p,720,60,ladder,1001.907,8-bit src,30.0,51.186,74.429,53.683,53.667,56.522
WorldCup_1920x1080_30p__1280x720__av1__crf20,WorldCup_1920x1080_30p,av1,720p,720,20,ladder,5134.166,8-bit src,30.0,96.265,97.103,95.615,95.494,94.603
WorldCup_1920x1080_30p__1280x720__av1__crf30,WorldCup_1920x1080_30p,av1,720p,720,30,ladder,2908.602,8-bit src,30.0,92.983,94.974,92.488,92.383,91.818
WorldCup_1920x1080_30p__1280x720__av1__crf40,WorldCup_1920x1080_30p,av1,720p,720,40,ladder,1500.737,8-bit src,30.0,85.95,90.414,86.69,86.607,86.64
WorldCup_1920x1080_30p__1280x720__av1__crf50,WorldCup_1920x1080_30p,av1,720p,720,50,ladder,825.984,8-bit src,30.0,76.007,83.893,78.862,78.784,79.596
WorldCup_1920x1080_30p__1280x720__av1__crf60,WorldCup_1920x1080_30p,av1,720p,720,60,ladder,394.016,8-bit src,30.0,59.144,72.637,63.833,63.749,65.905
WorldCup_1920x1080_30p__1280x720__h264__crf18,WorldCup_1920x1080_30p,h264,720p,720,18,ladder,5449.597,8-bit src,30.0,95.69,96.575,95.74,95.574,94.72
WorldCup_1920x1080_30p__1280x720__h264__crf23,WorldCup_1920x1080_30p,h264,720p,720,23,ladder,2963.858,8-bit src,30.0,90.252,92.962,91.188,91.023,90.66
WorldCup_1920x1080_30p__1280x720__h264__crf28,WorldCup_1920x1080_30p,h264,720p,720,28,ladder,1676.451,8-bit src,30.0,80.631,86.688,84.323,84.158,84.518
WorldCup_1920x1080_30p__1280x720__h264__crf33,WorldCup_1920x1080_30p,h264,720p,720,33,ladder,990.975,8-bit src,30.0,65.993,77.118,74.012,73.833,75.205
WorldCup_1920x1080_30p__1280x720__h264__crf38,WorldCup_1920x1080_30p,h264,720p,720,38,ladder,599.765,8-bit src,30.0,47.898,64.992,59.013,58.816,61.473
WorldCup_1920x1080_30p__1280x720__h264__crf43,WorldCup_1920x1080_30p,h264,720p,720,43,ladder,372.25,8-bit src,30.0,30.0,52.188,39.583,39.375,43.353
WorldCup_1920x1080_30p__1280x720__hevc__crf18,WorldCup_1920x1080_30p,hevc,720p,720,18,ladder,4850.18,8-bit src,30.0,95.048,96.15,95.396,95.297,94.424
WorldCup_1920x1080_30p__1280x720__hevc__crf23,WorldCup_1920x1080_30p,hevc,720p,720,23,ladder,2678.703,8-bit src,30.0,90.057,92.825,91.238,91.137,90.705
WorldCup_1920x1080_30p__1280x720__hevc__crf28,WorldCup_1920x1080_30p,hevc,720p,720,28,ladder,1490.904,8-bit src,30.0,81.637,87.322,84.72,84.602,84.873
WorldCup_1920x1080_30p__1280x720__hevc__crf33,WorldCup_1920x1080_30p,hevc,720p,720,33,ladder,826.114,8-bit src,30.0,69.161,79.2,75.03,74.891,76.128
WorldCup_1920x1080_30p__1280x720__hevc__crf38,WorldCup_1920x1080_30p,hevc,720p,720,38,ladder,465.32,8-bit src,30.0,53.396,68.734,61.469,61.312,63.732
WorldCup_1920x1080_30p__1280x720__hevc__crf43,WorldCup_1920x1080_30p,hevc,720p,720,43,ladder,263.909,8-bit src,30.0,37.003,57.333,42.984,42.826,46.545
WorldCup_1920x1080_30p__1280x720__vp9__crf20,WorldCup_1920x1080_30p,vp9,720p,720,20,ladder,6584.736,8-bit src,30.0,97.323,97.828,96.612,96.466,95.514
WorldCup_1920x1080_30p__1280x720__vp9__crf30,WorldCup_1920x1080_30p,vp9,720p,720,30,ladder,3639.94,8-bit src,30.0,93.729,95.446,93.19,93.042,92.452
WorldCup_1920x1080_30p__1280x720__vp9__crf40,WorldCup_1920x1080_30p,vp9,720p,720,40,ladder,1798.513,8-bit src,30.0,85.276,90.046,86.007,85.857,86.027
WorldCup_1920x1080_30p__1280x720__vp9__crf50,WorldCup_1920x1080_30p,vp9,720p,720,50,ladder,892.872,8-bit src,30.0,71.062,80.943,74.357,74.201,75.514
WorldCup_1920x1080_30p__1280x720__vp9__crf60,WorldCup_1920x1080_30p,vp9,720p,720,60,ladder,447.383,8-bit src,30.0,52.92,68.979,57.055,56.893,59.654
WorldCup_1920x1080_30p__1920x1080__av1__crf20,WorldCup_1920x1080_30p,av1,1080p,1080,20,ladder,8640.116,8-bit src,30.0,99.866,99.956,98.813,99.712,97.58
WorldCup_1920x1080_30p__1920x1080__av1__crf30,WorldCup_1920x1080_30p,av1,1080p,1080,30,ladder,4806.91,8-bit src,30.0,98.828,99.255,96.377,97.759,95.277
WorldCup_1920x1080_30p__1920x1080__av1__crf40,WorldCup_1920x1080_30p,av1,1080p,1080,40,ladder,2477.165,8-bit src,30.0,94.271,96.177,91.932,93.293,91.323
WorldCup_1920x1080_30p__1920x1080__av1__crf50,WorldCup_1920x1080_30p,av1,1080p,1080,50,ladder,1326.153,8-bit src,30.0,86.458,91.017,85.514,86.913,85.585
WorldCup_1920x1080_30p__1920x1080__av1__crf60,WorldCup_1920x1080_30p,av1,1080p,1080,60,ladder,637.145,8-bit src,30.0,72.073,81.515,73.642,75.086,74.866
WorldCup_1920x1080_30p__1920x1080__h264__crf18,WorldCup_1920x1080_30p,h264,1080p,1080,18,ladder,10858.287,8-bit src,30.0,99.778,99.89,99.076,99.767,97.861
WorldCup_1920x1080_30p__1920x1080__h264__crf23,WorldCup_1920x1080_30p,h264,1080p,1080,23,ladder,5856.044,8-bit src,30.0,97.627,98.27,95.754,97.148,94.72
WorldCup_1920x1080_30p__1920x1080__h264__crf28,WorldCup_1920x1080_30p,h264,1080p,1080,28,ladder,3296.664,8-bit src,30.0,91.128,93.882,90.593,92.004,90.131
WorldCup_1920x1080_30p__1920x1080__h264__crf33,WorldCup_1920x1080_30p,h264,1080p,1080,33,ladder,1953.192,8-bit src,30.0,79.614,86.328,82.834,84.296,83.18
WorldCup_1920x1080_30p__1920x1080__h264__crf38,WorldCup_1920x1080_30p,h264,1080p,1080,38,ladder,1203.609,8-bit src,30.0,62.904,75.418,71.179,72.691,72.629
WorldCup_1920x1080_30p__1920x1080__h264__crf43,WorldCup_1920x1080_30p,h264,1080p,1080,43,ladder,757.817,8-bit src,30.0,44.014,62.731,54.777,56.297,57.554
WorldCup_1920x1080_30p__1920x1080__hevc__crf18,WorldCup_1920x1080_30p,hevc,1080p,1080,18,ladder,8786.016,8-bit src,30.0,99.591,99.757,98.536,99.53,97.332
WorldCup_1920x1080_30p__1920x1080__hevc__crf23,WorldCup_1920x1080_30p,hevc,1080p,1080,23,ladder,4703.946,8-bit src,30.0,97.162,97.971,95.6,96.836,94.59
WorldCup_1920x1080_30p__1920x1080__hevc__crf28,WorldCup_1920x1080_30p,hevc,1080p,1080,28,ladder,2579.963,8-bit src,30.0,91.352,94.082,90.642,91.813,90.174
WorldCup_1920x1080_30p__1920x1080__hevc__crf33,WorldCup_1920x1080_30p,hevc,1080p,1080,33,ladder,1434.523,8-bit src,30.0,81.529,87.677,83.243,84.39,83.547
WorldCup_1920x1080_30p__1920x1080__hevc__crf38,WorldCup_1920x1080_30p,hevc,1080p,1080,38,ladder,805.215,8-bit src,30.0,67.564,78.566,72.323,73.509,73.668
WorldCup_1920x1080_30p__1920x1080__hevc__crf43,WorldCup_1920x1080_30p,hevc,1080p,1080,43,ladder,462.233,8-bit src,30.0,50.934,67.458,57.018,58.261,59.626
WorldCup_1920x1080_30p__1920x1080__vp9__crf20,WorldCup_1920x1080_30p,vp9,1080p,1080,20,ladder,11929.345,8-bit src,30.0,99.95,99.996,99.368,99.808,98.34
WorldCup_1920x1080_30p__1920x1080__vp9__crf30,WorldCup_1920x1080_30p,vp9,1080p,1080,30,ladder,6280.734,8-bit src,30.0,99.192,99.501,97.261,98.259,96.11
WorldCup_1920x1080_30p__1920x1080__vp9__crf40,WorldCup_1920x1080_30p,vp9,1080p,1080,40,ladder,3003.919,8-bit src,30.0,94.34,96.252,91.984,93.08,91.376
WorldCup_1920x1080_30p__1920x1080__vp9__crf50,WorldCup_1920x1080_30p,vp9,1080p,1080,50,ladder,1488.204,8-bit src,30.0,83.732,89.422,83.221,84.351,83.525
WorldCup_1920x1080_30p__1920x1080__vp9__crf60,WorldCup_1920x1080_30p,vp9,1080p,1080,60,ladder,744.734,8-bit src,30.0,67.361,78.86,69.474,70.633,71.068
WorldCup_1920x1080_30p__640x360__av1__crf20,WorldCup_1920x1080_30p,av1,360p,360,20,ladder,2030.476,8-bit src,30.0,74.369,81.127,77.101,76.11,78.006
WorldCup_1920x1080_30p__640x360__av1__crf30,WorldCup_1920x1080_30p,av1,360p,360,30,ladder,1207.274,8-bit src,30.0,68.496,77.428,72.305,71.309,73.652
WorldCup_1920x1080_30p__640x360__av1__crf40,WorldCup_1920x1080_30p,av1,360p,360,40,ladder,640.528,8-bit src,30.0,58.34,70.889,63.741,62.724,65.822
WorldCup_1920x1080_30p__640x360__av1__crf50,WorldCup_1920x1080_30p,av1,360p,360,50,ladder,361.713,8-bit src,30.0,46.673,63.102,52.316,51.261,55.264
WorldCup_1920x1080_30p__640x360__av1__crf60,WorldCup_1920x1080_30p,av1,360p,360,60,ladder,170.968,8-bit src,30.0,29.182,50.688,31.619,30.475,35.811
WorldCup_1920x1080_30p__640x360__h264__crf18,WorldCup_1920x1080_30p,h264,360p,360,18,ladder,1936.129,8-bit src,30.0,71.838,79.214,74.747,73.967,75.871
WorldCup_1920x1080_30p__640x360__h264__crf23,WorldCup_1920x1080_30p,h264,360p,360,23,ladder,1066.045,8-bit src,30.0,61.899,72.859,66.665,65.785,68.504
WorldCup_1920x1080_30p__640x360__h264__crf28,WorldCup_1920x1080_30p,h264,360p,360,28,ladder,596.713,8-bit src,30.0,48.35,64.075,55.242,54.29,57.983
WorldCup_1920x1080_30p__640x360__h264__crf33,WorldCup_1920x1080_30p,h264,360p,360,33,ladder,341.064,8-bit src,30.0,32.804,53.414,39.86,38.875,43.615
WorldCup_1920x1080_30p__640x360__h264__crf38,WorldCup_1920x1080_30p,h264,360p,360,38,ladder,199.514,8-bit src,30.0,18.031,42.255,20.754,19.681,25.444
WorldCup_1920x1080_30p__640x360__h264__crf43,WorldCup_1920x1080_30p,h264,360p,360,43,ladder,119.015,8-bit src,30.0,5.32,31.265,1.23,0.783,5.179
WorldCup_1920x1080_30p__640x360__hevc__crf18,WorldCup_1920x1080_30p,hevc,360p,360,18,ladder,1951.608,8-bit src,30.0,70.763,78.482,75.48,74.722,76.535
WorldCup_1920x1080_30p__640x360__hevc__crf23,WorldCup_1920x1080_30p,hevc,360p,360,23,ladder,1088.507,8-bit src,30.0,62.05,72.881,68.674,67.933,70.34
WorldCup_1920x1080_30p__640x360__hevc__crf28,WorldCup_1920x1080_30p,hevc,360p,360,28,ladder,594.976,8-bit src,30.0,49.958,64.972,58.527,57.777,61.019
WorldCup_1920x1080_30p__640x360__hevc__crf33,WorldCup_1920x1080_30p,hevc,360p,360,33,ladder,326.299,8-bit src,30.0,36.015,55.513,43.917,43.11,47.422
WorldCup_1920x1080_30p__640x360__hevc__crf38,WorldCup_1920x1080_30p,hevc,360p,360,38,ladder,181.546,8-bit src,30.0,22.469,45.647,26.675,25.725,31.105
WorldCup_1920x1080_30p__640x360__hevc__crf43,WorldCup_1920x1080_30p,hevc,360p,360,43,ladder,105.766,8-bit src,30.0,11.01,36.358,6.927,5.93,11.918
WorldCup_1920x1080_30p__640x360__vp9__crf20,WorldCup_1920x1080_30p,vp9,360p,360,20,ladder,2740.951,8-bit src,30.0,75.793,81.953,78.638,77.962,79.394
WorldCup_1920x1080_30p__640x360__vp9__crf30,WorldCup_1920x1080_30p,vp9,360p,360,30,ladder,1566.624,8-bit src,30.0,68.851,77.661,73.252,72.557,74.512
WorldCup_1920x1080_30p__640x360__vp9__crf40,WorldCup_1920x1080_30p,vp9,360p,360,40,ladder,772.89,8-bit src,30.0,55.9,69.485,62.024,61.298,64.24
WorldCup_1920x1080_30p__640x360__vp9__crf50,WorldCup_1920x1080_30p,vp9,360p,360,50,ladder,378.538,8-bit src,30.0,40.018,58.949,44.833,44.058,48.276
WorldCup_1920x1080_30p__640x360__vp9__crf60,WorldCup_1920x1080_30p,vp9,360p,360,60,ladder,189.125,8-bit src,30.0,24.938,47.993,24.037,23.178,28.578
WorldCup_1920x1080_30p__960x540__av1__crf20,WorldCup_1920x1080_30p,av1,540p,540,20,ladder,3423.47,8-bit src,30.0,89.755,92.238,89.623,88.965,89.263
WorldCup_1920x1080_30p__960x540__av1__crf30,WorldCup_1920x1080_30p,av1,540p,540,30,ladder,2042.542,8-bit src,30.0,85.589,89.596,86.121,85.478,86.13
WorldCup_1920x1080_30p__960x540__av1__crf40,WorldCup_1920x1080_30p,av1,540p,540,40,ladder,1075.255,8-bit src,30.0,77.318,84.312,79.144,78.555,79.852
WorldCup_1920x1080_30p__960x540__av1__crf50,WorldCup_1920x1080_30p,av1,540p,540,50,ladder,606.969,8-bit src,30.0,66.415,77.147,69.985,69.368,71.537
WorldCup_1920x1080_30p__960x540__av1__crf60,WorldCup_1920x1080_30p,av1,540p,540,60,ladder,286.596,8-bit src,30.0,48.498,65.04,52.574,51.941,55.502
WorldCup_1920x1080_30p__960x540__h264__crf18,WorldCup_1920x1080_30p,h264,540p,540,18,ladder,3556.787,8-bit src,30.0,88.35,91.117,89.014,88.499,88.719
WorldCup_1920x1080_30p__960x540__h264__crf23,WorldCup_1920x1080_30p,h264,540p,540,23,ladder,1942.572,8-bit src,30.0,81.042,86.396,83.017,82.46,83.344
WorldCup_1920x1080_30p__960x540__h264__crf28,WorldCup_1920x1080_30p,h264,540p,540,28,ladder,1096.88,8-bit src,30.0,69.151,78.712,74.155,73.549,75.335
WorldCup_1920x1080_30p__960x540__h264__crf33,WorldCup_1920x1080_30p,h264,540p,540,33,ladder,638.391,8-bit src,30.0,53.132,68.172,61.48,60.868,63.746
WorldCup_1920x1080_30p__960x540__h264__crf38,WorldCup_1920x1080_30p,h264,540p,540,38,ladder,379.735,8-bit src,30.0,35.286,55.765,43.996,43.336,47.502
WorldCup_1920x1080_30p__960x540__h264__crf43,WorldCup_1920x1080_30p,h264,540p,540,43,ladder,232.583,8-bit src,30.0,19.334,43.591,22.315,21.571,26.939
WorldCup_1920x1080_30p__960x540__hevc__crf18,WorldCup_1920x1080_30p,hevc,540p,540,18,ladder,3370.313,8-bit src,30.0,87.579,90.601,89.161,88.669,88.85
WorldCup_1920x1080_30p__960x540__hevc__crf23,WorldCup_1920x1080_30p,hevc,540p,540,23,ladder,1871.13,8-bit src,30.0,80.977,86.32,84.043,83.585,84.265
WorldCup_1920x1080_30p__960x540__hevc__crf28,WorldCup_1920x1080_30p,hevc,540p,540,28,ladder,1028.471,8-bit src,30.0,70.72,79.674,76.21,75.752,77.197
WorldCup_1920x1080_30p__960x540__hevc__crf33,WorldCup_1920x1080_30p,hevc,540p,540,33,ladder,568.28,8-bit src,30.0,56.936,70.661,64.179,63.685,66.223
WorldCup_1920x1080_30p__960x540__hevc__crf38,WorldCup_1920x1080_30p,hevc,540p,540,38,ladder,315.469,8-bit src,30.0,41.169,59.935,48.397,47.849,51.613
WorldCup_1920x1080_30p__960x540__hevc__crf43,WorldCup_1920x1080_30p,hevc,540p,540,43,ladder,180.462,8-bit src,30.0,26.298,49.073,28.412,27.749,32.764
WorldCup_1920x1080_30p__960x540__vp9__crf20,WorldCup_1920x1080_30p,vp9,540p,540,20,ladder,4598.602,8-bit src,30.0,90.801,92.872,91.032,90.5,90.52
WorldCup_1920x1080_30p__960x540__vp9__crf30,WorldCup_1920x1080_30p,vp9,540p,540,30,ladder,2581.09,8-bit src,30.0,85.774,89.705,86.793,86.274,86.731
WorldCup_1920x1080_30p__960x540__vp9__crf40,WorldCup_1920x1080_30p,vp9,540p,540,40,ladder,1273.096,8-bit src,30.0,75.167,83.028,78.072,77.569,78.881
WorldCup_1920x1080_30p__960x540__vp9__crf50,WorldCup_1920x1080_30p,vp9,540p,540,50,ladder,628.309,8-bit src,30.0,59.368,72.839,63.859,63.327,65.926
WorldCup_1920x1080_30p__960x540__vp9__crf60,WorldCup_1920x1080_30p,vp9,540p,540,60,ladder,313.624,8-bit src,30.0,42.022,61.119,44.715,44.168,48.164
WorldCup_far_1920x1080_30p__1280x720__av1__crf20,WorldCup_far_1920x1080_30p,av1,720p,720,20,ladder,9075.205,8-bit src,30.0,97.944,98.22,98.551,98.539,97.765
WorldCup_far_1920x1080_30p__1280x720__av1__crf30,WorldCup_far_1920x1080_30p,av1,720p,720,30,ladder,4744.819,8-bit src,30.0,95.82,96.659,96.659,96.644,95.645
WorldCup_far_1920x1080_30p__1280x720__av1__crf40,WorldCup_far_1920x1080_30p,av1,720p,720,40,ladder,2277.012,8-bit src,30.0,90.964,93.426,92.494,92.476,91.821
WorldCup_far_1920x1080_30p__1280x720__av1__crf50,WorldCup_far_1920x1080_30p,av1,720p,720,50,ladder,1182.774,8-bit src,30.0,83.575,88.583,86.482,86.471,86.451
WorldCup_far_1920x1080_30p__1280x720__av1__crf60,WorldCup_far_1920x1080_30p,av1,720p,720,60,ladder,513.2,8-bit src,30.0,69.499,79.446,73.945,73.931,75.137
WorldCup_far_1920x1080_30p__1280x720__h264__crf18,WorldCup_far_1920x1080_30p,h264,720p,720,18,ladder,7710.589,8-bit src,30.0,97.241,97.634,98.113,98.102,97.238
WorldCup_far_1920x1080_30p__1280x720__h264__crf23,WorldCup_far_1920x1080_30p,h264,720p,720,23,ladder,3842.856,8-bit src,30.0,93.164,94.862,94.995,94.982,94.083
WorldCup_far_1920x1080_30p__1280x720__h264__crf28,WorldCup_far_1920x1080_30p,h264,720p,720,28,ladder,2000.286,8-bit src,30.0,84.2,89.279,88.642,88.637,88.384
WorldCup_far_1920x1080_30p__1280x720__h264__crf33,WorldCup_far_1920x1080_30p,h264,720p,720,33,ladder,1099.832,8-bit src,30.0,69.196,79.9,77.858,77.856,78.687
WorldCup_far_1920x1080_30p__1280x720__h264__crf38,WorldCup_far_1920x1080_30p,h264,720p,720,38,ladder,634.139,8-bit src,30.0,48.974,67.014,60.948,60.953,63.252
WorldCup_far_1920x1080_30p__1280x720__h264__crf43,WorldCup_far_1920x1080_30p,h264,720p,720,43,ladder,384.132,8-bit src,30.0,27.826,52.619,38.079,38.081,41.932
WorldCup_far_1920x1080_30p__1280x720__hevc__crf18,WorldCup_far_1920x1080_30p,hevc,720p,720,18,ladder,7581.804,8-bit src,30.0,97.172,97.575,98.006,97.995,97.151
WorldCup_far_1920x1080_30p__1280x720__hevc__crf23,WorldCup_far_1920x1080_30p,hevc,720p,720,23,ladder,3844.552,8-bit src,30.0,93.599,95.04,95.104,95.089,94.196
WorldCup_far_1920x1080_30p__1280x720__hevc__crf28,WorldCup_far_1920x1080_30p,hevc,720p,720,28,ladder,1973.791,8-bit src,30.0,86.237,90.369,89.586,89.576,89.227
WorldCup_far_1920x1080_30p__1280x720__hevc__crf33,WorldCup_far_1920x1080_30p,hevc,720p,720,33,ladder,1011.836,8-bit src,30.0,74.147,82.796,80.308,80.299,80.899
WorldCup_far_1920x1080_30p__1280x720__hevc__crf38,WorldCup_far_1920x1080_30p,hevc,720p,720,38,ladder,511.883,8-bit src,30.0,56.818,71.871,65.573,65.57,67.5
WorldCup_far_1920x1080_30p__1280x720__hevc__crf43,WorldCup_far_1920x1080_30p,hevc,720p,720,43,ladder,248.971,8-bit src,30.0,36.343,58.426,43.839,43.836,47.349
WorldCup_far_1920x1080_30p__1280x720__vp9__crf20,WorldCup_far_1920x1080_30p,vp9,720p,720,20,ladder,11979.122,8-bit src,30.0,98.452,98.661,98.903,98.891,98.216
WorldCup_far_1920x1080_30p__1280x720__vp9__crf30,WorldCup_far_1920x1080_30p,vp9,720p,720,30,ladder,6164.656,8-bit src,30.0,96.761,97.447,97.311,97.298,96.322
WorldCup_far_1920x1080_30p__1280x720__vp9__crf40,WorldCup_far_1920x1080_30p,vp9,720p,720,40,ladder,2888.869,8-bit src,30.0,91.035,93.731,92.604,92.592,91.935
WorldCup_far_1920x1080_30p__1280x720__vp9__crf50,WorldCup_far_1920x1080_30p,vp9,720p,720,50,ladder,1400.751,8-bit src,30.0,78.573,85.92,83.021,83.012,83.342
WorldCup_far_1920x1080_30p__1280x720__vp9__crf60,WorldCup_far_1920x1080_30p,vp9,720p,720,60,ladder,650.139,8-bit src,30.0,58.843,73.53,65.964,65.96,67.855
WorldCup_far_1920x1080_30p__1920x1080__av1__crf20,WorldCup_far_1920x1080_30p,av1,1080p,1080,20,ladder,17210.686,8-bit src,30.0,99.897,99.958,100.0,100.0,99.895
WorldCup_far_1920x1080_30p__1920x1080__av1__crf30,WorldCup_far_1920x1080_30p,av1,1080p,1080,30,ladder,8443.733,8-bit src,30.0,99.462,99.577,99.733,99.741,99.266
WorldCup_far_1920x1080_30p__1920x1080__av1__crf40,WorldCup_far_1920x1080_30p,av1,1080p,1080,40,ladder,3949.378,8-bit src,30.0,97.693,98.177,98.094,98.12,97.093
WorldCup_far_1920x1080_30p__1920x1080__av1__crf50,WorldCup_far_1920x1080_30p,av1,1080p,1080,50,ladder,2037.335,8-bit src,30.0,92.993,94.896,93.938,93.971,93.117
WorldCup_far_1920x1080_30p__1920x1080__av1__crf60,WorldCup_far_1920x1080_30p,av1,1080p,1080,60,ladder,902.642,8-bit src,30.0,81.621,87.437,84.512,84.543,84.683
WorldCup_far_1920x1080_30p__1920x1080__h264__crf18,WorldCup_far_1920x1080_30p,h264,1080p,1080,18,ladder,14950.631,8-bit src,30.0,99.853,99.915,99.993,99.994,99.863
WorldCup_far_1920x1080_30p__1920x1080__h264__crf23,WorldCup_far_1920x1080_30p,h264,1080p,1080,23,ladder,7555.408,8-bit src,30.0,98.883,99.081,99.469,99.481,98.845
WorldCup_far_1920x1080_30p__1920x1080__h264__crf28,WorldCup_far_1920x1080_30p,h264,1080p,1080,28,ladder,3928.204,8-bit src,30.0,94.416,95.942,96.227,96.264,95.18
WorldCup_far_1920x1080_30p__1920x1080__h264__crf33,WorldCup_far_1920x1080_30p,h264,1080p,1080,33,ladder,2179.114,8-bit src,30.0,82.901,88.679,88.338,88.377,88.113
WorldCup_far_1920x1080_30p__1920x1080__h264__crf38,WorldCup_far_1920x1080_30p,h264,1080p,1080,38,ladder,1290.088,8-bit src,30.0,65.326,77.58,75.828,75.869,76.849
WorldCup_far_1920x1080_30p__1920x1080__h264__crf43,WorldCup_far_1920x1080_30p,h264,1080p,1080,43,ladder,822.681,8-bit src,30.0,43.054,63.181,56.869,56.927,59.487
WorldCup_far_1920x1080_30p__1920x1080__hevc__crf18,WorldCup_far_1920x1080_30p,hevc,1080p,1080,18,ladder,15228.047,8-bit src,30.0,99.793,99.857,99.968,99.97,99.734
WorldCup_far_1920x1080_30p__1920x1080__hevc__crf23,WorldCup_far_1920x1080_30p,hevc,1080p,1080,23,ladder,7377.176,8-bit src,30.0,98.747,98.972,99.264,99.273,98.636
WorldCup_far_1920x1080_30p__1920x1080__hevc__crf28,WorldCup_far_1920x1080_30p,hevc,1080p,1080,28,ladder,3633.425,8-bit src,30.0,95.484,96.584,96.48,96.504,95.438
WorldCup_far_1920x1080_30p__1920x1080__hevc__crf33,WorldCup_far_1920x1080_30p,hevc,1080p,1080,33,ladder,1855.854,8-bit src,30.0,86.794,91.057,89.88,89.904,89.491
WorldCup_far_1920x1080_30p__1920x1080__hevc__crf38,WorldCup_far_1920x1080_30p,hevc,1080p,1080,38,ladder,956.78,8-bit src,30.0,72.464,82.071,78.654,78.68,79.407
WorldCup_far_1920x1080_30p__1920x1080__hevc__crf43,WorldCup_far_1920x1080_30p,hevc,1080p,1080,43,ladder,485.78,8-bit src,30.0,52.885,69.659,61.393,61.425,63.661
WorldCup_far_1920x1080_30p__1920x1080__vp9__crf20,WorldCup_far_1920x1080_30p,vp9,1080p,1080,20,ladder,23859.018,8-bit src,30.0,99.958,99.999,100.0,100.0,99.961
WorldCup_far_1920x1080_30p__1920x1080__vp9__crf30,WorldCup_far_1920x1080_30p,vp9,1080p,1080,30,ladder,11904.745,8-bit src,30.0,99.682,99.778,99.839,99.845,99.465
WorldCup_far_1920x1080_30p__1920x1080__vp9__crf40,WorldCup_far_1920x1080_30p,vp9,1080p,1080,40,ladder,5107.675,8-bit src,30.0,97.616,98.239,97.938,97.961,96.946
WorldCup_far_1920x1080_30p__1920x1080__vp9__crf50,WorldCup_far_1920x1080_30p,vp9,1080p,1080,50,ladder,2425.838,8-bit src,30.0,89.616,93.087,91.406,91.438,90.864
WorldCup_far_1920x1080_30p__1920x1080__vp9__crf60,WorldCup_far_1920x1080_30p,vp9,1080p,1080,60,ladder,1121.453,8-bit src,30.0,72.948,82.578,78.21,78.247,79.002
WorldCup_far_1920x1080_30p__640x360__av1__crf20,WorldCup_far_1920x1080_30p,av1,360p,360,20,ladder,2872.402,8-bit src,30.0,75.822,82.737,79.129,79.109,79.835
WorldCup_far_1920x1080_30p__640x360__av1__crf30,WorldCup_far_1920x1080_30p,av1,360p,360,30,ladder,1549.236,8-bit src,30.0,71.04,79.731,75.475,75.454,76.528
WorldCup_far_1920x1080_30p__640x360__av1__crf40,WorldCup_far_1920x1080_30p,av1,360p,360,40,ladder,795.788,8-bit src,30.0,63.206,74.71,69.299,69.279,70.908
WorldCup_far_1920x1080_30p__640x360__av1__crf50,WorldCup_far_1920x1080_30p,av1,360p,360,50,ladder,424.67,8-bit src,30.0,53.92,68.644,60.445,60.426,62.786
WorldCup_far_1920x1080_30p__640x360__av1__crf60,WorldCup_far_1920x1080_30p,av1,360p,360,60,ladder,188.312,8-bit src,30.0,39.277,59.097,45.009,44.987,48.441
WorldCup_far_1920x1080_30p__640x360__h264__crf18,WorldCup_far_1920x1080_30p,h264,360p,360,18,ladder,2872.71,8-bit src,30.0,72.47,80.474,76.478,76.462,77.434
WorldCup_far_1920x1080_30p__640x360__h264__crf23,WorldCup_far_1920x1080_30p,h264,360p,360,23,ladder,1438.528,8-bit src,30.0,64.336,75.498,70.302,70.281,71.821
WorldCup_far_1920x1080_30p__640x360__h264__crf28,WorldCup_far_1920x1080_30p,h264,360p,360,28,ladder,728.505,8-bit src,30.0,51.807,67.802,59.781,59.759,62.173
WorldCup_far_1920x1080_30p__640x360__h264__crf33,WorldCup_far_1920x1080_30p,h264,360p,360,33,ladder,376.481,8-bit src,30.0,34.989,57.0,42.94,42.919,46.505
WorldCup_far_1920x1080_30p__640x360__h264__crf38,WorldCup_far_1920x1080_30p,h264,360p,360,38,ladder,205.077,8-bit src,30.0,18.009,44.752,20.451,20.431,25.147
WorldCup_far_1920x1080_30p__640x360__h264__crf43,WorldCup_far_1920x1080_30p,h264,360p,360,43,ladder,117.884,8-bit src,30.0,5.924,33.999,0.976,0.966,3.564
WorldCup_far_1920x1080_30p__640x360__hevc__crf18,WorldCup_far_1920x1080_30p,hevc,360p,360,18,ladder,2787.068,8-bit src,30.0,72.864,80.615,77.417,77.401,78.286
WorldCup_far_1920x1080_30p__640x360__hevc__crf23,WorldCup_far_1920x1080_30p,hevc,360p,360,23,ladder,1437.278,8-bit src,30.0,65.442,75.954,71.938,71.922,73.312
WorldCup_far_1920x1080_30p__640x360__hevc__crf28,WorldCup_far_1920x1080_30p,hevc,360p,360,28,ladder,726.463,8-bit src,30.0,54.536,69.143,63.052,63.039,65.184
WorldCup_far_1920x1080_30p__640x360__hevc__crf33,WorldCup_far_1920x1080_30p,hevc,360p,360,33,ladder,353.105,8-bit src,30.0,39.98,59.898,49.0,48.984,52.173
WorldCup_far_1920x1080_30p__640x360__hevc__crf38,WorldCup_far_1920x1080_30p,hevc,360p,360,38,ladder,171.17,8-bit src,30.0,24.429,49.382,30.192,30.174,34.457
WorldCup_far_1920x1080_30p__640x360__hevc__crf43,WorldCup_far_1920x1080_30p,hevc,360p,360,43,ladder,80.985,8-bit src,30.0,10.34,38.226,5.004,4.99,9.663
WorldCup_far_1920x1080_30p__640x360__vp9__crf20,WorldCup_far_1920x1080_30p,vp9,360p,360,20,ladder,4269.173,8-bit src,30.0,76.939,83.398,80.131,80.119,80.739
WorldCup_far_1920x1080_30p__640x360__vp9__crf30,WorldCup_far_1920x1080_30p,vp9,360p,360,30,ladder,2319.108,8-bit src,30.0,72.035,80.397,76.615,76.603,77.559
WorldCup_far_1920x1080_30p__640x360__vp9__crf40,WorldCup_far_1920x1080_30p,vp9,360p,360,40,ladder,1116.949,8-bit src,30.0,61.967,74.153,68.73,68.718,70.386
WorldCup_far_1920x1080_30p__640x360__vp9__crf50,WorldCup_far_1920x1080_30p,vp9,360p,360,50,ladder,520.814,8-bit src,30.0,46.428,64.384,54.455,54.439,57.244
WorldCup_far_1920x1080_30p__640x360__vp9__crf60,WorldCup_far_1920x1080_30p,vp9,360p,360,60,ladder,225.68,8-bit src,30.0,27.912,52.141,30.436,30.418,34.683
WorldCup_far_1920x1080_30p__960x540__av1__crf20,WorldCup_far_1920x1080_30p,av1,540p,540,20,ladder,5385.958,8-bit src,30.0,92.275,93.923,93.026,93.008,92.315
WorldCup_far_1920x1080_30p__960x540__av1__crf30,WorldCup_far_1920x1080_30p,av1,540p,540,30,ladder,2885.193,8-bit src,30.0,89.091,91.912,90.346,90.325,89.905
WorldCup_far_1920x1080_30p__960x540__av1__crf40,WorldCup_far_1920x1080_30p,av1,540p,540,40,ladder,1488.511,8-bit src,30.0,83.202,88.187,85.652,85.631,85.706
WorldCup_far_1920x1080_30p__960x540__av1__crf50,WorldCup_far_1920x1080_30p,av1,540p,540,50,ladder,810.653,8-bit src,30.0,74.865,82.731,78.628,78.612,79.381
WorldCup_far_1920x1080_30p__960x540__av1__crf60,WorldCup_far_1920x1080_30p,av1,540p,540,60,ladder,362.444,8-bit src,30.0,60.288,73.32,65.132,65.123,67.093
WorldCup_far_1920x1080_30p__960x540__h264__crf18,WorldCup_far_1920x1080_30p,h264,540p,540,18,ladder,5105.698,8-bit src,30.0,90.163,92.416,91.832,91.815,91.253
WorldCup_far_1920x1080_30p__960x540__h264__crf23,WorldCup_far_1920x1080_30p,h264,540p,540,23,ladder,2562.547,8-bit src,30.0,83.921,88.563,87.191,87.181,87.084
WorldCup_far_1920x1080_30p__960x540__h264__crf28,WorldCup_far_1920x1080_30p,h264,540p,540,28,ladder,1320.363,8-bit src,30.0,72.987,81.853,79.125,79.117,79.831
WorldCup_far_1920x1080_30p__960x540__h264__crf33,WorldCup_far_1920x1080_30p,h264,540p,540,33,ladder,706.466,8-bit src,30.0,56.079,71.321,65.579,65.579,67.505
WorldCup_far_1920x1080_30p__960x540__h264__crf38,WorldCup_far_1920x1080_30p,h264,540p,540,38,ladder,396.979,8-bit src,30.0,35.965,58.163,45.991,45.99,49.364
WorldCup_far_1920x1080_30p__960x540__h264__crf43,WorldCup_far_1920x1080_30p,h264,540p,540,43,ladder,236.292,8-bit src,30.0,17.153,44.272,21.026,21.02,25.699
WorldCup_far_1920x1080_30p__960x540__hevc__crf18,WorldCup_far_1920x1080_30p,hevc,540p,540,18,ladder,5085.154,8-bit src,30.0,90.337,92.475,92.067,92.05,91.452
WorldCup_far_1920x1080_30p__960x540__hevc__crf23,WorldCup_far_1920x1080_30p,hevc,540p,540,23,ladder,2629.11,8-bit src,30.0,84.647,88.872,87.889,87.878,87.709
WorldCup_far_1920x1080_30p__960x540__hevc__crf28,WorldCup_far_1920x1080_30p,hevc,540p,540,28,ladder,1340.785,8-bit src,30.0,75.434,83.115,80.909,80.898,81.44
WorldCup_far_1920x1080_30p__960x540__hevc__crf33,WorldCup_far_1920x1080_30p,hevc,540p,540,33,ladder,675.831,8-bit src,30.0,61.37,74.313,69.868,69.862,71.426
WorldCup_far_1920x1080_30p__960x540__hevc__crf38,WorldCup_far_1920x1080_30p,hevc,540p,540,38,ladder,330.653,8-bit src,30.0,43.283,62.751,52.422,52.419,55.36
WorldCup_far_1920x1080_30p__960x540__hevc__crf43,WorldCup_far_1920x1080_30p,hevc,540p,540,43,ladder,155.67,8-bit src,30.0,24.581,49.891,27.916,27.904,32.291
WorldCup_far_1920x1080_30p__960x540__vp9__crf20,WorldCup_far_1920x1080_30p,vp9,540p,540,20,ladder,7854.43,8-bit src,30.0,93.275,94.552,93.957,93.937,93.168
WorldCup_far_1920x1080_30p__960x540__vp9__crf30,WorldCup_far_1920x1080_30p,vp9,540p,540,30,ladder,4177.713,8-bit src,30.0,89.741,92.372,91.127,91.109,90.613
WorldCup_far_1920x1080_30p__960x540__vp9__crf40,WorldCup_far_1920x1080_30p,vp9,540p,540,40,ladder,2005.28,8-bit src,30.0,81.597,87.326,85.119,85.111,85.227
WorldCup_far_1920x1080_30p__960x540__vp9__crf50,WorldCup_far_1920x1080_30p,vp9,540p,540,50,ladder,958.083,8-bit src,30.0,67.396,78.504,73.898,73.894,75.094
WorldCup_far_1920x1080_30p__960x540__vp9__crf60,WorldCup_far_1920x1080_30p,vp9,540p,540,60,ladder,433.502,8-bit src,30.0,46.974,65.619,53.708,53.702,56.55
