pvs,r_frames_4k,r_frames_1080,mean_v0_4k,mean_v1_4k,range_v0_4k,range_v1_4k,res_label,codec,crf,src
Aerial3200_1920x1080_5994_10bit_420__1280x720__av1__crf20,0.9412056277256479,0.9301197331389103,94.92682657692306,93.91034803846154,9.663967,5.766056000000006,720p,av1,20,Aerial3200_1920x1080_5994_10bit_420
Aerial3200_1920x1080_5994_10bit_420__1280x720__av1__crf30,0.936627460729795,0.9353101066888972,93.70615084615385,91.89054970000001,10.599986999999999,6.726951999999997,720p,av1,30,Aerial3200_1920x1080_5994_10bit_420
Aerial3200_1920x1080_5994_10bit_420__1280x720__av1__crf40,0.9521056705579704,0.9545303494900425,92.08334948461538,89.16776536923076,11.36484800000001,9.199192999999994,720p,av1,40,Aerial3200_1920x1080_5994_10bit_420
Aerial3200_1920x1080_5994_10bit_420__1280x720__av1__crf50,0.9590084620575261,0.9645016704017775,89.30903739230769,85.14041396923078,10.718877000000006,11.289056000000002,720p,av1,50,Aerial3200_1920x1080_5994_10bit_420
Aerial3200_1920x1080_5994_10bit_420__1280x720__av1__crf60,0.957899336494598,0.9652921047382794,81.85524563076923,74.2177100923077,12.289204000000012,14.204420999999996,720p,av1,60,Aerial3200_1920x1080_5994_10bit_420
Aerial3200_1920x1080_5994_10bit_420__1280x720__h264__crf18,0.9713177024105477,0.9651869597969047,94.09413386153847,92.9518936,8.853878999999992,10.470484999999996,720p,h264,18,Aerial3200_1920x1080_5994_10bit_420
Aerial3200_1920x1080_5994_10bit_420__1280x720__h264__crf23,0.9781333971468092,0.9756411601100433,90.33656605384616,87.47004877692306,11.544307000000003,12.815837000000002,720p,h264,23,Aerial3200_1920x1080_5994_10bit_420
Aerial3200_1920x1080_5994_10bit_420__1280x720__h264__crf28,0.9809441320490386,0.981605349832346,82.82002331538463,77.35168595384617,13.206928000000005,15.058511999999993,720p,h264,28,Aerial3200_1920x1080_5994_10bit_420
Aerial3200_1920x1080_5994_10bit_420__1280x720__h264__crf33,0.9905669653807003,0.9910906676364869,70.11187027692309,61.16736295384615,15.233345999999997,19.498948000000006,720p,h264,33,Aerial3200_1920x1080_5994_10bit_420
Aerial3200_1920x1080_5994_10bit_420__1280x720__h264__crf38,0.983067623953874,0.9865083148898152,53.89698433846154,38.61514664615384,14.679979000000003,21.516354,720p,h264,38,Aerial3200_1920x1080_5994_10bit_420
Aerial3200_1920x1080_5994_10bit_420__1280x720__h264__crf43,0.9600561276479436,0.9568398834993797,40.85595701538462,13.895093923076923,11.280585000000002,22.342273000000002,720p,h264,43,Aerial3200_1920x1080_5994_10bit_420
Aerial3200_1920x1080_5994_10bit_420__1280x720__hevc__crf18,0.9647711852170487,0.9569323909139243,94.1856775076923,93.21884819230769,7.370812999999998,7.235055000000003,720p,hevc,18,Aerial3200_1920x1080_5994_10bit_420
Aerial3200_1920x1080_5994_10bit_420__1280x720__hevc__crf23,0.9610834432978955,0.9583236930117734,90.91510781538463,88.50681851538461,8.454780999999997,9.287842999999995,720p,hevc,23,Aerial3200_1920x1080_5994_10bit_420
Aerial3200_1920x1080_5994_10bit_420__1280x720__hevc__crf28,0.9663345123586397,0.9636777677877992,84.56749532307691,79.59410236923077,10.613011,11.070205999999999,720p,hevc,28,Aerial3200_1920x1080_5994_10bit_420
Aerial3200_1920x1080_5994_10bit_420__1280x720__hevc__crf33,0.9729157073417511,0.9787410265209877,73.84647045384615,64.34135272307694,10.989577999999995,13.995272999999997,720p,hevc,33,Aerial3200_1920x1080_5994_10bit_420
Aerial3200_1920x1080_5994_10bit_420__1280x720__hevc__crf38,0.967689921533887,0.9744678320626287,59.10048062307692,42.3616470923077,10.964574000000006,14.558480000000003,720p,hevc,38,Aerial3200_1920x1080_5994_10bit_420
Aerial3200_1920x1080_5994_10bit_420__1280x720__hevc__crf43,0.9731418822707738,0.9712928856045774,42.03398881538462,11.383326646153847,11.858258,19.1877,720p,hevc,43,Aerial3200_1920x1080_5994_10bit_420
Aerial3200_1920x1080_5994_10bit_420__1280x720__vp9__crf20,0.908643137239764,0.9078209115421713,95.61402293846155,94.41432006923077,6.840975,7.6116520000000065,720p,vp9,20,Aerial3200_1920x1080_5994_10bit_420
Aerial3200_1920x1080_5994_10bit_420__1280x720__vp9__crf30,0.945279628851368,0.9516729032340955,92.8042416,90.56251316923077,10.365948000000003,12.117170000000002,720p,vp9,30,Aerial3200_1920x1080_5994_10bit_420
Aerial3200_1920x1080_5994_10bit_420__1280x720__vp9__crf40,0.960376886818672,0.9732475262827995,86.31199596153844,80.69420399230769,15.498414000000011,20.476543000000007,720p,vp9,40,Aerial3200_1920x1080_5994_10bit_420
Aerial3200_1920x1080_5994_10bit_420__1280x720__vp9__crf50,0.9800850049602424,0.9862131157864743,75.26528451538462,61.730073169230764,20.494776,28.807075999999995,720p,vp9,50,Aerial3200_1920x1080_5994_10bit_420
Aerial3200_1920x1080_5994_10bit_420__1280x720__vp9__crf60,0.9892913252127887,0.9916913496392205,60.11117359230769,34.7885982923077,21.39150200000001,35.399544000000006,720p,vp9,60,Aerial3200_1920x1080_5994_10bit_420
Aerial3200_1920x1080_5994_10bit_420__1920x1080__av1__crf20,0.8759284980089342,0.866051767641463,98.25189511538463,98.14740476153845,5.493829000000005,4.2856940000000066,1080p,av1,20,Aerial3200_1920x1080_5994_10bit_420
Aerial3200_1920x1080_5994_10bit_420__1920x1080__av1__crf30,0.8609972177815848,0.8728953721301387,97.22497477692308,96.67582802307692,6.407716000000008,5.087253999999987,1080p,av1,30,Aerial3200_1920x1080_5994_10bit_420
Aerial3200_1920x1080_5994_10bit_420__1920x1080__av1__crf40,0.9099812776549169,0.9156071054605426,95.75484123846154,94.59770154615384,7.286474999999996,6.689360000000008,1080p,av1,40,Aerial3200_1920x1080_5994_10bit_420
Aerial3200_1920x1080_5994_10bit_420__1920x1080__av1__crf50,0.9374819503066225,0.949568664999064,93.76173218461537,91.5848613,9.100457000000006,9.509681,1080p,av1,50,Aerial3200_1920x1080_5994_10bit_420
Aerial3200_1920x1080_5994_10bit_420__1920x1080__av1__crf60,0.9616852860612481,0.9718693068339497,88.03288291538462,83.30798513076924,9.183418000000003,9.051058000000012,1080p,av1,60,Aerial3200_1920x1080_5994_10bit_420
Aerial3200_1920x1080_5994_10bit_420__1920x1080__h264__crf18,0.9120591256504226,0.8718109436932467,97.72486641538461,97.52196573076924,4.619586999999996,5.063770000000005,1080p,h264,18,Aerial3200_1920x1080_5994_10bit_420
Aerial3200_1920x1080_5994_10bit_420__1920x1080__h264__crf23,0.9299938130458848,0.923850142429119,94.83793144615386,93.77674486923075,6.629021000000009,7.612838000000011,1080p,h264,23,Aerial3200_1920x1080_5994_10bit_420
Aerial3200_1920x1080_5994_10bit_420__1920x1080__h264__crf28,0.9668533086224529,0.9665482131346835,89.03141863846155,86.31217744615384,8.619101999999998,8.888046000000003,1080p,h264,28,Aerial3200_1920x1080_5994_10bit_420
Aerial3200_1920x1080_5994_10bit_420__1920x1080__h264__crf33,0.983893548198778,0.9851408131770528,78.69491034615385,74.20919296923077,13.112775000000013,13.698065999999997,1080p,h264,33,Aerial3200_1920x1080_5994_10bit_420
Aerial3200_1920x1080_5994_10bit_420__1920x1080__h264__crf38,0.9759327351334762,0.9812870575893575,63.59106950769232,55.75116051538462,17.00682799999999,21.889409999999998,1080p,h264,38,Aerial3200_1920x1080_5994_10bit_420
Aerial3200_1920x1080_5994_10bit_420__1920x1080__h264__crf43,0.9707597933386093,0.9769179234870824,47.80675668461539,31.15586221538462,13.903137000000001,25.059205000000002,1080p,h264,43,Aerial3200_1920x1080_5994_10bit_420
Aerial3200_1920x1080_5994_10bit_420__1920x1080__hevc__crf18,0.9405448065655969,0.8936356175444301,97.48643372307693,97.47788275384616,5.5632030000000015,5.1710879999999975,1080p,hevc,18,Aerial3200_1920x1080_5994_10bit_420
Aerial3200_1920x1080_5994_10bit_420__1920x1080__hevc__crf23,0.9129562783980828,0.9085339767322743,95.13947395384614,94.01563387692306,6.30128599999999,7.211532000000005,1080p,hevc,23,Aerial3200_1920x1080_5994_10bit_420
Aerial3200_1920x1080_5994_10bit_420__1920x1080__hevc__crf28,0.9504692612930371,0.9495258996372223,90.69169262307692,87.54329216923078,6.799914000000001,7.679612999999989,1080p,hevc,28,Aerial3200_1920x1080_5994_10bit_420
Aerial3200_1920x1080_5994_10bit_420__1920x1080__hevc__crf33,0.9468672433478017,0.9473266407179511,82.6306073923077,76.4813774846154,8.15889,9.202256000000006,1080p,hevc,33,Aerial3200_1920x1080_5994_10bit_420
Aerial3200_1920x1080_5994_10bit_420__1920x1080__hevc__crf38,0.9633322233263554,0.969425814309193,69.97559442307693,59.33039386923077,10.566451999999998,13.474462000000003,1080p,hevc,38,Aerial3200_1920x1080_5994_10bit_420
Aerial3200_1920x1080_5994_10bit_420__1920x1080__hevc__crf43,0.9688893158044023,0.9732193433745663,52.94303493076924,34.3548546923077,11.716278000000003,16.240736999999996,1080p,hevc,43,Aerial3200_1920x1080_5994_10bit_420
Aerial3200_1920x1080_5994_10bit_420__1920x1080__vp9__crf20,0.9307881969396692,0.8819510397436218,98.60055429230769,98.25263712307694,4.255606999999998,4.050241999999997,1080p,vp9,20,Aerial3200_1920x1080_5994_10bit_420
Aerial3200_1920x1080_5994_10bit_420__1920x1080__vp9__crf30,0.9411825363439833,0.9236605009414764,96.57800452307694,95.38642933076923,8.418992000000003,9.604190000000003,1080p,vp9,30,Aerial3200_1920x1080_5994_10bit_420
Aerial3200_1920x1080_5994_10bit_420__1920x1080__vp9__crf40,0.9463249406814026,0.9552256854671807,91.78438864615384,88.05681795384615,13.157629,18.562148000000008,1080p,vp9,40,Aerial3200_1920x1080_5994_10bit_420
Aerial3200_1920x1080_5994_10bit_420__1920x1080__vp9__crf50,0.9637761638710832,0.9754125707795979,83.28062608461539,73.85478927692309,18.588434000000007,26.088668999999996,1080p,vp9,50,Aerial3200_1920x1080_5994_10bit_420
Aerial3200_1920x1080_5994_10bit_420__1920x1080__vp9__crf60,0.9773521867479025,0.9825309197153622,70.88534808461539,52.59256893076923,20.57773600000001,30.570757999999998,1080p,vp9,60,Aerial3200_1920x1080_5994_10bit_420
Aerial3200_1920x1080_5994_10bit_420__640x360__av1__crf20,0.982700798980306,0.980097394685852,81.22316573076924,75.61501419230768,15.353230999999994,14.029529999999994,360p,av1,20,Aerial3200_1920x1080_5994_10bit_420
Aerial3200_1920x1080_5994_10bit_420__640x360__av1__crf30,0.9860315204959287,0.9847102247876003,79.36584246153845,72.26639123076924,17.084638999999996,16.36511999999999,360p,av1,30,Aerial3200_1920x1080_5994_10bit_420
Aerial3200_1920x1080_5994_10bit_420__640x360__av1__crf40,0.9864669149198639,0.9858016678715721,77.00088177692308,69.0424911076923,17.70367800000001,17.021107999999998,360p,av1,40,Aerial3200_1920x1080_5994_10bit_420
Aerial3200_1920x1080_5994_10bit_420__640x360__av1__crf50,0.9867480756090273,0.9867954601142511,73.31769153846153,64.08969967692308,15.87843199999999,17.09217600000001,360p,av1,50,Aerial3200_1920x1080_5994_10bit_420
Aerial3200_1920x1080_5994_10bit_420__640x360__av1__crf60,0.9793522054142626,0.982636694955327,63.13313853846153,48.41877438461538,15.440639999999995,22.907427000000006,360p,av1,60,Aerial3200_1920x1080_5994_10bit_420
Aerial3200_1920x1080_5994_10bit_420__640x360__h264__crf18,0.9843419586394397,0.985915553406787,78.48451268461537,70.80259833076923,16.486497999999997,22.120337000000006,360p,h264,18,Aerial3200_1920x1080_5994_10bit_420
Aerial3200_1920x1080_5994_10bit_420__640x360__h264__crf23,0.9829932215347125,0.9862419434433614,72.29235089230768,59.60927265384615,17.747788,23.794476000000003,360p,h264,23,Aerial3200_1920x1080_5994_10bit_420
Aerial3200_1920x1080_5994_10bit_420__640x360__h264__crf28,0.9766655337329088,0.9777087194505603,61.85561795384615,42.25741924615385,16.424480000000003,25.735081000000005,360p,h264,28,Aerial3200_1920x1080_5994_10bit_420
Aerial3200_1920x1080_5994_10bit_420__640x360__h264__crf33,0.9798833698910033,0.974682682067276,48.5719848,20.468340961538463,14.467427,23.88295,360p,h264,33,Aerial3200_1920x1080_5994_10bit_420
Aerial3200_1920x1080_5994_10bit_420__640x360__h264__crf38,0.7301745684873687,0.9502235102736155,37.38431566923077,0.9772755846153846,10.781881999999996,7.119143,360p,h264,38,Aerial3200_1920x1080_5994_10bit_420
Aerial3200_1920x1080_5994_10bit_420__640x360__h264__crf43,,,29.72740386923077,0.0,8.480476,0.0,360p,h264,43,Aerial3200_1920x1080_5994_10bit_420
Aerial3200_1920x1080_5994_10bit_420__640x360__hevc__crf18,0.991925459665906,0.9906231063632701,78.79502800769231,73.72695976153845,13.807602000000003,16.56173100000001,360p,hevc,18,Aerial3200_1920x1080_5994_10bit_420
Aerial3200_1920x1080_5994_10bit_420__640x360__hevc__crf23,0.9839621065208773,0.9841713866866217,73.22759245384616,65.36824606923076,14.557334999999995,17.644649,360p,hevc,23,Aerial3200_1920x1080_5994_10bit_420
Aerial3200_1920x1080_5994_10bit_420__640x360__hevc__crf28,0.9848471023239006,0.9873381533584865,63.5218982,49.832990907692306,14.305273999999997,20.301572999999998,360p,hevc,28,Aerial3200_1920x1080_5994_10bit_420
Aerial3200_1920x1080_5994_10bit_420__640x360__hevc__crf33,0.9698177675723336,0.973761525564558,51.05681367692308,27.211918915384615,11.518480999999994,17.603420999999997,360p,hevc,33,Aerial3200_1920x1080_5994_10bit_420
Aerial3200_1920x1080_5994_10bit_420__640x360__hevc__crf38,0.8070056409246811,0.949284814959404,38.33439154615385,1.377037253846154,10.067712,6.758017,360p,hevc,38,Aerial3200_1920x1080_5994_10bit_420
Aerial3200_1920x1080_5994_10bit_420__640x360__hevc__crf43,,,26.871999469230772,0.0,8.36722,0.0,360p,hevc,43,Aerial3200_1920x1080_5994_10bit_420
Aerial3200_1920x1080_5994_10bit_420__640x360__vp9__crf20,0.9873835864528301,0.9867545023517702,81.07874149230769,76.63398073846156,12.792854000000005,15.568149000000005,360p,vp9,20,Aerial3200_1920x1080_5994_10bit_420
Aerial3200_1920x1080_5994_10bit_420__640x360__vp9__crf30,0.9751174828761868,0.9827366202140849,76.72444726153846,70.46740363076923,14.877302999999998,17.126332999999995,360p,vp9,30,Aerial3200_1920x1080_5994_10bit_420
Aerial3200_1920x1080_5994_10bit_420__640x360__vp9__crf40,0.9884194611911518,0.9924024435561085,66.74668464615385,54.702901499999996,16.943151999999998,24.167600000000007,360p,vp9,40,Aerial3200_1920x1080_5994_10bit_420
Aerial3200_1920x1080_5994_10bit_420__640x360__vp9__crf50,0.989855250322019,0.9922388603267963,54.342694200000004,27.639854353846154,20.250974000000006,33.305718,360p,vp9,50,Aerial3200_1920x1080_5994_10bit_420
Aerial3200_1920x1080_5994_10bit_420__640x360__vp9__crf60,0.9492565696853216,0.9928552269367277,41.600191284615384,4.380732384615385,18.437598,18.842907,360p,vp9,60,Aerial3200_1920x1080_5994_10bit_420
Aerial3200_1920x1080_5994_10bit_420__960x540__av1__crf20,0.9596334913462565,0.9503228222127166,91.33559765384616,88.52594769999999,12.904098999999988,10.045465000000007,540p,av1,20,Aerial3200_1920x1080_5994_10bit_420
Aerial3200_1920x1080_5994_10bit_420__960x540__av1__crf30,0.9645736243897634,0.9616199215248274,90.14935514615385,86.4189947,14.262294000000011,11.274442999999991,540p,av1,30,Aerial3200_1920x1080_5994_10bit_420
Aerial3200_1920x1080_5994_10bit_420__960x540__av1__crf40,0.9766283019648457,0.972995507481832,88.11173540769231,83.5347892,14.582033999999993,12.674913000000004,540p,av1,40,Aerial3200_1920x1080_5994_10bit_420
Aerial3200_1920x1080_5994_10bit_420__960x540__av1__crf50,0.9743614271690422,0.9770702946218862,85.09274074615384,79.22092742307692,14.340052,12.334490000000002,540p,av1,50,Aerial3200_1920x1080_5994_10bit_420
Aerial3200_1920x1080_5994_10bit_420__960x540__av1__crf60,0.9797396928612149,0.9868662828998293,75.91731545384616,66.35192252307694,14.541246000000001,17.373196,540p,av1,60,Aerial3200_1920x1080_5994_10bit_420
Aerial3200_1920x1080_5994_10bit_420__960x540__h264__crf18,0.9884147968991028,0.9866568424565373,89.27226909230771,86.28187124615384,12.384804000000003,14.858460999999991,540p,h264,18,Aerial3200_1920x1080_5994_10bit_420
Aerial3200_1920x1080_5994_10bit_420__960x540__h264__crf23,0.9870070619468619,0.9859362218847542,84.47840547692307,78.74974430769231,15.105466000000007,17.705563999999995,540p,h264,23,Aerial3200_1920x1080_5994_10bit_420
Aerial3200_1920x1080_5994_10bit_420__960x540__h264__crf28,0.9864056278790677,0.9867801242227162,75.42631143846155,65.48364685384615,15.965925999999996,19.591775,540p,h264,28,Aerial3200_1920x1080_5994_10bit_420
Aerial3200_1920x1080_5994_10bit_420__960x540__h264__crf33,0.9812402067870818,0.9833600720517631,61.48015102307692,45.50617890769231,14.997176000000003,20.161913,540p,h264,33,Aerial3200_1920x1080_5994_10bit_420
Aerial3200_1920x1080_5994_10bit_420__960x540__h264__crf38,0.9704852887276679,0.9752709808338716,46.89471765384615,22.04517326923077,12.903145000000002,23.557972999999997,540p,h264,38,Aerial3200_1920x1080_5994_10bit_420
Aerial3200_1920x1080_5994_10bit_420__960x540__h264__crf43,0.743288907649602,0.9452959847791232,35.87395263846153,1.0059656615384613,8.845490000000002,7.337084,540p,h264,43,Aerial3200_1920x1080_5994_10bit_420
Aerial3200_1920x1080_5994_10bit_420__960x540__hevc__crf18,0.9853005121739534,0.9819479950699717,89.55965151538462,87.3539513,10.135024999999999,10.913049,540p,hevc,18,Aerial3200_1920x1080_5994_10bit_420
Aerial3200_1920x1080_5994_10bit_420__960x540__hevc__crf23,0.9872228088064409,0.9837200900060971,85.37486981538461,81.39093538461537,11.665322000000003,12.73222299999999,540p,hevc,23,Aerial3200_1920x1080_5994_10bit_420
Aerial3200_1920x1080_5994_10bit_420__960x540__hevc__crf28,0.9847497553904254,0.9826582798134129,77.46056397692308,70.12722359230769,12.977059000000011,15.013269000000001,540p,hevc,28,Aerial3200_1920x1080_5994_10bit_420
Aerial3200_1920x1080_5994_10bit_420__960x540__hevc__crf33,0.9749909465466062,0.9761097408699038,65.03898385384615,51.186884015384614,11.956836000000003,16.522833,540p,hevc,33,Aerial3200_1920x1080_5994_10bit_420
Aerial3200_1920x1080_5994_10bit_420__960x540__hevc__crf38,0.9685396861691885,0.9737342766756132,50.03810236923077,25.43645023076923,10.658458000000003,19.536867,540p,hevc,38,Aerial3200_1920x1080_5994_10bit_420
Aerial3200_1920x1080_5994_10bit_420__960x540__hevc__crf43,0.30172564275958247,0.7888292535999678,34.32780303076923,0.006619553846153845,9.725378,0.499669,540p,hevc,43,Aerial3200_1920x1080_5994_10bit_420
Aerial3200_1920x1080_5994_10bit_420__960x540__vp9__crf20,0.9654263782124682,0.9676227354891995,91.25996032307692,89.01367903076924,9.400473000000005,9.844495999999992,540p,vp9,20,Aerial3200_1920x1080_5994_10bit_420
Aerial3200_1920x1080_5994_10bit_420__960x540__vp9__crf30,0.9663834261956022,0.9754367292209646,87.93205629230769,84.66952801538464,12.613898000000006,13.043615000000003,540p,vp9,30,Aerial3200_1920x1080_5994_10bit_420
Aerial3200_1920x1080_5994_10bit_420__960x540__vp9__crf40,0.9749576080709705,0.9855930390816129,79.77077544615385,72.39876054615385,16.972808,22.879388000000006,540p,vp9,40,Aerial3200_1920x1080_5994_10bit_420
Aerial3200_1920x1080_5994_10bit_420__960x540__vp9__crf50,0.9865395099022852,0.9904203657183104,67.47438403846152,49.3851581,20.33110299999999,31.172181999999992,540p,vp9,50,Aerial3200_1920x1080_5994_10bit_420
Aerial3200_1920x1080_5994_10bit_420__960x540__vp9__crf60,0.9936224905573325,0.9944033153479713,52.465379169230765,20.047368353846153,22.420104999999992,32.573806000000005,540p,vp9,60,Aerial3200_1920x1080_5994_10bit_420
Boat_1920x1080_5994_10bit_420__1280x720__av1__crf20,0.9251898365823358,0.8843827553064026,96.32272723846154,97.49107032307693,6.596447999999995,3.509141999999997,720p,av1,20,Boat_1920x1080_5994_10bit_420
Boat_1920x1080_5994_10bit_420__1280x720__av1__crf30,0.9167142428565347,0.8897321230657452,94.19745483846155,95.01887227692308,7.438845999999998,5.032128,720p,av1,30,Boat_1920x1080_5994_10bit_420
Boat_1920x1080_5994_10bit_420__1280x720__av1__crf40,0.8961648306530486,0.8786894625097877,90.20587753076923,90.80396280769232,8.365459000000001,8.084691000000007,720p,av1,40,Boat_1920x1080_5994_10bit_420
Boat_1920x1080_5994_10bit_420__1280x720__av1__crf50,0.9363580699767483,0.9295607340050329,84.7495959846154,85.11198151538461,10.049857000000003,10.523371999999995,720p,av1,50,Boat_1920x1080_5994_10bit_420
Boat_1920x1080_5994_10bit_420__1280x720__av1__crf60,0.973774815885251,0.9733448837359638,75.58666497692307,74.8330442,11.642308,13.381973000000002,720p,av1,60,Boat_1920x1080_5994_10bit_420
Boat_1920x1080_5994_10bit_420__1280x720__h264__crf18,0.9646122026400237,0.9403765702369821,94.11183646923077,95.37142123076922,6.3961419999999976,6.733969999999999,720p,h264,18,Boat_1920x1080_5994_10bit_420
Boat_1920x1080_5994_10bit_420__1280x720__h264__crf23,0.9661137805084277,0.9570851527423194,89.7750765076923,90.56082876153845,9.664214000000001,10.421564000000004,720p,h264,23,Boat_1920x1080_5994_10bit_420
Boat_1920x1080_5994_10bit_420__1280x720__h264__crf28,0.975098239588122,0.9734314552886081,82.05296854615385,82.00237958461538,12.030594000000008,15.830773000000008,720p,h264,28,Boat_1920x1080_5994_10bit_420
Boat_1920x1080_5994_10bit_420__1280x720__h264__crf33,0.9755342477890958,0.9786769378428781,70.21160407692307,67.61022716153846,13.460347000000006,21.501653999999995,720p,h264,33,Boat_1920x1080_5994_10bit_420
Boat_1920x1080_5994_10bit_420__1280x720__h264__crf38,0.9718289303027329,0.9815805222391665,54.04627263076924,43.98429675384615,12.135793999999997,25.523597000000002,720p,h264,38,Boat_1920x1080_5994_10bit_420
Boat_1920x1080_5994_10bit_420__1280x720__h264__crf43,0.9346369777366151,0.9501848620500158,37.26447837692308,14.691948738461539,7.4970010000000045,19.521299999999997,720p,h264,43,Boat_1920x1080_5994_10bit_420
Boat_1920x1080_5994_10bit_420__1280x720__hevc__crf18,0.9539801231906561,0.9169419079547704,94.08077538461538,95.34516323076923,4.183835000000002,4.286154999999994,720p,hevc,18,Boat_1920x1080_5994_10bit_420
Boat_1920x1080_5994_10bit_420__1280x720__hevc__crf23,0.9615676186683668,0.9464660684501036,89.96011142307692,90.849198,6.086581999999993,6.982921000000005,720p,hevc,23,Boat_1920x1080_5994_10bit_420
Boat_1920x1080_5994_10bit_420__1280x720__hevc__crf28,0.969934899547465,0.9639019791374277,83.32990748461539,83.80342115384614,8.862426999999997,10.893704,720p,hevc,28,Boat_1920x1080_5994_10bit_420
Boat_1920x1080_5994_10bit_420__1280x720__hevc__crf33,0.967408776472819,0.9678536811484384,73.21082324615384,71.86111921538462,10.514957999999993,16.261234,720p,hevc,33,Boat_1920x1080_5994_10bit_420
Boat_1920x1080_5994_10bit_420__1280x720__hevc__crf38,0.9313902875913065,0.9579235622520913,59.639669138461535,53.63503498461539,11.281184000000003,23.539401000000005,720p,hevc,38,Boat_1920x1080_5994_10bit_420
Boat_1920x1080_5994_10bit_420__1280x720__hevc__crf43,0.8562095887301381,0.9008485203592352,44.69010213846153,26.730186669230772,8.875013000000003,20.774685,720p,hevc,43,Boat_1920x1080_5994_10bit_420
Boat_1920x1080_5994_10bit_420__1280x720__vp9__crf20,0.9002133887979087,0.8107461697959748,97.03567616153846,98.27813133846153,3.2343860000000006,2.7739899999999977,720p,vp9,20,Boat_1920x1080_5994_10bit_420
Boat_1920x1080_5994_10bit_420__1280x720__vp9__crf30,0.9613822383381413,0.9324641299177688,94.79720376153846,95.85851533076922,4.626270000000005,5.281441999999998,720p,vp9,30,Boat_1920x1080_5994_10bit_420
Boat_1920x1080_5994_10bit_420__1280x720__vp9__crf40,0.982556045150899,0.9759433247248724,89.60473329230769,90.40677651538459,9.961051999999995,10.357652000000002,720p,vp9,40,Boat_1920x1080_5994_10bit_420
Boat_1920x1080_5994_10bit_420__1280x720__vp9__crf50,0.9892030503092295,0.9899911634603877,79.92623714615385,79.2150621923077,16.708067,18.018321,720p,vp9,50,Boat_1920x1080_5994_10bit_420
Boat_1920x1080_5994_10bit_420__1280x720__vp9__crf60,0.9938447288442993,0.994633999883388,65.30582936923078,59.14404291538461,21.995728999999997,28.574796000000006,720p,vp9,60,Boat_1920x1080_5994_10bit_420
Boat_1920x1080_5994_10bit_420__1920x1080__av1__crf20,,-0.007927230728720933,99.98179762307691,100.0,2.3372300000000052,0.0,1080p,av1,20,Boat_1920x1080_5994_10bit_420
Boat_1920x1080_5994_10bit_420__1920x1080__av1__crf30,0.3875249970449537,0.7051840416710253,99.18682899999999,99.97476553846154,4.151467999999994,0.6848760000000027,1080p,av1,30,Boat_1920x1080_5994_10bit_420
Boat_1920x1080_5994_10bit_420__1920x1080__av1__crf40,0.9108888045834079,0.8676172900060624,96.24840139230768,97.36832658461539,6.620409999999993,6.035324000000003,1080p,av1,40,Boat_1920x1080_5994_10bit_420
Boat_1920x1080_5994_10bit_420__1920x1080__av1__crf50,0.9433187584743683,0.9237208097228448,91.85647697692308,92.87817093076923,9.308357999999998,9.109743999999992,1080p,av1,50,Boat_1920x1080_5994_10bit_420
Boat_1920x1080_5994_10bit_420__1920x1080__av1__crf60,0.9706505815576763,0.9650281139473743,83.33103674615386,83.52688076923077,11.545873,11.91872500000001,1080p,av1,60,Boat_1920x1080_5994_10bit_420
Boat_1920x1080_5994_10bit_420__1920x1080__h264__crf18,0.4894789902156025,0.8742082141660329,98.90353106923077,99.94935867692307,3.4446429999999992,2.039845999999997,1080p,h264,18,Boat_1920x1080_5994_10bit_420
Boat_1920x1080_5994_10bit_420__1920x1080__h264__crf23,0.9611796779896319,0.936353292442437,95.73688627692307,97.21819176153846,7.411804000000004,7.376792999999992,1080p,h264,23,Boat_1920x1080_5994_10bit_420
Boat_1920x1080_5994_10bit_420__1920x1080__h264__crf28,0.9717103745056016,0.9626016694987741,89.88973273076923,90.8834247923077,9.962191000000004,10.899167000000006,1080p,h264,28,Boat_1920x1080_5994_10bit_420
Boat_1920x1080_5994_10bit_420__1920x1080__h264__crf33,0.9784173813654446,0.9770322092451446,80.0858630076923,80.14801115384616,11.964597999999995,15.561332000000007,1080p,h264,33,Boat_1920x1080_5994_10bit_420
Boat_1920x1080_5994_10bit_420__1920x1080__h264__crf38,0.9644038661961646,0.9707192658057798,65.48156362307692,61.99492862307692,12.099731999999996,20.39550400000001,1080p,h264,38,Boat_1920x1080_5994_10bit_420
Boat_1920x1080_5994_10bit_420__1920x1080__h264__crf43,0.9148706508500354,0.943006103276004,48.204610938461535,36.405410161538455,8.132598000000002,17.919660999999998,1080p,h264,43,Boat_1920x1080_5994_10bit_420
Boat_1920x1080_5994_10bit_420__1920x1080__hevc__crf18,0.16889838265758536,0.7588064003786972,99.11732546153846,99.99809555384617,1.7526589999999942,0.1725540000000052,1080p,hevc,18,Boat_1920x1080_5994_10bit_420
Boat_1920x1080_5994_10bit_420__1920x1080__hevc__crf23,0.9560750347962659,0.896597965210202,96.14258893076924,97.60065876153847,4.384204999999994,4.591729999999998,1080p,hevc,23,Boat_1920x1080_5994_10bit_420
Boat_1920x1080_5994_10bit_420__1920x1080__hevc__crf28,0.9587699588328458,0.9389705145801904,91.06492136923077,92.10048466923078,6.584137999999996,7.35482300000001,1080p,hevc,28,Boat_1920x1080_5994_10bit_420
Boat_1920x1080_5994_10bit_420__1920x1080__hevc__crf33,0.9645763292420182,0.9579559321674923,83.00075533076924,83.12094556923078,8.936115999999998,11.55398199999999,1080p,hevc,33,Boat_1920x1080_5994_10bit_420
Boat_1920x1080_5994_10bit_420__1920x1080__hevc__crf38,0.9498859297158945,0.9581982781208056,71.40179050769228,69.27931742307692,10.720748999999998,18.272276000000005,1080p,hevc,38,Boat_1920x1080_5994_10bit_420
Boat_1920x1080_5994_10bit_420__1920x1080__hevc__crf43,0.883753337895912,0.9247751010096902,56.79658143076924,47.975868607692306,9.671309999999998,20.633385000000004,1080p,hevc,43,Boat_1920x1080_5994_10bit_420
Boat_1920x1080_5994_10bit_420__1920x1080__vp9__crf20,,,100.0,100.0,0.0,0.0,1080p,vp9,20,Boat_1920x1080_5994_10bit_420
Boat_1920x1080_5994_10bit_420__1920x1080__vp9__crf30,0.2406514479606394,0.8225544153751113,99.41306481538462,99.9970656076923,1.582821999999993,0.1935409999999962,1080p,vp9,30,Boat_1920x1080_5994_10bit_420
Boat_1920x1080_5994_10bit_420__1920x1080__vp9__crf40,0.9832253891106452,0.9463733106023413,95.85780413076924,97.01175285384618,6.381966000000006,5.3006890000000055,1080p,vp9,40,Boat_1920x1080_5994_10bit_420
Boat_1920x1080_5994_10bit_420__1920x1080__vp9__crf50,0.978942726585982,0.9750106124223393,88.49637118461538,88.61148123076921,12.369148999999993,13.016880999999998,1080p,vp9,50,Boat_1920x1080_5994_10bit_420
Boat_1920x1080_5994_10bit_420__1920x1080__vp9__crf60,0.9944855675857878,0.9943787566734852,75.8103552846154,73.42910338461539,19.496247999999994,23.141017000000005,1080p,vp9,60,Boat_1920x1080_5994_10bit_420
Boat_1920x1080_5994_10bit_420__640x360__av1__crf20,0.7567010694407639,0.7608444863600193,77.62166567692307,74.55827648461538,8.795148999999995,3.3814179999999965,360p,av1,20,Boat_1920x1080_5994_10bit_420
Boat_1920x1080_5994_10bit_420__640x360__av1__crf30,0.8097233074842162,0.8178178605626003,74.52344949230769,71.5117839,9.607986999999994,5.23540100000001,360p,av1,30,Boat_1920x1080_5994_10bit_420
Boat_1920x1080_5994_10bit_420__640x360__av1__crf40,0.8373007195179059,0.8726544762270797,69.16498912307691,66.16576156153846,9.247361000000005,9.130308,360p,av1,40,Boat_1920x1080_5994_10bit_420
Boat_1920x1080_5994_10bit_420__640x360__av1__crf50,0.8996217549397137,0.9280875635420747,63.48512978461538,59.770523838461536,9.984040999999998,11.713042000000002,360p,av1,50,Boat_1920x1080_5994_10bit_420
Boat_1920x1080_5994_10bit_420__640x360__av1__crf60,0.9722884261734429,0.9795682866892926,55.17813577692307,48.35698685384615,11.202627,14.959215999999998,360p,av1,60,Boat_1920x1080_5994_10bit_420
Boat_1920x1080_5994_10bit_420__640x360__h264__crf18,0.9678244515568183,0.9714267939489215,73.4760411076923,69.70984588461539,9.840315000000004,11.600067000000003,360p,h264,18,Boat_1920x1080_5994_10bit_420
Boat_1920x1080_5994_10bit_420__640x360__h264__crf23,0.9571858342907884,0.9691269273820169,67.67896355384616,62.85523023076923,13.351754,18.287043000000004,360p,h264,23,Boat_1920x1080_5994_10bit_420
Boat_1920x1080_5994_10bit_420__640x360__h264__crf28,0.9501701475275273,0.967221527676445,58.557219284615385,50.5340672,11.981738,25.111134,360p,h264,28,Boat_1920x1080_5994_10bit_420
Boat_1920x1080_5994_10bit_420__640x360__h264__crf33,0.967453598864573,0.9832983418462362,46.686805692307686,30.801777446153846,11.436574999999998,27.328185999999995,360p,h264,33,Boat_1920x1080_5994_10bit_420
Boat_1920x1080_5994_10bit_420__640x360__h264__crf38,0.9056944982425108,0.9719610609785347,33.34887241538461,4.364957476923077,8.156320000000004,14.222448,360p,h264,38,Boat_1920x1080_5994_10bit_420
Boat_1920x1080_5994_10bit_420__640x360__h264__crf43,,,23.079357253846155,0.0,4.100394000000001,0.0,360p,h264,43,Boat_1920x1080_5994_10bit_420
Boat_1920x1080_5994_10bit_420__640x360__hevc__crf18,0.9601259569454537,0.9557185240789727,73.18506589230769,70.62671757692307,6.27758,6.845422999999997,360p,hevc,18,Boat_1920x1080_5994_10bit_420
Boat_1920x1080_5994_10bit_420__640x360__hevc__crf23,0.9772764589931265,0.9729061379660173,67.50128366153845,64.23511660000001,8.612846999999995,11.151548000000005,360p,hevc,23,Boat_1920x1080_5994_10bit_420
Boat_1920x1080_5994_10bit_420__640x360__hevc__crf28,0.9661432235067456,0.9682579015734761,59.438092992307695,54.48321207692308,9.193233,16.322687000000002,360p,hevc,28,Boat_1920x1080_5994_10bit_420
Boat_1920x1080_5994_10bit_420__640x360__hevc__crf33,0.9288411787042485,0.9579320036933411,48.66707462307692,38.04082088461539,10.162008,22.87754,360p,hevc,33,Boat_1920x1080_5994_10bit_420
Boat_1920x1080_5994_10bit_420__640x360__hevc__crf38,0.8899966480693142,0.9229717424846704,36.595028192307694,15.6549585,9.294834999999996,21.973128,360p,hevc,38,Boat_1920x1080_5994_10bit_420
Boat_1920x1080_5994_10bit_420__640x360__hevc__crf43,,,24.84807114615385,0.0,5.853643999999999,0.0,360p,hevc,43,Boat_1920x1080_5994_10bit_420
Boat_1920x1080_5994_10bit_420__640x360__vp9__crf20,0.9008611058353079,0.9017854984386158,77.69992517692307,75.2818513076923,3.5954380000000015,3.3916320000000013,360p,vp9,20,Boat_1920x1080_5994_10bit_420
Boat_1920x1080_5994_10bit_420__640x360__vp9__crf30,0.9642887113160069,0.9670144164045422,74.36553416923077,71.95945789230768,6.463633999999999,6.278983000000011,360p,vp9,30,Boat_1920x1080_5994_10bit_420
Boat_1920x1080_5994_10bit_420__640x360__vp9__crf40,0.9901521969120314,0.9911404132286091,67.05777093846154,64.22256862307692,13.60071,13.600388000000002,360p,vp9,40,Boat_1920x1080_5994_10bit_420
Boat_1920x1080_5994_10bit_420__640x360__vp9__crf50,0.9929480134184705,0.9930661958105466,56.17143920769231,48.69321566153846,18.472328000000005,23.123268000000003,360p,vp9,50,Boat_1920x1080_5994_10bit_420
Boat_1920x1080_5994_10bit_420__640x360__vp9__crf60,0.9902268869120363,0.9897288951818922,43.462081838461536,25.083430253846153,18.699348,31.587148000000003,360p,vp9,60,Boat_1920x1080_5994_10bit_420
Boat_1920x1080_5994_10bit_420__960x540__av1__crf20,0.7740440304774482,0.7605657589420157,90.85621597692308,90.45610865384616,7.493718999999999,3.0437869999999947,540p,av1,20,Boat_1920x1080_5994_10bit_420
Boat_1920x1080_5994_10bit_420__960x540__av1__crf30,0.8110891553582957,0.8036632216303334,88.58872484615385,87.98855002307694,8.537105999999994,5.322667999999993,540p,av1,30,Boat_1920x1080_5994_10bit_420
Boat_1920x1080_5994_10bit_420__960x540__av1__crf40,0.8532119723197364,0.8600269455256316,83.8903338076923,83.36387147692308,9.541444999999996,9.360726,540p,av1,40,Boat_1920x1080_5994_10bit_420
Boat_1920x1080_5994_10bit_420__960x540__av1__crf50,0.91217705634272,0.9214960990555863,77.70328901538461,76.83628983846155,10.664214999999999,11.701983999999996,540p,av1,50,Boat_1920x1080_5994_10bit_420
Boat_1920x1080_5994_10bit_420__960x540__av1__crf60,0.9704877188909626,0.9730420785253575,68.62298539230768,65.39996982307692,11.301203999999998,13.788514,540p,av1,60,Boat_1920x1080_5994_10bit_420
Boat_1920x1080_5994_10bit_420__960x540__h264__crf18,0.9699594364549586,0.9596627816221798,87.40647595384615,87.38004516923077,7.431386000000003,7.970181999999994,540p,h264,18,Boat_1920x1080_5994_10bit_420
Boat_1920x1080_5994_10bit_420__960x540__h264__crf23,0.9698506426140684,0.9674101097263239,82.3631514923077,81.62505143846154,11.33504400000001,12.872304,540p,h264,23,Boat_1920x1080_5994_10bit_420
Boat_1920x1080_5994_10bit_420__960x540__h264__crf28,0.9713591009926554,0.9754722235243324,73.77429954615384,71.23332359230768,12.545169000000001,18.884551000000002,540p,h264,28,Boat_1920x1080_5994_10bit_420
Boat_1920x1080_5994_10bit_420__960x540__h264__crf33,0.9755074696835145,0.9829337299861387,61.22103061538462,53.28118293076923,12.572780000000002,23.570863000000003,540p,h264,33,Boat_1920x1080_5994_10bit_420
Boat_1920x1080_5994_10bit_420__960x540__h264__crf38,0.9554124663569529,0.9729931672784877,45.49348492307692,26.603281484615383,10.566798999999996,23.798506999999997,540p,h264,38,Boat_1920x1080_5994_10bit_420
Boat_1920x1080_5994_10bit_420__960x540__h264__crf43,0.6109458893567298,0.9190968733623133,30.383783276923076,0.4696036692307693,5.3327339999999985,6.291458,540p,h264,43,Boat_1920x1080_5994_10bit_420
Boat_1920x1080_5994_10bit_420__960x540__hevc__crf18,0.9568622236304305,0.940716906040431,87.25637099230768,87.7136299846154,4.988673000000006,5.236063999999999,540p,hevc,18,Boat_1920x1080_5994_10bit_420
Boat_1920x1080_5994_10bit_420__960x540__hevc__crf23,0.9645398598748136,0.9574761446070923,82.48514019999999,82.65360013076922,7.298948999999993,8.38351200000001,540p,hevc,23,Boat_1920x1080_5994_10bit_420
Boat_1920x1080_5994_10bit_420__960x540__hevc__crf28,0.9671681936643041,0.9658983970507092,75.00251946923078,74.02881297692309,9.258895999999993,13.850137000000004,540p,hevc,28,Boat_1920x1080_5994_10bit_420
Boat_1920x1080_5994_10bit_420__960x540__hevc__crf33,0.9533827952377305,0.9683149179455526,64.04029381538462,60.0605674,11.138952000000003,19.889414999999993,540p,hevc,33,Boat_1920x1080_5994_10bit_420
Boat_1920x1080_5994_10bit_420__960x540__hevc__crf38,0.9326202123645673,0.9614970011493348,50.29341376153847,39.12192506153846,10.341990000000003,24.231983,540p,hevc,38,Boat_1920x1080_5994_10bit_420
Boat_1920x1080_5994_10bit_420__960x540__hevc__crf43,0.783428885126431,0.8238247245338306,35.69621980769231,8.963943953846154,6.631179000000003,17.232635,540p,hevc,43,Boat_1920x1080_5994_10bit_420
Boat_1920x1080_5994_10bit_420__960x540__vp9__crf20,0.8956766904750052,0.8574814615762211,90.86535616153846,91.16448279230771,3.3828400000000016,2.9220949999999988,540p,vp9,20,Boat_1920x1080_5994_10bit_420
Boat_1920x1080_5994_10bit_420__960x540__vp9__crf30,0.9616143142476058,0.9528786104937526,88.18912003846154,88.40530524615384,5.286751999999993,5.769932999999995,540p,vp9,30,Boat_1920x1080_5994_10bit_420
Boat_1920x1080_5994_10bit_420__960x540__vp9__crf40,0.9871250790683521,0.9862825311332168,81.97138900769231,82.13933416153847,11.808810000000008,11.819141000000002,540p,vp9,40,Boat_1920x1080_5994_10bit_420
Boat_1920x1080_5994_10bit_420__960x540__vp9__crf50,0.9935657061217456,0.9944210174620056,71.15707717692308,68.76273046153847,18.722403999999997,20.898749000000002,540p,vp9,50,Boat_1920x1080_5994_10bit_420
Boat_1920x1080_5994_10bit_420__960x540__vp9__crf60,0.9941469519791437,0.9931386067400862,56.69272652307692,46.85157167692308,21.615001,31.010983000000003,540p,vp9,60,Boat_1920x1080_5994_10bit_420
CrowdRun_1920x1080p50__1280x720__av1__crf20,0.8309944541021594,0.7915011681761653,95.47683162307692,95.61094433076924,5.634658999999999,4.108263999999991,720p,av1,20,CrowdRun_1920x1080p50
CrowdRun_1920x1080p50__1280x720__av1__crf30,0.9271231874982515,0.9175531382361201,92.35230836153846,91.6144300076923,6.0943169999999895,6.444749000000002,720p,av1,30,CrowdRun_1920x1080p50
CrowdRun_1920x1080p50__1280x720__av1__crf40,0.9395813233313709,0.9420877654100135,85.7460483,83.36812291538462,9.840583999999993,10.49099000000001,720p,av1,40,CrowdRun_1920x1080p50
CrowdRun_1920x1080p50__1280x720__av1__crf50,0.9302511667435771,0.9399949115704173,75.95840991538462,69.85545383076924,12.156021999999993,15.652546000000001,720p,av1,50,CrowdRun_1920x1080p50
CrowdRun_1920x1080p50__1280x720__av1__crf60,0.893924383493931,0.9195353970428363,60.51508175384616,44.636391807692306,12.69238,25.783335,720p,av1,60,CrowdRun_1920x1080p50
CrowdRun_1920x1080p50__1280x720__h264__crf18,0.9573545200872084,0.9460916373640457,92.1298226076923,91.8548667846154,6.2361569999999915,6.501182,720p,h264,18,CrowdRun_1920x1080p50
CrowdRun_1920x1080p50__1280x720__h264__crf23,0.957610057513488,0.9538494513820087,86.42137976923077,85.29354694615385,7.081949000000009,7.9311540000000065,720p,h264,23,CrowdRun_1920x1080p50
CrowdRun_1920x1080p50__1280x720__h264__crf28,0.9365833732248263,0.9446927266447309,77.1444407923077,74.55526862307693,8.376077999999993,12.821177999999989,720p,h264,28,CrowdRun_1920x1080p50
CrowdRun_1920x1080p50__1280x720__h264__crf33,0.84730192620492,0.9077176971240347,64.4812812923077,57.465468300000005,7.963872000000002,15.289520000000003,720p,h264,33,CrowdRun_1920x1080p50
CrowdRun_1920x1080p50__1280x720__h264__crf38,0.6326210379025154,0.7787017173551393,49.67915170769232,32.01920137692308,5.654367000000001,20.349791,720p,h264,38,CrowdRun_1920x1080p50
CrowdRun_1920x1080p50__1280x720__h264__crf43,0.3623738450966696,0.5093693317535788,35.35428988461538,2.1637162846153846,5.350147,13.543631,720p,h264,43,CrowdRun_1920x1080p50
CrowdRun_1920x1080p50__1280x720__hevc__crf18,0.9417913945293598,0.9259440544961665,91.67604946923079,91.50929037692309,5.344338000000008,7.2632270000000005,720p,hevc,18,CrowdRun_1920x1080p50
CrowdRun_1920x1080p50__1280x720__hevc__crf23,0.9642732969548697,0.9591559917776544,85.88628023076923,84.93289524615385,7.151043000000001,10.516317999999998,720p,hevc,23,CrowdRun_1920x1080p50
CrowdRun_1920x1080p50__1280x720__hevc__crf28,0.9640664960698769,0.9657814897367621,76.98391,74.0236147076923,8.834190000000007,16.426564999999997,720p,hevc,28,CrowdRun_1920x1080p50
CrowdRun_1920x1080p50__1280x720__hevc__crf33,0.9570305670290873,0.9656512862811863,64.82153953846154,56.89083631538461,10.587882000000008,24.108904000000003,720p,hevc,33,CrowdRun_1920x1080p50
CrowdRun_1920x1080p50__1280x720__hevc__crf38,0.8862127195809038,0.9134825405272747,50.88727363076923,30.163785184615385,9.355243000000002,33.501261,720p,hevc,38,CrowdRun_1920x1080p50
CrowdRun_1920x1080p50__1280x720__hevc__crf43,0.5885030441916083,0.7839536800070106,37.377303192307686,1.3884300538461538,7.398601999999997,22.827631,720p,hevc,43,CrowdRun_1920x1080p50
CrowdRun_1920x1080p50__1280x720__vp9__crf20,0.8451592957891809,0.8221935893051625,95.99396588461539,96.12750972307691,5.387577999999991,5.491791000000006,720p,vp9,20,CrowdRun_1920x1080p50
CrowdRun_1920x1080p50__1280x720__vp9__crf30,0.9387471415729195,0.9317759930978168,93.34929695384615,92.89299055384616,6.837128000000007,8.754903999999996,720p,vp9,30,CrowdRun_1920x1080p50
CrowdRun_1920x1080p50__1280x720__vp9__crf40,0.9724157375343112,0.9732930623441257,87.12913297692309,85.84071130769232,13.020116000000002,15.251747999999992,720p,vp9,40,CrowdRun_1920x1080p50
CrowdRun_1920x1080p50__1280x720__vp9__crf50,0.9763337780758674,0.9811990293902533,76.18223155384615,71.64194129230769,21.596056999999988,26.641243000000003,720p,vp9,50,CrowdRun_1920x1080p50
CrowdRun_1920x1080p50__1280x720__vp9__crf60,0.9751749597839006,0.9792912874790173,60.5807368,45.693219146153844,29.098232000000003,44.522583,720p,vp9,60,CrowdRun_1920x1080p50
CrowdRun_1920x1080p50__1920x1080__av1__crf20,,-0.0077519379845016985,99.98778034615384,100.0,1.5885549999999995,0.0,1080p,av1,20,CrowdRun_1920x1080p50
CrowdRun_1920x1080p50__1920x1080__av1__crf30,0.9084773586577735,0.7247876304408299,99.23951993076923,99.34971603076923,3.4502549999999985,2.1231930000000006,1080p,av1,30,CrowdRun_1920x1080p50
CrowdRun_1920x1080p50__1920x1080__av1__crf40,0.915445882328362,0.9063579136351684,94.72609231538462,93.49956876923078,7.938046000000014,7.285920000000004,1080p,av1,40,CrowdRun_1920x1080p50
CrowdRun_1920x1080p50__1920x1080__av1__crf50,0.9217552871562777,0.9237392864882804,86.68831988461537,83.13981102307693,10.919628000000003,12.360932999999989,1080p,av1,50,CrowdRun_1920x1080p50
CrowdRun_1920x1080p50__1920x1080__av1__crf60,0.9011761671075159,0.9196535901840853,72.43863576153846,62.95480349230769,12.506177000000008,20.220044999999992,1080p,av1,60,CrowdRun_1920x1080p50
CrowdRun_1920x1080p50__1920x1080__h264__crf18,0.9212627874449626,0.8216504181005797,98.97127426923076,99.42903598461538,2.747230000000002,1.829182000000003,1080p,h264,18,CrowdRun_1920x1080p50
CrowdRun_1920x1080p50__1920x1080__h264__crf23,0.932793112674337,0.9117306140598869,95.10154958461538,94.98907346153847,5.513628999999995,5.809130999999994,1080p,h264,23,CrowdRun_1920x1080p50
CrowdRun_1920x1080p50__1920x1080__h264__crf28,0.9121455613405064,0.9038818432936127,87.73915869999999,86.84539666923077,6.793451000000005,8.71454700000001,1080p,h264,28,CrowdRun_1920x1080p50
CrowdRun_1920x1080p50__1920x1080__h264__crf33,0.8420823125195518,0.8696440294316993,76.19753971538462,73.58945814615385,7.722865999999996,12.206574000000003,1080p,h264,33,CrowdRun_1920x1080p50
CrowdRun_1920x1080p50__1920x1080__h264__crf38,0.722122783620254,0.822772206156185,60.935609453846155,52.73110947692308,6.0173540000000045,15.209166000000003,1080p,h264,38,CrowdRun_1920x1080p50
CrowdRun_1920x1080p50__1920x1080__h264__crf43,0.5394296032309609,0.6887162793185083,44.856225623076924,24.100459523076925,5.903669000000001,15.588901999999997,1080p,h264,43,CrowdRun_1920x1080p50
CrowdRun_1920x1080p50__1920x1080__hevc__crf18,0.9204144470746832,0.861291410418736,98.76408140000001,99.23796187692307,2.2222739999999988,1.8909749999999974,1080p,hevc,18,CrowdRun_1920x1080p50
CrowdRun_1920x1080p50__1920x1080__hevc__crf23,0.9649672956367585,0.9318767280757477,94.72364609230769,94.7207866076923,5.454982999999999,7.384566000000007,1080p,hevc,23,CrowdRun_1920x1080p50
CrowdRun_1920x1080p50__1920x1080__hevc__crf28,0.9638553076380613,0.9576676012232163,87.77500813846153,86.68427091538463,7.185666000000012,11.842344000000011,1080p,hevc,28,CrowdRun_1920x1080p50
CrowdRun_1920x1080p50__1920x1080__hevc__crf33,0.9589432509943885,0.963008080117026,77.26229329999998,73.86220236153848,9.000631000000013,17.70967499999999,1080p,hevc,33,CrowdRun_1920x1080p50
CrowdRun_1920x1080p50__1920x1080__hevc__crf38,0.9280038625584022,0.945305963306845,63.17430144615384,52.22048521538461,10.203555000000001,27.944243999999998,1080p,hevc,38,CrowdRun_1920x1080p50
CrowdRun_1920x1080p50__1920x1080__hevc__crf43,0.8076965402442686,0.8509015596506668,48.1242359,22.131439884615386,9.015887,31.943734999999997,1080p,hevc,43,CrowdRun_1920x1080p50
CrowdRun_1920x1080p50__1920x1080__vp9__crf20,,,100.0,100.0,0.0,0.0,1080p,vp9,20,CrowdRun_1920x1080p50
CrowdRun_1920x1080p50__1920x1080__vp9__crf30,0.9466474279611411,0.7888545405394454,99.56795786153846,99.68145078461538,1.5888910000000038,1.4137470000000008,1080p,vp9,30,CrowdRun_1920x1080p50
CrowdRun_1920x1080p50__1920x1080__vp9__crf40,0.9856920431985596,0.9671249514035514,95.51842174615385,94.93072855384615,7.3367819999999995,8.644687000000005,1080p,vp9,40,CrowdRun_1920x1080p50
CrowdRun_1920x1080p50__1920x1080__vp9__crf50,0.9702913555678573,0.971522476749312,86.98144008461537,84.45231944615385,17.187142999999992,21.133887,1080p,vp9,50,CrowdRun_1920x1080p50
CrowdRun_1920x1080p50__1920x1080__vp9__crf60,0.9785044718106769,0.9819639729911867,72.6543203076923,64.61404000769231,26.453951000000004,34.305026,1080p,vp9,60,CrowdRun_1920x1080p50
CrowdRun_1920x1080p50__640x360__av1__crf20,0.8795287104769413,0.8924908011453262,74.46445248461538,68.88814977692307,7.250434999999996,6.100248999999991,360p,av1,20,CrowdRun_1920x1080p50
CrowdRun_1920x1080p50__640x360__av1__crf30,0.9342368093933615,0.9486071533840691,69.67782486923078,63.205783176923084,8.383291,8.618666000000005,360p,av1,30,CrowdRun_1920x1080p50
CrowdRun_1920x1080p50__640x360__av1__crf40,0.9012696749766623,0.926931381644331,60.72531956923077,49.75587705384615,10.163483999999997,13.467122000000003,360p,av1,40,CrowdRun_1920x1080p50
CrowdRun_1920x1080p50__640x360__av1__crf50,0.7987407874197121,0.8526535405353083,50.797049092307695,29.719651823076926,11.129166999999995,19.378732000000003,360p,av1,50,CrowdRun_1920x1080p50
CrowdRun_1920x1080p50__640x360__av1__crf60,0.8281055028404795,0.8872212236305915,38.91069913846154,4.7040577692307695,9.347949,16.353333,360p,av1,60,CrowdRun_1920x1080p50
CrowdRun_1920x1080p50__640x360__h264__crf18,0.9660318880269526,0.9729179579756504,69.85830573076923,63.2539602923077,8.882023000000004,10.302633,360p,h264,18,CrowdRun_1920x1080p50
CrowdRun_1920x1080p50__640x360__h264__crf23,0.961501301743924,0.9725983100826795,62.150396676923066,52.66144752307692,9.581113000000002,13.436441000000002,360p,h264,23,CrowdRun_1920x1080p50
CrowdRun_1920x1080p50__640x360__h264__crf28,0.9025901411558988,0.9365047896867836,52.3804458,36.56006282307692,7.942633999999998,18.170696,360p,h264,28,CrowdRun_1920x1080p50
CrowdRun_1920x1080p50__640x360__h264__crf33,0.6418792321885907,0.761428754235741,42.08039104615385,14.237220607692308,5.762165000000003,19.981119,360p,h264,33,CrowdRun_1920x1080p50
CrowdRun_1920x1080p50__640x360__h264__crf38,,-0.429460972911998,31.613397015384614,0.0,6.521007000000004,0.0,360p,h264,38,CrowdRun_1920x1080p50
CrowdRun_1920x1080p50__640x360__h264__crf43,,,23.827292130769234,0.0,7.94969,0.0,360p,h264,43,CrowdRun_1920x1080p50
CrowdRun_1920x1080p50__640x360__hevc__crf18,0.9581676174191534,0.9644970890251559,68.77179633846156,63.17376603846155,8.337954999999994,9.528222999999997,360p,hevc,18,CrowdRun_1920x1080p50
CrowdRun_1920x1080p50__640x360__hevc__crf23,0.9619695108086148,0.9726469721683938,61.14095773846154,53.466785907692305,10.240521999999999,16.049701,360p,hevc,23,CrowdRun_1920x1080p50
CrowdRun_1920x1080p50__640x360__hevc__crf28,0.9554676875693273,0.9691988367241166,51.7385616923077,37.56919675384616,10.265082,24.656074,360p,hevc,28,CrowdRun_1920x1080p50
CrowdRun_1920x1080p50__640x360__hevc__crf33,0.895946848993226,0.9265545318172822,41.486353199999996,16.514125376923076,9.134749999999997,29.285950999999997,360p,hevc,33,CrowdRun_1920x1080p50
CrowdRun_1920x1080p50__640x360__hevc__crf38,0.07043044571794235,0.3605503957291725,31.697232023076925,0.12023356923076922,6.898875,12.082434,360p,hevc,38,CrowdRun_1920x1080p50
CrowdRun_1920x1080p50__640x360__hevc__crf43,,,22.84049780769231,0.0,5.832238999999998,0.0,360p,hevc,43,CrowdRun_1920x1080p50
CrowdRun_1920x1080p50__640x360__vp9__crf20,0.9047688343919743,0.916363080116709,75.11194153846154,70.09155937692309,6.982315,6.9386049999999955,360p,vp9,20,CrowdRun_1920x1080p50
CrowdRun_1920x1080p50__640x360__vp9__crf30,0.9610728151415076,0.966582586217879,71.04143956923077,65.74774812307692,10.354541999999995,11.240616000000003,360p,vp9,30,CrowdRun_1920x1080p50
CrowdRun_1920x1080p50__640x360__vp9__crf40,0.9690354579324347,0.9782547581700124,62.6944663,55.1427049923077,17.059943000000004,21.085624000000003,360p,vp9,40,CrowdRun_1920x1080p50
CrowdRun_1920x1080p50__640x360__vp9__crf50,0.9671033029130115,0.9750833458831111,51.13275954615384,34.045949923076925,23.333645000000004,36.726484,360p,vp9,50,CrowdRun_1920x1080p50
CrowdRun_1920x1080p50__640x360__vp9__crf60,0.9099463897899422,0.9763736961377879,38.42882775384615,3.7614200153846156,24.907776,39.758698,360p,vp9,60,CrowdRun_1920x1080p50
CrowdRun_1920x1080p50__960x540__av1__crf20,0.8156638385053905,0.8077249267154739,88.28684154615384,86.44524314615384,6.162982999999997,4.5704219999999935,540p,av1,20,CrowdRun_1920x1080p50
CrowdRun_1920x1080p50__960x540__av1__crf30,0.9098381250789742,0.9118748975945958,84.68465325384615,81.88839546153847,6.805121999999997,6.888317999999998,540p,av1,30,CrowdRun_1920x1080p50
CrowdRun_1920x1080p50__960x540__av1__crf40,0.9012777254268043,0.9159451210150056,77.3004623,71.52573970000002,9.354444,9.924612999999994,540p,av1,40,CrowdRun_1920x1080p50
CrowdRun_1920x1080p50__960x540__av1__crf50,0.8155869525288026,0.8439883824422435,67.30101236153845,55.12440656923077,10.807310999999999,17.700615999999997,540p,av1,50,CrowdRun_1920x1080p50
CrowdRun_1920x1080p50__960x540__av1__crf60,0.8499980450494865,0.880776317501166,52.55635947692307,28.73012788461539,11.309418999999998,24.284445,540p,av1,60,CrowdRun_1920x1080p50
CrowdRun_1920x1080p50__960x540__h264__crf18,0.9585553772562089,0.9567321339921835,83.9842453,81.65081049999999,7.14762300000001,7.856099,540p,h264,18,CrowdRun_1920x1080p50
CrowdRun_1920x1080p50__960x540__h264__crf23,0.955642086568381,0.9597140402495514,77.15472667692306,73.14227883076923,8.020538000000002,9.87909900000001,540p,h264,23,CrowdRun_1920x1080p50
CrowdRun_1920x1080p50__960x540__h264__crf28,0.9261720029335531,0.9420561073164027,67.0765351923077,59.90172953846154,8.608032000000009,14.137210000000003,540p,h264,28,CrowdRun_1920x1080p50
CrowdRun_1920x1080p50__960x540__h264__crf33,0.7621418560880038,0.8493131366856369,54.76970376153846,39.418617346153844,6.494499000000005,20.157353999999998,540p,h264,33,CrowdRun_1920x1080p50
CrowdRun_1920x1080p50__960x540__h264__crf38,0.4301220996103028,0.577681972891833,41.63238084615385,12.964563884615385,5.412492,16.70069,540p,h264,38,CrowdRun_1920x1080p50
CrowdRun_1920x1080p50__960x540__h264__crf43,,,29.47143842307692,0.0,8.162913,0.0,540p,h264,43,CrowdRun_1920x1080p50
CrowdRun_1920x1080p50__960x540__hevc__crf18,0.9506638660177147,0.9466931682074837,83.48941797692308,81.66823841538462,6.357776000000001,7.8302380000000085,540p,hevc,18,CrowdRun_1920x1080p50
CrowdRun_1920x1080p50__960x540__hevc__crf23,0.9656696454912875,0.9674712857952935,76.68203733846153,73.81135530769232,8.437971000000005,12.622009000000006,540p,hevc,23,CrowdRun_1920x1080p50
CrowdRun_1920x1080p50__960x540__hevc__crf28,0.968002279063587,0.9734799391346793,67.01623282307692,60.57529396153846,9.80612,19.860648000000005,540p,hevc,28,CrowdRun_1920x1080p50
CrowdRun_1920x1080p50__960x540__hevc__crf33,0.9470534054746333,0.9640083857032099,54.94570263076923,41.00879304615385,10.359791000000001,27.022847000000006,540p,hevc,33,CrowdRun_1920x1080p50
CrowdRun_1920x1080p50__960x540__hevc__crf38,0.8347511270619089,0.8677903752181582,42.38350270769231,13.148230361538461,8.708213999999998,35.701077999999995,540p,hevc,38,CrowdRun_1920x1080p50
CrowdRun_1920x1080p50__960x540__hevc__crf43,-0.007027211757514377,0.11645596646319797,30.641171523076924,0.018833723076923076,6.421969000000001,2.448384,540p,hevc,43,CrowdRun_1920x1080p50
CrowdRun_1920x1080p50__960x540__vp9__crf20,0.8730539007593159,0.8720563641305534,88.5980757923077,87.06538824615384,5.915120000000002,5.991377,540p,vp9,20,CrowdRun_1920x1080p50
CrowdRun_1920x1080p50__960x540__vp9__crf30,0.9451964432007317,0.9490760388913059,85.4359629,83.50339694615384,8.17775499999999,9.282109999999989,540p,vp9,30,CrowdRun_1920x1080p50
CrowdRun_1920x1080p50__960x540__vp9__crf40,0.9714096522149566,0.9752585543924113,78.06905752307694,75.02010363846153,14.896239000000008,17.541774000000004,540p,vp9,40,CrowdRun_1920x1080p50
CrowdRun_1920x1080p50__960x540__vp9__crf50,0.9750085344110445,0.9804413158889481,66.31883897692309,58.087511869230774,22.996373,30.982295,540p,vp9,50,CrowdRun_1920x1080p50
CrowdRun_1920x1080p50__960x540__vp9__crf60,0.9676075475380459,0.9719814527654511,51.227497815384616,27.92450923076923,28.436840000000004,48.690461,540p,vp9,60,CrowdRun_1920x1080p50
DinnerSceneCropped_1920x1080_2997fps_10bit_420__1280x720__av1__crf20,0.8759871689539643,0.8998719389460168,91.2227230153846,80.3365522923077,7.463499999999996,13.438534000000004,720p,av1,20,DinnerSceneCropped_1920x1080_2997fps_10bit_420
DinnerSceneCropped_1920x1080_2997fps_10bit_420__1280x720__av1__crf30,0.8895518218062252,0.8822710197480755,89.45691187692307,75.33593074615385,7.663714999999996,7.349317999999997,720p,av1,30,DinnerSceneCropped_1920x1080_2997fps_10bit_420
DinnerSceneCropped_1920x1080_2997fps_10bit_420__1280x720__av1__crf40,0.9029347147570457,0.9013625207512692,87.3660458076923,72.58645994615385,8.742798000000008,8.954468000000006,720p,av1,40,DinnerSceneCropped_1920x1080_2997fps_10bit_420
DinnerSceneCropped_1920x1080_2997fps_10bit_420__1280x720__av1__crf50,0.9393403086717169,0.9376981593567039,84.55201650769231,68.58114293846154,12.079923999999991,12.624754999999993,720p,av1,50,DinnerSceneCropped_1920x1080_2997fps_10bit_420
DinnerSceneCropped_1920x1080_2997fps_10bit_420__1280x720__av1__crf60,0.9655238548555283,0.9669082045178967,78.52023456923077,59.065172815384614,16.206925,17.644867999999995,720p,av1,60,DinnerSceneCropped_1920x1080_2997fps_10bit_420
DinnerSceneCropped_1920x1080_2997fps_10bit_420__1280x720__h264__crf18,0.9638039996248291,0.9664488957659381,92.33249209230769,85.74327754615385,5.61318,8.958368000000007,720p,h264,18,DinnerSceneCropped_1920x1080_2997fps_10bit_420
DinnerSceneCropped_1920x1080_2997fps_10bit_420__1280x720__h264__crf23,0.9591584913099125,0.9576760126728222,88.70553732307692,78.98067095384616,5.852151000000006,10.01942000000001,720p,h264,23,DinnerSceneCropped_1920x1080_2997fps_10bit_420
DinnerSceneCropped_1920x1080_2997fps_10bit_420__1280x720__h264__crf28,0.9421325044252811,0.9374123904310718,83.46631461538462,71.14763757692307,6.375060000000005,11.506034000000007,720p,h264,28,DinnerSceneCropped_1920x1080_2997fps_10bit_420
DinnerSceneCropped_1920x1080_2997fps_10bit_420__1280x720__h264__crf33,0.9269394955285942,0.9171946771472312,75.32942254615384,60.75509879230769,7.600836000000001,12.857114000000003,720p,h264,33,DinnerSceneCropped_1920x1080_2997fps_10bit_420
DinnerSceneCropped_1920x1080_2997fps_10bit_420__1280x720__h264__crf38,0.8892304002476403,0.8801480863056774,64.17936833846154,48.01353613846153,10.787226000000004,15.088549,720p,h264,38,DinnerSceneCropped_1920x1080_2997fps_10bit_420
DinnerSceneCropped_1920x1080_2997fps_10bit_420__1280x720__h264__crf43,0.9444827165647626,0.9448687285923857,51.59732580769231,29.31640963846154,14.462128999999997,20.553396,720p,h264,43,DinnerSceneCropped_1920x1080_2997fps_10bit_420
DinnerSceneCropped_1920x1080_2997fps_10bit_420__1280x720__hevc__crf18,0.9606597343204503,0.9700895635857834,91.84251543846153,83.70052680769231,6.3424659999999875,10.704566999999997,720p,hevc,18,DinnerSceneCropped_1920x1080_2997fps_10bit_420
DinnerSceneCropped_1920x1080_2997fps_10bit_420__1280x720__hevc__crf23,0.9473530244149582,0.9494417788209419,89.2701084923077,78.23332081538462,7.504125999999999,10.133340000000004,720p,hevc,23,DinnerSceneCropped_1920x1080_2997fps_10bit_420
DinnerSceneCropped_1920x1080_2997fps_10bit_420__1280x720__hevc__crf28,0.939085867764714,0.9308728696454426,85.89807321538461,71.7353953076923,6.663505000000001,10.793080000000003,720p,hevc,28,DinnerSceneCropped_1920x1080_2997fps_10bit_420
DinnerSceneCropped_1920x1080_2997fps_10bit_420__1280x720__hevc__crf33,0.9312672282687503,0.9253900543876241,79.65867845384615,60.92397608461538,7.559145999999998,11.272023999999995,720p,hevc,33,DinnerSceneCropped_1920x1080_2997fps_10bit_420
DinnerSceneCropped_1920x1080_2997fps_10bit_420__1280x720__hevc__crf38,0.9279609418759037,0.9336626798362097,71.03961269999999,48.881557869230775,7.99818599999999,12.395688999999997,720p,hevc,38,DinnerSceneCropped_1920x1080_2997fps_10bit_420
DinnerSceneCropped_1920x1080_2997fps_10bit_420__1280x720__hevc__crf43,0.8548959435237917,0.8597550157059077,58.47716478461538,34.206371153846156,6.754021999999999,10.077424,720p,hevc,43,DinnerSceneCropped_1920x1080_2997fps_10bit_420
DinnerSceneCropped_1920x1080_2997fps_10bit_420__1280x720__vp9__crf20,0.9382601966677444,0.958418773054309,92.40137302307691,84.05458177692307,10.232103999999993,21.811285999999996,720p,vp9,20,DinnerSceneCropped_1920x1080_2997fps_10bit_420
DinnerSceneCropped_1920x1080_2997fps_10bit_420__1280x720__vp9__crf30,0.9042952958656304,0.9234835563821029,89.41747023846155,73.74055686923076,13.099589000000009,27.153391,720p,vp9,30,DinnerSceneCropped_1920x1080_2997fps_10bit_420
DinnerSceneCropped_1920x1080_2997fps_10bit_420__1280x720__vp9__crf40,0.7413204416426733,0.7861463508915548,85.23532113076922,65.6623423076923,13.455578000000003,23.438705999999996,720p,vp9,40,DinnerSceneCropped_1920x1080_2997fps_10bit_420
DinnerSceneCropped_1920x1080_2997fps_10bit_420__1280x720__vp9__crf50,0.8934593562636443,0.926047419003646,78.4611918076923,54.364828938461535,13.323063000000005,21.930647999999998,720p,vp9,50,DinnerSceneCropped_1920x1080_2997fps_10bit_420
DinnerSceneCropped_1920x1080_2997fps_10bit_420__1280x720__vp9__crf60,0.9660399832129108,0.9731174813635826,65.16507620769231,35.92143235384615,20.705883,30.474827,720p,vp9,60,DinnerSceneCropped_1920x1080_2997fps_10bit_420
DinnerSceneCropped_1920x1080_2997fps_10bit_420__1920x1080__av1__crf20,0.829049692049283,0.8640601014594006,94.33312383846153,87.88862646923077,7.84845,10.10614000000001,1080p,av1,20,DinnerSceneCropped_1920x1080_2997fps_10bit_420
DinnerSceneCropped_1920x1080_2997fps_10bit_420__1920x1080__av1__crf30,0.9083739783227694,0.9177361126361834,90.58880052307691,77.68470986923077,7.5636360000000025,13.035261999999989,1080p,av1,30,DinnerSceneCropped_1920x1080_2997fps_10bit_420
DinnerSceneCropped_1920x1080_2997fps_10bit_420__1920x1080__av1__crf40,0.9001938681967051,0.8973464336438578,88.95687520769232,74.62576779999999,8.471378000000001,7.497142999999994,1080p,av1,40,DinnerSceneCropped_1920x1080_2997fps_10bit_420
DinnerSceneCropped_1920x1080_2997fps_10bit_420__1920x1080__av1__crf50,0.9297096106135779,0.9302942008472397,86.38600736153846,71.3703587076923,10.461669,11.12706,1080p,av1,50,DinnerSceneCropped_1920x1080_2997fps_10bit_420
DinnerSceneCropped_1920x1080_2997fps_10bit_420__1920x1080__av1__crf60,0.9508229519487015,0.9479278076260016,81.37672997692307,63.83071546153846,12.831045000000003,14.262948000000002,1080p,av1,60,DinnerSceneCropped_1920x1080_2997fps_10bit_420
DinnerSceneCropped_1920x1080_2997fps_10bit_420__1920x1080__h264__crf18,0.9687109368649126,0.9524107357583531,96.06855447692307,92.87247833076925,3.4686610000000115,5.446997999999994,1080p,h264,18,DinnerSceneCropped_1920x1080_2997fps_10bit_420
DinnerSceneCropped_1920x1080_2997fps_10bit_420__1920x1080__h264__crf23,0.9720177363015198,0.9716531372997071,91.63633955384616,83.59759729999999,5.802159000000003,9.89737000000001,1080p,h264,23,DinnerSceneCropped_1920x1080_2997fps_10bit_420
DinnerSceneCropped_1920x1080_2997fps_10bit_420__1920x1080__h264__crf28,0.96111438468615,0.9597162580595031,86.4892732076923,75.63811539230768,6.572626999999997,10.046755000000005,1080p,h264,28,DinnerSceneCropped_1920x1080_2997fps_10bit_420
DinnerSceneCropped_1920x1080_2997fps_10bit_420__1920x1080__h264__crf33,0.9553635133989129,0.9469714496513816,79.5237034846154,66.56593638461538,6.0129129999999975,10.12861199999999,1080p,h264,33,DinnerSceneCropped_1920x1080_2997fps_10bit_420
DinnerSceneCropped_1920x1080_2997fps_10bit_420__1920x1080__h264__crf38,0.943905651622245,0.9343353573089879,69.57319601538462,53.07483136153846,9.845154999999998,12.193898999999995,1080p,h264,38,DinnerSceneCropped_1920x1080_2997fps_10bit_420
DinnerSceneCropped_1920x1080_2997fps_10bit_420__1920x1080__h264__crf43,0.937770298200589,0.9290697202893817,57.19500483846154,37.01544168461538,13.810417999999999,20.625946000000003,1080p,h264,43,DinnerSceneCropped_1920x1080_2997fps_10bit_420
DinnerSceneCropped_1920x1080_2997fps_10bit_420__1920x1080__hevc__crf18,0.9370386110244266,0.9585372458532898,94.38432268461538,88.31916830769232,4.327971000000005,10.188121999999993,1080p,hevc,18,DinnerSceneCropped_1920x1080_2997fps_10bit_420
DinnerSceneCropped_1920x1080_2997fps_10bit_420__1920x1080__hevc__crf23,0.9562295229743308,0.9597090053243771,91.12924534615385,81.64186984615385,6.680016000000009,9.738192000000012,1080p,hevc,23,DinnerSceneCropped_1920x1080_2997fps_10bit_420
DinnerSceneCropped_1920x1080_2997fps_10bit_420__1920x1080__hevc__crf28,0.9458747593672966,0.9388445689061886,88.12236774615384,76.34695571538462,6.535481000000004,10.718008999999995,1080p,hevc,28,DinnerSceneCropped_1920x1080_2997fps_10bit_420
DinnerSceneCropped_1920x1080_2997fps_10bit_420__1920x1080__hevc__crf33,0.9196050779738506,0.9119369269369124,83.27631008461539,67.01124049230769,6.674381999999994,10.935091,1080p,hevc,33,DinnerSceneCropped_1920x1080_2997fps_10bit_420
DinnerSceneCropped_1920x1080_2997fps_10bit_420__1920x1080__hevc__crf38,0.897658836094187,0.8987272598915375,74.92103176153846,56.38144633076923,6.743597000000008,12.233491,1080p,hevc,38,DinnerSceneCropped_1920x1080_2997fps_10bit_420
DinnerSceneCropped_1920x1080_2997fps_10bit_420__1920x1080__hevc__crf43,0.8469526251239792,0.8598425539990708,64.6444319846154,42.00288191538461,6.871274999999997,10.842466000000002,1080p,hevc,43,DinnerSceneCropped_1920x1080_2997fps_10bit_420
DinnerSceneCropped_1920x1080_2997fps_10bit_420__1920x1080__vp9__crf20,0.980618720865439,0.9830645605093495,95.8291205,91.64825000769231,7.851491999999993,15.595209999999994,1080p,vp9,20,DinnerSceneCropped_1920x1080_2997fps_10bit_420
DinnerSceneCropped_1920x1080_2997fps_10bit_420__1920x1080__vp9__crf30,0.9702285835702136,0.9772754284694077,91.68927438461539,80.03496576923077,12.140663999999987,28.683914,1080p,vp9,30,DinnerSceneCropped_1920x1080_2997fps_10bit_420
DinnerSceneCropped_1920x1080_2997fps_10bit_420__1920x1080__vp9__crf40,0.9104334913554585,0.9279670471050746,88.43699797692307,70.1927836076923,13.24816899999999,28.723163999999997,1080p,vp9,40,DinnerSceneCropped_1920x1080_2997fps_10bit_420
DinnerSceneCropped_1920x1080_2997fps_10bit_420__1920x1080__vp9__crf50,0.8273977786891539,0.8633909133310717,83.29378081538461,61.900669876923075,12.819814999999991,21.509200999999997,1080p,vp9,50,DinnerSceneCropped_1920x1080_2997fps_10bit_420
DinnerSceneCropped_1920x1080_2997fps_10bit_420__1920x1080__vp9__crf60,0.9562273045435941,0.9619124585917016,73.22010683076923,46.4428431,17.304443000000006,26.171647,1080p,vp9,60,DinnerSceneCropped_1920x1080_2997fps_10bit_420
DinnerSceneCropped_1920x1080_2997fps_10bit_420__640x360__av1__crf20,0.8493856516807325,0.8507466767321512,84.97057091538461,68.92905528461539,5.948707999999996,8.059161000000003,360p,av1,20,DinnerSceneCropped_1920x1080_2997fps_10bit_420
DinnerSceneCropped_1920x1080_2997fps_10bit_420__640x360__av1__crf30,0.886721779589176,0.8895079092313657,83.32945850769231,66.52246154615385,7.475274999999996,9.642468999999998,360p,av1,30,DinnerSceneCropped_1920x1080_2997fps_10bit_420
DinnerSceneCropped_1920x1080_2997fps_10bit_420__640x360__av1__crf40,0.9437061383900399,0.944377465087875,80.23505605384615,61.57516587692307,10.30534800000001,12.312660000000008,360p,av1,40,DinnerSceneCropped_1920x1080_2997fps_10bit_420
DinnerSceneCropped_1920x1080_2997fps_10bit_420__640x360__av1__crf50,0.9633665811167621,0.9641353753954063,75.92440068461538,55.93790702307692,13.2222,16.374389,360p,av1,50,DinnerSceneCropped_1920x1080_2997fps_10bit_420
DinnerSceneCropped_1920x1080_2997fps_10bit_420__640x360__av1__crf60,0.952891591069947,0.9613672418443749,67.35396685384616,43.51947498461538,16.50384499999999,22.352300000000003,360p,av1,60,DinnerSceneCropped_1920x1080_2997fps_10bit_420
DinnerSceneCropped_1920x1080_2997fps_10bit_420__640x360__h264__crf18,0.9488848226515948,0.9487760695993848,85.33614110769231,72.8396397,5.902214999999998,9.769094999999993,360p,h264,18,DinnerSceneCropped_1920x1080_2997fps_10bit_420
DinnerSceneCropped_1920x1080_2997fps_10bit_420__640x360__h264__crf23,0.9342166431554437,0.9299208326108628,80.92682046923076,64.45629551538462,6.700766999999999,8.971619000000004,360p,h264,23,DinnerSceneCropped_1920x1080_2997fps_10bit_420
DinnerSceneCropped_1920x1080_2997fps_10bit_420__640x360__h264__crf28,0.937500349090097,0.9320113136940501,73.66775542307693,54.80915524615385,8.394271000000003,12.169991999999993,360p,h264,28,DinnerSceneCropped_1920x1080_2997fps_10bit_420
DinnerSceneCropped_1920x1080_2997fps_10bit_420__640x360__h264__crf33,0.9194164672930308,0.92615483103785,63.64528011538461,42.33472763076924,9.423390000000005,15.180031,360p,h264,33,DinnerSceneCropped_1920x1080_2997fps_10bit_420
DinnerSceneCropped_1920x1080_2997fps_10bit_420__640x360__h264__crf38,0.8576108149142249,0.8591424426640486,51.38115689230769,26.50914596153846,9.070979999999999,14.195362,360p,h264,38,DinnerSceneCropped_1920x1080_2997fps_10bit_420
DinnerSceneCropped_1920x1080_2997fps_10bit_420__640x360__h264__crf43,0.9338466661966903,0.9431521262322033,38.75674974615385,9.544343192307693,16.713201,18.784254,360p,h264,43,DinnerSceneCropped_1920x1080_2997fps_10bit_420
DinnerSceneCropped_1920x1080_2997fps_10bit_420__640x360__hevc__crf18,0.9332915674703571,0.9347628720903493,85.26142963846154,71.60988378461538,5.921540000000007,9.511333000000008,360p,hevc,18,DinnerSceneCropped_1920x1080_2997fps_10bit_420
DinnerSceneCropped_1920x1080_2997fps_10bit_420__640x360__hevc__crf23,0.9190810481382148,0.9039369507867976,82.1492426076923,66.0873351076923,5.877857000000006,8.545668999999997,360p,hevc,23,DinnerSceneCropped_1920x1080_2997fps_10bit_420
DinnerSceneCropped_1920x1080_2997fps_10bit_420__640x360__hevc__crf28,0.8801125764398692,0.8591194514622787,76.3008970153846,56.92187481538462,7.163516000000001,10.159036999999998,360p,hevc,28,DinnerSceneCropped_1920x1080_2997fps_10bit_420
DinnerSceneCropped_1920x1080_2997fps_10bit_420__640x360__hevc__crf33,0.9320090920978782,0.9123217246786571,68.37054286153845,45.89537482307692,7.034361000000004,11.897002,360p,hevc,33,DinnerSceneCropped_1920x1080_2997fps_10bit_420
DinnerSceneCropped_1920x1080_2997fps_10bit_420__640x360__hevc__crf38,0.8940668676774572,0.8819323006797618,58.06997178461538,31.338633792307693,9.447034000000002,15.130378999999998,360p,hevc,38,DinnerSceneCropped_1920x1080_2997fps_10bit_420
DinnerSceneCropped_1920x1080_2997fps_10bit_420__640x360__hevc__crf43,0.9282408844330664,0.9328682017107586,46.67703425384615,15.48340613076923,9.47211,11.974438,360p,hevc,43,DinnerSceneCropped_1920x1080_2997fps_10bit_420
DinnerSceneCropped_1920x1080_2997fps_10bit_420__640x360__vp9__crf20,0.8787275838886786,0.8944222228393092,85.74349356153847,70.3010504,8.424550999999994,20.916731,360p,vp9,20,DinnerSceneCropped_1920x1080_2997fps_10bit_420
DinnerSceneCropped_1920x1080_2997fps_10bit_420__640x360__vp9__crf30,0.7137456931092957,0.7660741826313178,82.20473323076922,63.273390761538465,10.389691,21.779557999999994,360p,vp9,30,DinnerSceneCropped_1920x1080_2997fps_10bit_420
DinnerSceneCropped_1920x1080_2997fps_10bit_420__640x360__vp9__crf40,0.8992181103330962,0.9229191727028704,74.79025896153847,50.35248876153847,15.659698000000006,24.616605000000007,360p,vp9,40,DinnerSceneCropped_1920x1080_2997fps_10bit_420
DinnerSceneCropped_1920x1080_2997fps_10bit_420__640x360__vp9__crf50,0.966702459116613,0.9705120705523217,63.971461969230766,34.12852329230768,18.94719,27.513064000000004,360p,vp9,50,DinnerSceneCropped_1920x1080_2997fps_10bit_420
DinnerSceneCropped_1920x1080_2997fps_10bit_420__640x360__vp9__crf60,0.9662473642487739,0.9730776465523087,52.42749805384615,17.606887592307693,23.683528000000003,31.044706,360p,vp9,60,DinnerSceneCropped_1920x1080_2997fps_10bit_420
DinnerSceneCropped_1920x1080_2997fps_10bit_420__960x540__av1__crf20,0.8712885365941246,0.8763960420837629,89.1117230153846,75.08223002307692,7.296132,10.321776999999997,540p,av1,20,DinnerSceneCropped_1920x1080_2997fps_10bit_420
DinnerSceneCropped_1920x1080_2997fps_10bit_420__960x540__av1__crf30,0.8707910426602967,0.871177912848616,87.71848582307692,72.71076103846154,7.9769879999999915,7.635239999999996,540p,av1,30,DinnerSceneCropped_1920x1080_2997fps_10bit_420
DinnerSceneCropped_1920x1080_2997fps_10bit_420__960x540__av1__crf40,0.9094397818488418,0.9100854193069999,85.18354056153846,69.18268703076923,10.330929000000012,10.959381,540p,av1,40,DinnerSceneCropped_1920x1080_2997fps_10bit_420
DinnerSceneCropped_1920x1080_2997fps_10bit_420__960x540__av1__crf50,0.9338586067965556,0.9359210465928179,82.0936751923077,65.18145631538461,10.950743000000003,11.224865000000001,540p,av1,50,DinnerSceneCropped_1920x1080_2997fps_10bit_420
DinnerSceneCropped_1920x1080_2997fps_10bit_420__960x540__av1__crf60,0.9492122902700008,0.953600921340889,74.97036772307692,54.70646729230769,13.905220999999997,17.709273999999994,540p,av1,60,DinnerSceneCropped_1920x1080_2997fps_10bit_420
DinnerSceneCropped_1920x1080_2997fps_10bit_420__960x540__h264__crf18,0.957600912234161,0.9589721736973574,90.08300125384615,80.65289326923077,6.344509000000002,10.215585000000004,540p,h264,18,DinnerSceneCropped_1920x1080_2997fps_10bit_420
DinnerSceneCropped_1920x1080_2997fps_10bit_420__960x540__h264__crf23,0.9532969476658205,0.9474319929140881,86.3380281076923,73.4370347,6.659606999999994,9.28858000000001,540p,h264,23,DinnerSceneCropped_1920x1080_2997fps_10bit_420
DinnerSceneCropped_1920x1080_2997fps_10bit_420__960x540__h264__crf28,0.9269103464188447,0.920738201593871,80.39584503846153,64.44611355384616,7.286327,10.597983,540p,h264,28,DinnerSceneCropped_1920x1080_2997fps_10bit_420
DinnerSceneCropped_1920x1080_2997fps_10bit_420__960x540__h264__crf33,0.9269129869644859,0.9245786183113197,70.92015381538461,53.192815553846145,7.631037000000006,12.572800999999998,540p,h264,33,DinnerSceneCropped_1920x1080_2997fps_10bit_420
DinnerSceneCropped_1920x1080_2997fps_10bit_420__960x540__h264__crf38,0.913086695169368,0.914813916860954,59.70739600769231,39.44351833846154,9.375415000000004,13.959886000000001,540p,h264,38,DinnerSceneCropped_1920x1080_2997fps_10bit_420
DinnerSceneCropped_1920x1080_2997fps_10bit_420__960x540__h264__crf43,0.9354571813917533,0.938368091170115,45.239325061538466,19.07171117692308,11.520800999999999,14.956345000000002,540p,h264,43,DinnerSceneCropped_1920x1080_2997fps_10bit_420
DinnerSceneCropped_1920x1080_2997fps_10bit_420__960x540__hevc__crf18,0.9475915296170553,0.9568058354410116,89.8142497076923,79.79749946153846,6.760165000000001,11.412809999999993,540p,hevc,18,DinnerSceneCropped_1920x1080_2997fps_10bit_420
DinnerSceneCropped_1920x1080_2997fps_10bit_420__960x540__hevc__crf23,0.9459749934707152,0.9411409805704363,87.24050763076923,74.2519790153846,7.166451000000009,10.048876000000007,540p,hevc,23,DinnerSceneCropped_1920x1080_2997fps_10bit_420
DinnerSceneCropped_1920x1080_2997fps_10bit_420__960x540__hevc__crf28,0.9265532790485189,0.911203908749397,83.02030167692308,66.60203884615385,6.591637000000006,12.255484000000003,540p,hevc,28,DinnerSceneCropped_1920x1080_2997fps_10bit_420
DinnerSceneCropped_1920x1080_2997fps_10bit_420__960x540__hevc__crf33,0.8752867766640108,0.8510824159969579,76.17636286153846,55.239231161538456,6.9288039999999995,11.713626999999995,540p,hevc,33,DinnerSceneCropped_1920x1080_2997fps_10bit_420
DinnerSceneCropped_1920x1080_2997fps_10bit_420__960x540__hevc__crf38,0.9416924904349196,0.9460447437994527,66.22297966923077,41.238336838461535,9.291921999999992,14.133425000000003,540p,hevc,38,DinnerSceneCropped_1920x1080_2997fps_10bit_420
DinnerSceneCropped_1920x1080_2997fps_10bit_420__960x540__hevc__crf43,0.9069023911196822,0.9016805707015291,54.0639029,25.227605169230767,9.155221999999995,13.677745000000002,540p,hevc,43,DinnerSceneCropped_1920x1080_2997fps_10bit_420
DinnerSceneCropped_1920x1080_2997fps_10bit_420__960x540__vp9__crf20,0.930162271671494,0.9477191592761927,90.15629310769232,77.87257486153847,9.547569999999993,23.714468999999994,540p,vp9,20,DinnerSceneCropped_1920x1080_2997fps_10bit_420
DinnerSceneCropped_1920x1080_2997fps_10bit_420__960x540__vp9__crf30,0.8269853096405753,0.851319587466285,87.57011556153846,70.12998000769232,11.313576999999995,24.675461000000013,540p,vp9,30,DinnerSceneCropped_1920x1080_2997fps_10bit_420
DinnerSceneCropped_1920x1080_2997fps_10bit_420__960x540__vp9__crf40,0.7471631371598015,0.8045497916261581,82.20039487692307,60.87437168461539,12.310278999999994,22.204381999999995,540p,vp9,40,DinnerSceneCropped_1920x1080_2997fps_10bit_420
DinnerSceneCropped_1920x1080_2997fps_10bit_420__960x540__vp9__crf50,0.9324484611981013,0.9542237847080812,72.60292787692309,45.240933784615386,18.107613,25.843965999999995,540p,vp9,50,DinnerSceneCropped_1920x1080_2997fps_10bit_420
DinnerSceneCropped_1920x1080_2997fps_10bit_420__960x540__vp9__crf60,0.9684916069610425,0.9753751335721267,59.97968589230769,27.514051669230767,22.78262000000001,28.087837,540p,vp9,60,DinnerSceneCropped_1920x1080_2997fps_10bit_420
FoodMarket_1920x1080_5994_10bit_420__1280x720__av1__crf20,0.89385662907508,0.8784821905864643,97.46276063076922,95.93902524615386,8.092053000000007,8.708016,720p,av1,20,FoodMarket_1920x1080_5994_10bit_420
FoodMarket_1920x1080_5994_10bit_420__1280x720__av1__crf30,0.8673307625034847,0.8526904354309495,95.25324340769231,92.42246181538461,10.503775000000005,8.781827000000007,720p,av1,30,FoodMarket_1920x1080_5994_10bit_420
FoodMarket_1920x1080_5994_10bit_420__1280x720__av1__crf40,0.8815369113725156,0.8756839668753994,91.29930763076923,86.75723852307694,13.31792399999999,11.213185999999993,720p,av1,40,FoodMarket_1920x1080_5994_10bit_420
FoodMarket_1920x1080_5994_10bit_420__1280x720__av1__crf50,0.909378183545157,0.9133347093094477,85.55488446153845,79.30352327692307,14.579370999999995,15.61587800000001,720p,av1,50,FoodMarket_1920x1080_5994_10bit_420
FoodMarket_1920x1080_5994_10bit_420__1280x720__av1__crf60,0.9482375539678564,0.9517232103202614,75.7243155153846,65.76492971538461,15.73890800000001,19.507088000000003,720p,av1,60,FoodMarket_1920x1080_5994_10bit_420
FoodMarket_1920x1080_5994_10bit_420__1280x720__h264__crf18,0.935874589630916,0.9278220235846741,96.24095191538461,94.80730046923077,7.107746000000006,8.870227,720p,h264,18,FoodMarket_1920x1080_5994_10bit_420
FoodMarket_1920x1080_5994_10bit_420__1280x720__h264__crf23,0.9230364985912909,0.9179625211474383,91.98254262307692,89.37619448461538,8.653961999999993,9.349487999999994,720p,h264,23,FoodMarket_1920x1080_5994_10bit_420
FoodMarket_1920x1080_5994_10bit_420__1280x720__h264__crf28,0.9371370677747258,0.9291880522802006,83.90368862307693,79.98784053846154,9.991444000000001,11.523832000000013,720p,h264,28,FoodMarket_1920x1080_5994_10bit_420
FoodMarket_1920x1080_5994_10bit_420__1280x720__h264__crf33,0.939930243481014,0.9338728535406458,71.97327083846153,65.97632826923076,11.518256999999991,16.975496000000007,720p,h264,33,FoodMarket_1920x1080_5994_10bit_420
FoodMarket_1920x1080_5994_10bit_420__1280x720__h264__crf38,0.9390670482069569,0.9498614420545332,60.03133476923077,47.13122773846155,12.043522999999993,19.009484999999998,720p,h264,38,FoodMarket_1920x1080_5994_10bit_420
FoodMarket_1920x1080_5994_10bit_420__1280x720__h264__crf43,0.9154132839325356,0.9321888433210961,49.72418599230769,24.76268934615385,13.751979999999996,24.333452,720p,h264,43,FoodMarket_1920x1080_5994_10bit_420
FoodMarket_1920x1080_5994_10bit_420__1280x720__hevc__crf18,0.9349757985387483,0.9194524854900095,95.79927126923076,94.89896839999999,7.790097000000003,9.361649999999997,720p,hevc,18,FoodMarket_1920x1080_5994_10bit_420
FoodMarket_1920x1080_5994_10bit_420__1280x720__hevc__crf23,0.9320760868896514,0.9193858391002911,91.97242351538462,89.90865313846153,10.308897000000002,10.642125000000007,720p,hevc,23,FoodMarket_1920x1080_5994_10bit_420
FoodMarket_1920x1080_5994_10bit_420__1280x720__hevc__crf28,0.9254252214483096,0.9201398002808543,85.38990402307692,81.73302352307692,11.301721999999998,12.716861999999992,720p,hevc,28,FoodMarket_1920x1080_5994_10bit_420
FoodMarket_1920x1080_5994_10bit_420__1280x720__hevc__crf33,0.9111508697906832,0.9154631179203355,75.83495872307694,68.95207463076925,11.847281999999993,14.309595000000002,720p,hevc,33,FoodMarket_1920x1080_5994_10bit_420
FoodMarket_1920x1080_5994_10bit_420__1280x720__hevc__crf38,0.8693548258921083,0.877084814896765,64.8697788076923,51.21253426923077,11.831153,18.947009,720p,hevc,38,FoodMarket_1920x1080_5994_10bit_420
FoodMarket_1920x1080_5994_10bit_420__1280x720__hevc__crf43,0.8148983968498448,0.837244807245369,53.829774192307696,28.874497723076924,12.096354999999996,17.609499,720p,hevc,43,FoodMarket_1920x1080_5994_10bit_420
FoodMarket_1920x1080_5994_10bit_420__1280x720__vp9__crf20,0.9057111387690726,0.8712216040159897,98.47070066153846,97.28857649230768,4.568693999999994,6.916180999999995,720p,vp9,20,FoodMarket_1920x1080_5994_10bit_420
FoodMarket_1920x1080_5994_10bit_420__1280x720__vp9__crf30,0.8951989092598579,0.8865534554222402,96.08618280769231,93.10221297692307,8.346069,12.491876000000005,720p,vp9,30,FoodMarket_1920x1080_5994_10bit_420
FoodMarket_1920x1080_5994_10bit_420__1280x720__vp9__crf40,0.893926039618647,0.9196878522510001,89.91943739999999,83.9700236,14.855479000000003,22.069070999999994,720p,vp9,40,FoodMarket_1920x1080_5994_10bit_420
FoodMarket_1920x1080_5994_10bit_420__1280x720__vp9__crf50,0.9227911862676533,0.9530497332834331,79.62566293076922,69.7128594076923,20.410973999999996,30.005807000000004,720p,vp9,50,FoodMarket_1920x1080_5994_10bit_420
FoodMarket_1920x1080_5994_10bit_420__1280x720__vp9__crf60,0.941158771008612,0.9644998528838653,67.71087976923076,50.381344223076916,22.265246999999995,34.89215599999999,720p,vp9,60,FoodMarket_1920x1080_5994_10bit_420
FoodMarket_1920x1080_5994_10bit_420__1920x1080__av1__crf20,0.65120593787483,0.5345151268302251,99.7384848923077,99.5416882,4.596299999999999,3.169577000000004,1080p,av1,20,FoodMarket_1920x1080_5994_10bit_420
FoodMarket_1920x1080_5994_10bit_420__1920x1080__av1__crf30,0.8392526064140085,0.8218942632918647,98.1352626153846,96.6782345,6.928042000000005,7.240219999999994,1080p,av1,30,FoodMarket_1920x1080_5994_10bit_420
FoodMarket_1920x1080_5994_10bit_420__1920x1080__av1__crf40,0.8506645814602237,0.8399545013802496,95.20806531538463,92.54874736153847,10.519644,8.84098499999999,1080p,av1,40,FoodMarket_1920x1080_5994_10bit_420
FoodMarket_1920x1080_5994_10bit_420__1920x1080__av1__crf50,0.885431468332113,0.8828773853202869,90.77499744615385,86.5977574076923,12.557654999999997,12.373356999999999,1080p,av1,50,FoodMarket_1920x1080_5994_10bit_420
FoodMarket_1920x1080_5994_10bit_420__1920x1080__av1__crf60,0.9255180612496443,0.9248193291593987,82.23196057692307,75.54499586153847,14.992125999999999,17.185557000000003,1080p,av1,60,FoodMarket_1920x1080_5994_10bit_420
FoodMarket_1920x1080_5994_10bit_420__1920x1080__h264__crf18,0.9019835901964991,0.8194974632108261,99.00788836153845,98.46967317692308,3.686257999999995,5.035653999999994,1080p,h264,18,FoodMarket_1920x1080_5994_10bit_420
FoodMarket_1920x1080_5994_10bit_420__1920x1080__h264__crf23,0.9085096763580967,0.8931286054087234,96.10366693076922,94.53414079999999,7.241838999999999,7.216152000000008,1080p,h264,23,FoodMarket_1920x1080_5994_10bit_420
FoodMarket_1920x1080_5994_10bit_420__1920x1080__h264__crf28,0.9130821977085224,0.9050953498653328,89.72907652307691,87.38624319230769,8.691844000000003,9.229821999999999,1080p,h264,28,FoodMarket_1920x1080_5994_10bit_420
FoodMarket_1920x1080_5994_10bit_420__1920x1080__h264__crf33,0.9394363701840546,0.9288710269904651,79.09704106153846,75.95434104615386,10.290825000000012,12.407824999999988,1080p,h264,33,FoodMarket_1920x1080_5994_10bit_420
FoodMarket_1920x1080_5994_10bit_420__1920x1080__h264__crf38,0.9551452365978393,0.962828515388288,66.88910913846154,59.668249884615385,12.694797999999999,18.042203000000008,1080p,h264,38,FoodMarket_1920x1080_5994_10bit_420
FoodMarket_1920x1080_5994_10bit_420__1920x1080__h264__crf43,0.9343843857970446,0.9540852085935859,57.04488358461538,39.69308118461539,14.985288000000004,26.028644000000003,1080p,h264,43,FoodMarket_1920x1080_5994_10bit_420
FoodMarket_1920x1080_5994_10bit_420__1920x1080__hevc__crf18,0.9331235796180917,0.8713387946129405,98.62737102307692,98.36501228461537,4.134180000000001,4.904453000000004,1080p,hevc,18,FoodMarket_1920x1080_5994_10bit_420
FoodMarket_1920x1080_5994_10bit_420__1920x1080__hevc__crf23,0.9026864855978447,0.8830029563789353,95.94807232307693,94.64406639230769,7.863665999999995,8.896072000000004,1080p,hevc,23,FoodMarket_1920x1080_5994_10bit_420
FoodMarket_1920x1080_5994_10bit_420__1920x1080__hevc__crf28,0.893069287425993,0.8773893361075606,91.04806923076923,88.49989573846153,9.733991000000003,9.379729000000012,1080p,hevc,28,FoodMarket_1920x1080_5994_10bit_420
FoodMarket_1920x1080_5994_10bit_420__1920x1080__hevc__crf33,0.8913290985231066,0.8871357124418358,82.91703120000001,78.4528761076923,10.672460000000001,12.808505000000011,1080p,hevc,33,FoodMarket_1920x1080_5994_10bit_420
FoodMarket_1920x1080_5994_10bit_420__1920x1080__hevc__crf38,0.8757486104544445,0.879158986229548,72.45843913076924,63.43627503076924,11.774719000000005,15.280436999999992,1080p,hevc,38,FoodMarket_1920x1080_5994_10bit_420
FoodMarket_1920x1080_5994_10bit_420__1920x1080__hevc__crf43,0.877431641301608,0.8854559809199438,61.62000953846154,44.68696063846153,10.818828999999994,15.283565000000003,1080p,hevc,43,FoodMarket_1920x1080_5994_10bit_420
FoodMarket_1920x1080_5994_10bit_420__1920x1080__vp9__crf20,0.8471212749857664,0.45822048240607116,99.94580214615382,99.84344022307693,0.9950149999999951,1.8002759999999967,1080p,vp9,20,FoodMarket_1920x1080_5994_10bit_420
FoodMarket_1920x1080_5994_10bit_420__1920x1080__vp9__crf30,0.8956657344756747,0.8713619002173147,98.70708938461539,97.14781269230768,4.089173000000002,7.1910019999999975,1080p,vp9,30,FoodMarket_1920x1080_5994_10bit_420
FoodMarket_1920x1080_5994_10bit_420__1920x1080__vp9__crf40,0.8710224603614113,0.8649583143589823,95.00946804615386,90.78178184615385,9.263416000000007,15.472188000000003,1080p,vp9,40,FoodMarket_1920x1080_5994_10bit_420
FoodMarket_1920x1080_5994_10bit_420__1920x1080__vp9__crf50,0.9057547955414612,0.9350720014342268,86.93020625384614,79.74791693076924,16.223028,24.097009,1080p,vp9,50,FoodMarket_1920x1080_5994_10bit_420
FoodMarket_1920x1080_5994_10bit_420__1920x1080__vp9__crf60,0.947358196720435,0.9679781323784019,75.12429925384615,62.65551396153846,22.076644,31.848879999999994,1080p,vp9,60,FoodMarket_1920x1080_5994_10bit_420
FoodMarket_1920x1080_5994_10bit_420__640x360__av1__crf20,0.8892533534751879,0.8845802490612276,84.57191106153846,78.77172691538462,11.394540000000006,11.133713999999998,360p,av1,20,FoodMarket_1920x1080_5994_10bit_420
FoodMarket_1920x1080_5994_10bit_420__640x360__av1__crf30,0.876558008696537,0.8713829957177163,81.14969411538462,73.4310168923077,13.339187999999993,12.292360000000002,360p,av1,30,FoodMarket_1920x1080_5994_10bit_420
FoodMarket_1920x1080_5994_10bit_420__640x360__av1__crf40,0.868748348296957,0.8713429796557185,75.49270322307692,65.51750430000001,14.652914999999993,14.104014,360p,av1,40,FoodMarket_1920x1080_5994_10bit_420
FoodMarket_1920x1080_5994_10bit_420__640x360__av1__crf50,0.9293404276308715,0.9314843341014214,69.4435053076923,57.00697801538462,15.126466000000008,18.48270699999999,360p,av1,50,FoodMarket_1920x1080_5994_10bit_420
FoodMarket_1920x1080_5994_10bit_420__640x360__av1__crf60,0.9371519087068356,0.9429687549167284,59.59807176153846,40.11329133076923,16.185123999999995,25.353464,360p,av1,60,FoodMarket_1920x1080_5994_10bit_420
FoodMarket_1920x1080_5994_10bit_420__640x360__h264__crf18,0.9567271817936052,0.9575508105785979,81.74077496923077,74.83850162307692,11.814538999999996,13.942316000000005,360p,h264,18,FoodMarket_1920x1080_5994_10bit_420
FoodMarket_1920x1080_5994_10bit_420__640x360__h264__crf23,0.9349918749611545,0.9435681629871545,74.9732388923077,65.21492673846154,12.037241000000009,14.347354000000003,360p,h264,23,FoodMarket_1920x1080_5994_10bit_420
FoodMarket_1920x1080_5994_10bit_420__640x360__h264__crf28,0.9120674326238115,0.9232900935278031,65.23093713846154,51.38027513076922,11.209412,15.768270000000001,360p,h264,28,FoodMarket_1920x1080_5994_10bit_420
FoodMarket_1920x1080_5994_10bit_420__640x360__h264__crf33,0.8877649382286278,0.9024315912060012,54.939507738461536,33.971796838461536,11.529778999999998,17.020321000000003,360p,h264,33,FoodMarket_1920x1080_5994_10bit_420
FoodMarket_1920x1080_5994_10bit_420__640x360__h264__crf38,0.8739835382478948,0.8878779675826057,46.07540441538462,14.594528676923076,11.503959000000002,18.367574,360p,h264,38,FoodMarket_1920x1080_5994_10bit_420
FoodMarket_1920x1080_5994_10bit_420__640x360__h264__crf43,0.42032649008576833,0.7229159457020189,37.59787646923077,0.17666343846153845,10.543669999999999,7.266654,360p,h264,43,FoodMarket_1920x1080_5994_10bit_420
FoodMarket_1920x1080_5994_10bit_420__640x360__hevc__crf18,0.9542076050882019,0.9439928492477401,81.23554775384616,76.48713402307693,12.234286999999995,14.097296999999998,360p,hevc,18,FoodMarket_1920x1080_5994_10bit_420
FoodMarket_1920x1080_5994_10bit_420__640x360__hevc__crf23,0.9403512997353799,0.9468931754866178,75.17564904615384,68.2847284,13.318639000000005,14.847074,360p,hevc,23,FoodMarket_1920x1080_5994_10bit_420
FoodMarket_1920x1080_5994_10bit_420__640x360__hevc__crf28,0.9317132700135512,0.9352870544661926,66.81105733846152,56.7634373,11.970385999999998,16.405906,360p,hevc,28,FoodMarket_1920x1080_5994_10bit_420
FoodMarket_1920x1080_5994_10bit_420__640x360__hevc__crf33,0.9101708283614292,0.9213831120247613,57.693935446153844,40.3759224,10.848686999999991,16.791914999999996,360p,hevc,33,FoodMarket_1920x1080_5994_10bit_420
FoodMarket_1920x1080_5994_10bit_420__640x360__hevc__crf38,0.8208120432446715,0.8617567774214405,49.60108020769231,20.227952515384615,10.954380999999998,19.1303,360p,hevc,38,FoodMarket_1920x1080_5994_10bit_420
FoodMarket_1920x1080_5994_10bit_420__640x360__hevc__crf43,0.6288272843283399,0.8500462070239565,39.70981992307692,0.31502888461538464,11.079571000000001,6.753075,360p,hevc,43,FoodMarket_1920x1080_5994_10bit_420
FoodMarket_1920x1080_5994_10bit_420__640x360__vp9__crf20,0.9325181817729271,0.9387347342797888,85.58458780769232,80.82526954615383,9.957197000000008,13.952956999999998,360p,vp9,20,FoodMarket_1920x1080_5994_10bit_420
FoodMarket_1920x1080_5994_10bit_420__640x360__vp9__crf30,0.9464960634672955,0.9601964354988168,80.96616674615383,74.50656512307692,14.048830999999993,18.488512999999998,360p,vp9,30,FoodMarket_1920x1080_5994_10bit_420
FoodMarket_1920x1080_5994_10bit_420__640x360__vp9__crf40,0.9567797547693713,0.9679364766317001,71.75932099230768,61.28669006923077,20.742310000000003,29.255064000000004,360p,vp9,40,FoodMarket_1920x1080_5994_10bit_420
FoodMarket_1920x1080_5994_10bit_420__640x360__vp9__crf50,0.9551219662928949,0.9730439145777166,60.80770883846154,42.01467166153846,23.430755000000005,36.510427,360p,vp9,50,FoodMarket_1920x1080_5994_10bit_420
FoodMarket_1920x1080_5994_10bit_420__640x360__vp9__crf60,0.9570255714664148,0.9701139243075136,51.22557864615385,19.843532553846153,22.611673000000003,39.763372,360p,vp9,60,FoodMarket_1920x1080_5994_10bit_420
FoodMarket_1920x1080_5994_10bit_420__960x540__av1__crf20,0.8566680041697776,0.8428468567148708,94.11981105384615,90.69738807692308,10.789968000000002,9.186885999999987,540p,av1,20,FoodMarket_1920x1080_5994_10bit_420
FoodMarket_1920x1080_5994_10bit_420__960x540__av1__crf30,0.8502519033710045,0.8368328742687262,91.72307770769233,86.7454263153846,12.595420000000004,9.492638,540p,av1,30,FoodMarket_1920x1080_5994_10bit_420
FoodMarket_1920x1080_5994_10bit_420__960x540__av1__crf40,0.8639854484692834,0.8549602787890468,86.81279963076922,80.11215279999999,14.483426000000009,11.205946000000012,540p,av1,40,FoodMarket_1920x1080_5994_10bit_420
FoodMarket_1920x1080_5994_10bit_420__960x540__av1__crf50,0.9088053958184735,0.9083454912692701,80.67819480000001,72.37076783076924,15.923856,15.05668,540p,av1,50,FoodMarket_1920x1080_5994_10bit_420
FoodMarket_1920x1080_5994_10bit_420__960x540__av1__crf60,0.9375922597909105,0.936321500434646,70.34032051538462,58.010373146153846,15.430012000000005,19.59508499999999,540p,av1,60,FoodMarket_1920x1080_5994_10bit_420
FoodMarket_1920x1080_5994_10bit_420__960x540__h264__crf18,0.9493158431858888,0.9424694872790813,91.91554258461538,89.00003489999999,9.515826000000004,10.46839,540p,h264,18,FoodMarket_1920x1080_5994_10bit_420
FoodMarket_1920x1080_5994_10bit_420__960x540__h264__crf23,0.946694606826298,0.9399822366826831,86.55760177692308,81.85251742307692,10.450659000000002,11.295246000000006,540p,h264,23,FoodMarket_1920x1080_5994_10bit_420
FoodMarket_1920x1080_5994_10bit_420__960x540__h264__crf28,0.9473115467955252,0.9411868473840745,77.28177171538461,70.47349033076924,10.095103999999992,13.236286000000007,540p,h264,28,FoodMarket_1920x1080_5994_10bit_420
FoodMarket_1920x1080_5994_10bit_420__960x540__h264__crf33,0.9406891615158554,0.9358999032826691,65.47337712307693,54.71395969230769,11.083039999999997,16.299754999999998,540p,h264,33,FoodMarket_1920x1080_5994_10bit_420
FoodMarket_1920x1080_5994_10bit_420__960x540__h264__crf38,0.9337426307399924,0.9431892452760879,54.49128433076923,35.10555685384616,11.526652999999996,20.582752,540p,h264,38,FoodMarket_1920x1080_5994_10bit_420
FoodMarket_1920x1080_5994_10bit_420__960x540__h264__crf43,0.9140874942511333,0.9216046605593134,44.84449473076922,12.598637246153846,13.783634999999997,20.680647,540p,h264,43,FoodMarket_1920x1080_5994_10bit_420
FoodMarket_1920x1080_5994_10bit_420__960x540__hevc__crf18,0.9411358919322357,0.9252732448628315,91.58953747692307,89.65228351538462,10.494164999999995,11.920558,540p,hevc,18,FoodMarket_1920x1080_5994_10bit_420
FoodMarket_1920x1080_5994_10bit_420__960x540__hevc__crf23,0.937387852642773,0.9297402179443458,86.80493417692308,83.31798038461538,11.364024,12.652361999999997,540p,hevc,23,FoodMarket_1920x1080_5994_10bit_420
FoodMarket_1920x1080_5994_10bit_420__960x540__hevc__crf28,0.9339790306095436,0.9264981202602192,79.25560165384614,73.33328505384614,12.478964000000005,16.171346999999997,540p,hevc,28,FoodMarket_1920x1080_5994_10bit_420
FoodMarket_1920x1080_5994_10bit_420__960x540__hevc__crf33,0.9307852072660381,0.9314755966723391,69.11418505384616,58.8951711,11.654226999999992,15.997876000000005,540p,hevc,33,FoodMarket_1920x1080_5994_10bit_420
FoodMarket_1920x1080_5994_10bit_420__960x540__hevc__crf38,0.8892774765067422,0.8980969132939469,59.09319104615385,39.99865218461537,12.219159999999995,17.954684999999998,540p,hevc,38,FoodMarket_1920x1080_5994_10bit_420
FoodMarket_1920x1080_5994_10bit_420__960x540__hevc__crf43,0.8464862486073402,0.8672102867413177,49.0489671,16.778588338461542,13.034697000000001,17.269619,540p,hevc,43,FoodMarket_1920x1080_5994_10bit_420
FoodMarket_1920x1080_5994_10bit_420__960x540__vp9__crf20,0.9095851817325216,0.9148117794679864,94.93043456923078,92.65449897692307,8.300595000000001,11.276936000000006,540p,vp9,20,FoodMarket_1920x1080_5994_10bit_420
FoodMarket_1920x1080_5994_10bit_420__960x540__vp9__crf30,0.9131349281949912,0.9239218107520829,91.65992363846154,87.69754403076922,10.942785999999998,16.297294000000008,540p,vp9,30,FoodMarket_1920x1080_5994_10bit_420
FoodMarket_1920x1080_5994_10bit_420__960x540__vp9__crf40,0.9265059394164866,0.9506027433988324,84.11954253846153,76.83777717692308,17.511286,25.311994999999996,540p,vp9,40,FoodMarket_1920x1080_5994_10bit_420
FoodMarket_1920x1080_5994_10bit_420__960x540__vp9__crf50,0.9557792140332457,0.9641714914572388,72.70364193076924,60.407848592307694,23.662166,32.728781,540p,vp9,50,FoodMarket_1920x1080_5994_10bit_420
FoodMarket_1920x1080_5994_10bit_420__960x540__vp9__crf60,0.9392243074876075,0.9567753736856108,61.67390084615385,39.15406839230769,23.369260000000004,37.581879,540p,vp9,60,FoodMarket_1920x1080_5994_10bit_420
MeridianTalk_sdr_1920x1080p_5994_10bit__1280x720__av1__crf20,0.8105751451329865,0.795722708813939,94.3050260076923,91.42845677692307,3.6288880000000034,3.253609999999995,720p,av1,20,MeridianTalk_sdr_1920x1080p_5994_10bit
MeridianTalk_sdr_1920x1080p_5994_10bit__1280x720__av1__crf30,0.7033133445451738,0.6946770386350336,92.81182594615386,88.8924196,3.908704,4.123387999999991,720p,av1,30,MeridianTalk_sdr_1920x1080p_5994_10bit
MeridianTalk_sdr_1920x1080p_5994_10bit__1280x720__av1__crf40,0.7987455992379914,0.8047825705058385,90.25181785384616,85.81605463846154,4.587638999999996,6.175713999999999,720p,av1,40,MeridianTalk_sdr_1920x1080p_5994_10bit
MeridianTalk_sdr_1920x1080p_5994_10bit__1280x720__av1__crf50,0.8918769244275443,0.8975583946873864,87.27999574615384,81.96853614615384,6.549205999999998,6.961242999999996,720p,av1,50,MeridianTalk_sdr_1920x1080p_5994_10bit
MeridianTalk_sdr_1920x1080p_5994_10bit__1280x720__av1__crf60,0.9212820368458813,0.925856340238619,81.64709736923078,75.31836407692306,8.94135,8.549499999999995,720p,av1,60,MeridianTalk_sdr_1920x1080p_5994_10bit
MeridianTalk_sdr_1920x1080p_5994_10bit__1280x720__h264__crf18,0.7938969899800886,0.7979522178770889,93.5306784076923,90.12014967692309,3.2347450000000038,3.6205830000000105,720p,h264,18,MeridianTalk_sdr_1920x1080p_5994_10bit
MeridianTalk_sdr_1920x1080p_5994_10bit__1280x720__h264__crf23,0.8160399050355884,0.8191749013508718,89.81372778461538,84.52647266923077,5.447879,7.173997999999997,720p,h264,23,MeridianTalk_sdr_1920x1080p_5994_10bit
MeridianTalk_sdr_1920x1080p_5994_10bit__1280x720__h264__crf28,0.716903057912443,0.7089095858294039,83.82942289230769,76.49104083076924,6.365203999999991,6.8523600000000044,720p,h264,28,MeridianTalk_sdr_1920x1080p_5994_10bit
MeridianTalk_sdr_1920x1080p_5994_10bit__1280x720__h264__crf33,0.802915501621265,0.7833814616826363,74.89455901538462,66.62221439999999,6.457331000000011,8.733741999999992,720p,h264,33,MeridianTalk_sdr_1920x1080p_5994_10bit
MeridianTalk_sdr_1920x1080p_5994_10bit__1280x720__h264__crf38,0.9168190617230827,0.9217128165417213,63.60698943076923,50.22664655384616,5.537466999999992,10.337093000000003,720p,h264,38,MeridianTalk_sdr_1920x1080p_5994_10bit
MeridianTalk_sdr_1920x1080p_5994_10bit__1280x720__h264__crf43,0.9430643486848657,0.9616960197568231,51.92058386923077,33.18849118461539,4.934671999999999,8.584211,720p,h264,43,MeridianTalk_sdr_1920x1080p_5994_10bit
MeridianTalk_sdr_1920x1080p_5994_10bit__1280x720__hevc__crf18,0.859646556181727,0.8467284993303631,93.46199661538462,90.30418600769232,2.2359670000000023,3.9128589999999974,720p,hevc,18,MeridianTalk_sdr_1920x1080p_5994_10bit
MeridianTalk_sdr_1920x1080p_5994_10bit__1280x720__hevc__crf23,0.631164964942423,0.6188721318925356,90.41486707692307,85.56016197692308,3.155953999999994,3.8870040000000046,720p,hevc,23,MeridianTalk_sdr_1920x1080p_5994_10bit
MeridianTalk_sdr_1920x1080p_5994_10bit__1280x720__hevc__crf28,0.22402762773717133,0.19784056724963955,85.42288225384615,78.20124473076925,5.151484999999994,4.933745999999999,720p,hevc,28,MeridianTalk_sdr_1920x1080p_5994_10bit
MeridianTalk_sdr_1920x1080p_5994_10bit__1280x720__hevc__crf33,0.3552258735119399,0.32175374351928937,77.72201009230768,66.81980145384615,7.167327999999998,8.097641000000003,720p,hevc,33,MeridianTalk_sdr_1920x1080p_5994_10bit
MeridianTalk_sdr_1920x1080p_5994_10bit__1280x720__hevc__crf38,0.9084087374985595,0.9263036778006105,67.85207620000001,54.22901966153846,7.390438000000003,11.574959999999997,720p,hevc,38,MeridianTalk_sdr_1920x1080p_5994_10bit
MeridianTalk_sdr_1920x1080p_5994_10bit__1280x720__hevc__crf43,0.886161952691272,0.9072590068788302,56.328687961538456,39.81438123846154,8.124401000000006,12.749991000000001,720p,hevc,43,MeridianTalk_sdr_1920x1080p_5994_10bit
MeridianTalk_sdr_1920x1080p_5994_10bit__1280x720__vp9__crf20,0.9030774924096328,0.8987363308775668,94.97170584615385,91.30201680769231,2.850314999999995,7.125017,720p,vp9,20,MeridianTalk_sdr_1920x1080p_5994_10bit
MeridianTalk_sdr_1920x1080p_5994_10bit__1280x720__vp9__crf30,0.9154492338524879,0.9133582357392898,93.11866029230768,87.85179504615385,4.479141999999996,8.687223000000003,720p,vp9,30,MeridianTalk_sdr_1920x1080p_5994_10bit
MeridianTalk_sdr_1920x1080p_5994_10bit__1280x720__vp9__crf40,0.9338578852669764,0.9319340791475128,89.19798014615384,81.18906985384615,7.728853000000001,11.214603999999994,720p,vp9,40,MeridianTalk_sdr_1920x1080p_5994_10bit
MeridianTalk_sdr_1920x1080p_5994_10bit__1280x720__vp9__crf50,0.9247090378131121,0.9158766275004934,82.55232897692306,69.60139200769233,10.270914999999988,15.966784999999994,720p,vp9,50,MeridianTalk_sdr_1920x1080p_5994_10bit
MeridianTalk_sdr_1920x1080p_5994_10bit__1280x720__vp9__crf60,0.9640776049893369,0.9705146198550633,72.0477461923077,55.10290426923078,13.118043999999998,18.823407000000003,720p,vp9,60,MeridianTalk_sdr_1920x1080p_5994_10bit
MeridianTalk_sdr_1920x1080p_5994_10bit__1920x1080__av1__crf20,0.8159625788086656,0.7921419179013692,97.4818668153846,95.22464589999998,3.825702000000007,2.9568220000000025,1080p,av1,20,MeridianTalk_sdr_1920x1080p_5994_10bit
MeridianTalk_sdr_1920x1080p_5994_10bit__1920x1080__av1__crf30,0.7447008440368317,0.7197128096252935,96.31120957692309,93.25624042307693,4.296408,3.5775409999999965,1080p,av1,30,MeridianTalk_sdr_1920x1080p_5994_10bit
MeridianTalk_sdr_1920x1080p_5994_10bit__1920x1080__av1__crf40,0.7054151169849349,0.700101806169686,94.42966979230769,90.45963598461539,4.671160999999998,5.458717000000007,1080p,av1,40,MeridianTalk_sdr_1920x1080p_5994_10bit
MeridianTalk_sdr_1920x1080p_5994_10bit__1920x1080__av1__crf50,0.825450426881413,0.8276184691346129,91.74952016923078,87.31558876923076,5.592074999999994,5.671990000000008,1080p,av1,50,MeridianTalk_sdr_1920x1080p_5994_10bit
MeridianTalk_sdr_1920x1080p_5994_10bit__1920x1080__av1__crf60,0.9345852818068542,0.9380280547084741,86.94185238461539,81.32676996923077,8.450433000000004,8.697496999999998,1080p,av1,60,MeridianTalk_sdr_1920x1080p_5994_10bit
MeridianTalk_sdr_1920x1080p_5994_10bit__1920x1080__h264__crf18,0.7689871310567281,0.7888316411274778,97.21458795384615,94.8084274076923,2.3273679999999928,2.875963999999996,1080p,h264,18,MeridianTalk_sdr_1920x1080p_5994_10bit
MeridianTalk_sdr_1920x1080p_5994_10bit__1920x1080__h264__crf23,0.6362416537763903,0.6436849338395334,94.38752943846154,90.4455619153846,3.165949999999995,3.323627000000002,1080p,h264,23,MeridianTalk_sdr_1920x1080p_5994_10bit
MeridianTalk_sdr_1920x1080p_5994_10bit__1920x1080__h264__crf28,0.5753810538508741,0.5636205839730694,89.38597068461539,83.77319986153847,4.754718999999994,5.390878999999998,1080p,h264,28,MeridianTalk_sdr_1920x1080p_5994_10bit
MeridianTalk_sdr_1920x1080p_5994_10bit__1920x1080__h264__crf33,0.5162978647988721,0.48996517759473684,81.36584546153846,73.5433669076923,4.698658999999992,6.076744000000005,1080p,h264,33,MeridianTalk_sdr_1920x1080p_5994_10bit
MeridianTalk_sdr_1920x1080p_5994_10bit__1920x1080__h264__crf38,0.6624990852860816,0.6197415807306911,70.74370950000001,60.04449333076923,5.635173000000009,7.275962999999997,1080p,h264,38,MeridianTalk_sdr_1920x1080p_5994_10bit
MeridianTalk_sdr_1920x1080p_5994_10bit__1920x1080__h264__crf43,0.9039568541604848,0.921105374456345,57.71873531538463,42.39445316153846,4.5682040000000015,6.941129000000004,1080p,h264,43,MeridianTalk_sdr_1920x1080p_5994_10bit
MeridianTalk_sdr_1920x1080p_5994_10bit__1920x1080__hevc__crf18,0.8649644655925742,0.8481807527054535,96.90868312307693,94.54089874615384,1.7231450000000024,3.152321999999998,1080p,hevc,18,MeridianTalk_sdr_1920x1080p_5994_10bit
MeridianTalk_sdr_1920x1080p_5994_10bit__1920x1080__hevc__crf23,0.545160027875985,0.5338044177814705,94.70622365384617,90.58480384615386,2.6187299999999993,3.294331999999997,1080p,hevc,23,MeridianTalk_sdr_1920x1080p_5994_10bit
MeridianTalk_sdr_1920x1080p_5994_10bit__1920x1080__hevc__crf28,0.2064047581135805,0.19151424855434585,90.64334721538461,83.85680253076923,4.436121,3.130627000000004,1080p,hevc,28,MeridianTalk_sdr_1920x1080p_5994_10bit
MeridianTalk_sdr_1920x1080p_5994_10bit__1920x1080__hevc__crf33,0.5262350235212667,0.5137028238046817,84.04867173076923,76.1030263,6.480547999999999,7.125250999999992,1080p,hevc,33,MeridianTalk_sdr_1920x1080p_5994_10bit
MeridianTalk_sdr_1920x1080p_5994_10bit__1920x1080__hevc__crf38,0.5977350198624312,0.569279401667613,74.32839534615385,62.66342417692308,6.283383999999998,7.431908999999997,1080p,hevc,38,MeridianTalk_sdr_1920x1080p_5994_10bit
MeridianTalk_sdr_1920x1080p_5994_10bit__1920x1080__hevc__crf43,0.900901752367435,0.9041342905535231,62.47563528461539,50.565951315384616,6.264195000000001,10.316627000000004,1080p,hevc,43,MeridianTalk_sdr_1920x1080p_5994_10bit
MeridianTalk_sdr_1920x1080p_5994_10bit__1920x1080__vp9__crf20,0.9428116009718368,0.9053188889399475,98.12430304615386,94.73080903076922,2.6930169999999976,7.033676999999997,1080p,vp9,20,MeridianTalk_sdr_1920x1080p_5994_10bit
MeridianTalk_sdr_1920x1080p_5994_10bit__1920x1080__vp9__crf30,0.8757923800646541,0.8690144903301933,96.71313190769231,91.96869750769231,3.7626029999999986,9.152935,1080p,vp9,30,MeridianTalk_sdr_1920x1080p_5994_10bit
MeridianTalk_sdr_1920x1080p_5994_10bit__1920x1080__vp9__crf40,0.9184147764701462,0.9194652494090182,93.85926218461539,86.60557244615384,6.15844899999999,10.275460999999993,1080p,vp9,40,MeridianTalk_sdr_1920x1080p_5994_10bit
MeridianTalk_sdr_1920x1080p_5994_10bit__1920x1080__vp9__crf50,0.8898189429214214,0.8854610853522688,88.6919459,77.4020746,8.606132000000002,13.188447999999994,1080p,vp9,50,MeridianTalk_sdr_1920x1080p_5994_10bit
MeridianTalk_sdr_1920x1080p_5994_10bit__1920x1080__vp9__crf60,0.9321008226356169,0.9328905431152626,79.29785663846154,64.2461487076923,13.747006999999996,17.438972,1080p,vp9,60,MeridianTalk_sdr_1920x1080p_5994_10bit
MeridianTalk_sdr_1920x1080p_5994_10bit__640x360__av1__crf20,0.7017619887143227,0.7073182589855734,83.02862427692307,76.94531811538461,4.018506000000002,4.5702500000000015,360p,av1,20,MeridianTalk_sdr_1920x1080p_5994_10bit
MeridianTalk_sdr_1920x1080p_5994_10bit__640x360__av1__crf30,0.6548371115463606,0.6699721752417364,80.86234517692309,73.74229265384615,4.027347000000006,4.703310000000002,360p,av1,30,MeridianTalk_sdr_1920x1080p_5994_10bit
MeridianTalk_sdr_1920x1080p_5994_10bit__640x360__av1__crf40,0.8483112165377608,0.8630624443566315,77.46484494615385,70.47276728461539,5.129830999999996,5.533665000000013,360p,av1,40,MeridianTalk_sdr_1920x1080p_5994_10bit
MeridianTalk_sdr_1920x1080p_5994_10bit__640x360__av1__crf50,0.9015961812095749,0.9135945885816753,74.17049917692309,66.0077618076923,7.6706450000000075,9.022931999999997,360p,av1,50,MeridianTalk_sdr_1920x1080p_5994_10bit
MeridianTalk_sdr_1920x1080p_5994_10bit__640x360__av1__crf60,0.9512138642412377,0.954298495981514,67.50462453846154,58.950452476923076,8.506545999999993,9.420031000000002,360p,av1,60,MeridianTalk_sdr_1920x1080p_5994_10bit
MeridianTalk_sdr_1920x1080p_5994_10bit__640x360__h264__crf18,0.9035650681288884,0.9030545401670453,80.87430293076923,73.02823531538463,6.786222000000009,9.155422000000002,360p,h264,18,MeridianTalk_sdr_1920x1080p_5994_10bit
MeridianTalk_sdr_1920x1080p_5994_10bit__640x360__h264__crf23,0.9201584285517452,0.9213233833119451,75.12260672307691,64.87494243846155,8.833453000000006,11.792383999999998,360p,h264,23,MeridianTalk_sdr_1920x1080p_5994_10bit
MeridianTalk_sdr_1920x1080p_5994_10bit__640x360__h264__crf28,0.9372809202285153,0.9372745531587718,67.00994275384615,54.28313083076923,9.447647000000003,14.374662999999998,360p,h264,28,MeridianTalk_sdr_1920x1080p_5994_10bit
MeridianTalk_sdr_1920x1080p_5994_10bit__640x360__h264__crf33,0.9634712636113799,0.9647976060145899,57.86330676153847,40.96214535384616,7.936033999999999,10.749261000000004,360p,h264,33,MeridianTalk_sdr_1920x1080p_5994_10bit
MeridianTalk_sdr_1920x1080p_5994_10bit__640x360__h264__crf38,0.8785196359485935,0.9053981080279848,47.666793653846156,25.364458515384616,3.9865199999999987,8.126397,360p,h264,38,MeridianTalk_sdr_1920x1080p_5994_10bit
MeridianTalk_sdr_1920x1080p_5994_10bit__640x360__h264__crf43,0.5400888342455428,0.6049184909876645,36.062467338461545,8.347631284615384,2.9111890000000002,8.804506,360p,h264,43,MeridianTalk_sdr_1920x1080p_5994_10bit
MeridianTalk_sdr_1920x1080p_5994_10bit__640x360__hevc__crf18,0.837559327123413,0.8304792885192793,80.83990684615385,74.75700990769231,3.9788879999999978,4.254350000000002,360p,hevc,18,MeridianTalk_sdr_1920x1080p_5994_10bit
MeridianTalk_sdr_1920x1080p_5994_10bit__640x360__hevc__crf23,0.8198441921148503,0.8068559929385278,76.07464543846153,67.92189276923077,5.713232999999988,6.438282999999998,360p,hevc,23,MeridianTalk_sdr_1920x1080p_5994_10bit
MeridianTalk_sdr_1920x1080p_5994_10bit__640x360__hevc__crf28,0.7585313345024843,0.7561858940682121,69.33625168461538,56.25236021538462,7.816761,9.673617999999998,360p,hevc,28,MeridianTalk_sdr_1920x1080p_5994_10bit
MeridianTalk_sdr_1920x1080p_5994_10bit__640x360__hevc__crf33,0.9265655423012407,0.9287127766542871,60.54586507692308,46.25766101538461,7.557776999999994,11.829222999999999,360p,hevc,33,MeridianTalk_sdr_1920x1080p_5994_10bit
MeridianTalk_sdr_1920x1080p_5994_10bit__640x360__hevc__crf38,0.8127077369998866,0.8181437821771458,51.40227707692308,29.795274746153844,6.520398999999998,8.141292,360p,hevc,38,MeridianTalk_sdr_1920x1080p_5994_10bit
MeridianTalk_sdr_1920x1080p_5994_10bit__640x360__hevc__crf43,0.8006805542073554,0.8159965615293863,39.4646691076923,12.108640023076925,4.431486999999997,7.661609,360p,hevc,43,MeridianTalk_sdr_1920x1080p_5994_10bit
MeridianTalk_sdr_1920x1080p_5994_10bit__640x360__vp9__crf20,0.8829001692988804,0.8793849075681645,83.52598222307691,77.6097981923077,4.47267699999999,7.470896999999994,360p,vp9,20,MeridianTalk_sdr_1920x1080p_5994_10bit
MeridianTalk_sdr_1920x1080p_5994_10bit__640x360__vp9__crf30,0.8455954470084093,0.8371141840820956,80.29840276153845,71.59267546153846,7.258312000000004,11.181747000000001,360p,vp9,30,MeridianTalk_sdr_1920x1080p_5994_10bit
MeridianTalk_sdr_1920x1080p_5994_10bit__640x360__vp9__crf40,0.946179551381652,0.9464158181731447,74.31901086153847,62.04030685384615,10.10750800000001,14.242099000000003,360p,vp9,40,MeridianTalk_sdr_1920x1080p_5994_10bit
MeridianTalk_sdr_1920x1080p_5994_10bit__640x360__vp9__crf50,0.952755565512864,0.9564071546871672,65.81169335384615,46.55423731538462,11.759982999999991,16.933893999999995,360p,vp9,50,MeridianTalk_sdr_1920x1080p_5994_10bit
MeridianTalk_sdr_1920x1080p_5994_10bit__640x360__vp9__crf60,0.9579552787466643,0.9631325535333092,55.9096135,32.56981389230769,11.180050000000001,18.116960000000002,360p,vp9,60,MeridianTalk_sdr_1920x1080p_5994_10bit
MeridianTalk_sdr_1920x1080p_5994_10bit__960x540__av1__crf20,0.7137365883454078,0.7129968603990566,90.70180269230771,86.52609925384616,3.760478000000006,3.6798069999999967,540p,av1,20,MeridianTalk_sdr_1920x1080p_5994_10bit
MeridianTalk_sdr_1920x1080p_5994_10bit__960x540__av1__crf30,0.6975404933349526,0.6972725065773259,89.03610863076923,83.96721991538462,4.054969999999997,3.9559950000000015,540p,av1,30,MeridianTalk_sdr_1920x1080p_5994_10bit
MeridianTalk_sdr_1920x1080p_5994_10bit__960x540__av1__crf40,0.770799280950417,0.7838199220033627,86.27930973076923,81.14029557692308,4.814492000000001,5.928191999999996,540p,av1,40,MeridianTalk_sdr_1920x1080p_5994_10bit
MeridianTalk_sdr_1920x1080p_5994_10bit__960x540__av1__crf50,0.9065787929582563,0.9180675300521209,82.95545102307693,77.34414479230769,6.404654999999991,7.590488999999991,540p,av1,50,MeridianTalk_sdr_1920x1080p_5994_10bit
MeridianTalk_sdr_1920x1080p_5994_10bit__960x540__av1__crf60,0.9203386873674114,0.9281150559623488,76.8170681076923,70.06877341538463,9.651960000000003,10.733750999999998,540p,av1,60,MeridianTalk_sdr_1920x1080p_5994_10bit
MeridianTalk_sdr_1920x1080p_5994_10bit__960x540__h264__crf18,0.8727803937426817,0.8641606380053151,89.38355804615385,83.46419366153846,4.615066999999996,5.652731000000003,540p,h264,18,MeridianTalk_sdr_1920x1080p_5994_10bit
MeridianTalk_sdr_1920x1080p_5994_10bit__960x540__h264__crf23,0.9070932966038399,0.9073841640572635,84.69770967692308,76.57486661538461,6.714207999999999,8.500323000000009,540p,h264,23,MeridianTalk_sdr_1920x1080p_5994_10bit
MeridianTalk_sdr_1920x1080p_5994_10bit__960x540__h264__crf28,0.8816440377473355,0.8830085519604126,77.41584274615386,66.91204715384615,7.858598000000001,8.795557000000002,540p,h264,28,MeridianTalk_sdr_1920x1080p_5994_10bit
MeridianTalk_sdr_1920x1080p_5994_10bit__960x540__h264__crf33,0.7608488891811426,0.7523711614959019,67.76215241538462,56.3688037076923,6.929935999999998,7.720984999999999,540p,h264,33,MeridianTalk_sdr_1920x1080p_5994_10bit
MeridianTalk_sdr_1920x1080p_5994_10bit__960x540__h264__crf38,0.9385309916694425,0.935574019904554,57.402561846153844,41.083236538461534,5.7765249999999995,11.604781000000003,540p,h264,38,MeridianTalk_sdr_1920x1080p_5994_10bit
MeridianTalk_sdr_1920x1080p_5994_10bit__960x540__h264__crf43,0.5602379065351539,0.5778347355182945,45.034154392307684,23.968772276923076,2.794682999999999,8.586568,540p,h264,43,MeridianTalk_sdr_1920x1080p_5994_10bit
MeridianTalk_sdr_1920x1080p_5994_10bit__960x540__hevc__crf18,0.8181699150395294,0.8103548250882187,89.43313526153847,85.09190203846154,2.6411549999999977,4.265447999999992,540p,hevc,18,MeridianTalk_sdr_1920x1080p_5994_10bit
MeridianTalk_sdr_1920x1080p_5994_10bit__960x540__hevc__crf23,0.6246013425160957,0.6040739449984548,85.6974570076923,79.28066227692308,4.140084000000002,4.863236000000001,540p,hevc,23,MeridianTalk_sdr_1920x1080p_5994_10bit
MeridianTalk_sdr_1920x1080p_5994_10bit__960x540__hevc__crf28,0.4970068424258341,0.4496259340520056,80.16220731538462,70.90483396153846,5.459421000000006,4.911483000000004,540p,hevc,28,MeridianTalk_sdr_1920x1080p_5994_10bit
MeridianTalk_sdr_1920x1080p_5994_10bit__960x540__hevc__crf33,0.27582725871313163,0.2662848480527002,71.74017206923078,57.694552200000004,6.8986989999999935,6.979391999999997,540p,hevc,33,MeridianTalk_sdr_1920x1080p_5994_10bit
MeridianTalk_sdr_1920x1080p_5994_10bit__960x540__hevc__crf38,0.9372562034802581,0.9432055724824429,61.67255947692308,45.419336853846154,5.878132999999998,9.311143000000001,540p,hevc,38,MeridianTalk_sdr_1920x1080p_5994_10bit
MeridianTalk_sdr_1920x1080p_5994_10bit__960x540__hevc__crf43,0.9040303109793993,0.9159031245963157,50.437269,27.23381374615385,5.799942999999999,8.447828999999999,540p,hevc,43,MeridianTalk_sdr_1920x1080p_5994_10bit
MeridianTalk_sdr_1920x1080p_5994_10bit__960x540__vp9__crf20,0.8964701481931577,0.8959338379073256,91.33974087692307,86.48736688461537,3.455105000000003,7.670713000000006,540p,vp9,20,MeridianTalk_sdr_1920x1080p_5994_10bit
MeridianTalk_sdr_1920x1080p_5994_10bit__960x540__vp9__crf30,0.9051147457850974,0.9039707545320471,89.13323899230771,82.27384543846154,5.38251799999999,9.476650000000006,540p,vp9,30,MeridianTalk_sdr_1920x1080p_5994_10bit
MeridianTalk_sdr_1920x1080p_5994_10bit__960x540__vp9__crf40,0.9493069611363602,0.9477587533292786,84.20313148461538,74.33502020769231,8.643364000000005,13.713100000000011,540p,vp9,40,MeridianTalk_sdr_1920x1080p_5994_10bit
MeridianTalk_sdr_1920x1080p_5994_10bit__960x540__vp9__crf50,0.9607952857856112,0.955122889235983,76.63917366153846,62.72499223846154,11.240947000000006,17.142435,540p,vp9,50,MeridianTalk_sdr_1920x1080p_5994_10bit
MeridianTalk_sdr_1920x1080p_5994_10bit__960x540__vp9__crf60,0.9694893306816493,0.9733737417772258,65.75892936153846,43.78381983846154,14.443179999999998,22.295509000000003,540p,vp9,60,MeridianTalk_sdr_1920x1080p_5994_10bit
Motorcycle_1920x1080_30fps_8bit__1280x720__av1__crf20,-0.035362416810521005,-0.05163035237713977,99.91634226153846,99.56342564615385,10.050321999999994,2.6168810000000065,720p,av1,20,Motorcycle_1920x1080_30fps_8bit
Motorcycle_1920x1080_30fps_8bit__1280x720__av1__crf30,0.43715739466767806,0.6424135704466727,99.24755215384614,95.72409471538461,12.269903999999997,8.006465000000006,720p,av1,30,Motorcycle_1920x1080_30fps_8bit
Motorcycle_1920x1080_30fps_8bit__1280x720__av1__crf40,0.5026319804163119,0.7321908617833174,95.10352093076922,84.80289168461537,17.174535000000006,15.349404000000007,720p,av1,40,Motorcycle_1920x1080_30fps_8bit
Motorcycle_1920x1080_30fps_8bit__1280x720__av1__crf50,0.3389862150182467,0.7624368264236866,86.7059300923077,68.16446102307692,24.146761999999995,25.956356,720p,av1,50,Motorcycle_1920x1080_30fps_8bit
Motorcycle_1920x1080_30fps_8bit__1280x720__av1__crf60,0.06530333696089384,0.6711076542340486,71.60468697692306,38.50416919230769,39.214713,34.609498,720p,av1,60,Motorcycle_1920x1080_30fps_8bit
Motorcycle_1920x1080_30fps_8bit__1280x720__h264__crf18,0.1198568776834016,0.36948441585618885,99.78334034615386,98.60187126153846,11.288341000000003,3.900121999999996,720p,h264,18,Motorcycle_1920x1080_30fps_8bit
Motorcycle_1920x1080_30fps_8bit__1280x720__h264__crf23,0.4827481534514957,0.5694990111493012,97.40336026923077,92.25529135384615,15.349276000000003,8.696451999999994,720p,h264,23,Motorcycle_1920x1080_30fps_8bit
Motorcycle_1920x1080_30fps_8bit__1280x720__h264__crf28,0.22553198704966693,0.5777615489506626,90.8692690076923,81.58949261538463,23.219018000000005,13.211573000000001,720p,h264,28,Motorcycle_1920x1080_30fps_8bit
Motorcycle_1920x1080_30fps_8bit__1280x720__h264__crf33,-0.01674605479275863,0.409017436334923,79.85277376923077,64.62493206153846,35.704424,19.46139000000001,720p,h264,33,Motorcycle_1920x1080_30fps_8bit
Motorcycle_1920x1080_30fps_8bit__1280x720__h264__crf38,-0.16945415714593698,0.1881655527209925,66.72981204615385,41.516044461538456,51.782719,24.281191,720p,h264,38,Motorcycle_1920x1080_30fps_8bit
Motorcycle_1920x1080_30fps_8bit__1280x720__h264__crf43,-0.23145688200031966,0.005424717872927454,54.525291492307694,16.063979338461536,54.760019,25.392555,720p,h264,43,Motorcycle_1920x1080_30fps_8bit
Motorcycle_1920x1080_30fps_8bit__1280x720__hevc__crf18,0.2881089217284111,0.40938566492743966,99.32396044615385,96.36972687692308,10.272628999999995,6.413324000000003,720p,hevc,18,Motorcycle_1920x1080_30fps_8bit
Motorcycle_1920x1080_30fps_8bit__1280x720__hevc__crf23,0.30986055809756063,0.5294361823260435,96.13996119230768,89.46658496153846,12.924446000000003,11.541613999999996,720p,hevc,23,Motorcycle_1920x1080_30fps_8bit
Motorcycle_1920x1080_30fps_8bit__1280x720__hevc__crf28,0.19737311186358358,0.6316943273073126,89.47733713076923,78.39222305384615,18.936509,18.626205,720p,hevc,28,Motorcycle_1920x1080_30fps_8bit
Motorcycle_1920x1080_30fps_8bit__1280x720__hevc__crf33,0.09070922462808477,0.6321111771975872,79.42457843846155,62.04397598461538,30.300307000000004,26.587037000000002,720p,hevc,33,Motorcycle_1920x1080_30fps_8bit
Motorcycle_1920x1080_30fps_8bit__1280x720__hevc__crf38,-0.09161455810413832,0.4753500310523596,67.95764309230768,39.32970413076924,42.361754,36.896694,720p,hevc,38,Motorcycle_1920x1080_30fps_8bit
Motorcycle_1920x1080_30fps_8bit__1280x720__hevc__crf43,-0.35508364997137287,0.015530112467716961,57.2841465923077,14.426927576923076,49.549845,33.945069,720p,hevc,43,Motorcycle_1920x1080_30fps_8bit
Motorcycle_1920x1080_30fps_8bit__1280x720__vp9__crf20,-0.012943467689849716,-0.05538456621943193,99.92707545384614,99.7665425846154,8.800352000000004,2.373344000000003,720p,vp9,20,Motorcycle_1920x1080_30fps_8bit
Motorcycle_1920x1080_30fps_8bit__1280x720__vp9__crf30,0.3667624288346167,0.5870585633246121,99.52171313076923,97.01921783846154,9.264764,7.0915119999999945,720p,vp9,30,Motorcycle_1920x1080_30fps_8bit
Motorcycle_1920x1080_30fps_8bit__1280x720__vp9__crf40,0.5728463875958624,0.7918286258699546,96.30874368461538,88.96798653846155,10.760260000000002,17.170428,720p,vp9,40,Motorcycle_1920x1080_30fps_8bit
Motorcycle_1920x1080_30fps_8bit__1280x720__vp9__crf50,0.534077087147943,0.882065383967863,88.05629564615386,73.39116844615386,22.683374999999998,30.592388,720p,vp9,50,Motorcycle_1920x1080_30fps_8bit
Motorcycle_1920x1080_30fps_8bit__1280x720__vp9__crf60,0.42220720991287924,0.8535494785409834,74.3904900076923,46.84205042307692,38.201757,47.480087999999995,720p,vp9,60,Motorcycle_1920x1080_30fps_8bit
Motorcycle_1920x1080_30fps_8bit__1920x1080__av1__crf20,,,99.99009789230769,100.0,1.2872739999999965,0.0,1080p,av1,20,Motorcycle_1920x1080_30fps_8bit
Motorcycle_1920x1080_30fps_8bit__1920x1080__av1__crf30,,-0.007751937984584492,99.97478615384615,100.0,3.277799999999999,0.0,1080p,av1,30,Motorcycle_1920x1080_30fps_8bit
Motorcycle_1920x1080_30fps_8bit__1920x1080__av1__crf40,0.008274024678844938,0.4512889406020247,99.88490524615386,95.7944664076923,7.112830000000002,9.087764000000007,1080p,av1,40,Motorcycle_1920x1080_30fps_8bit
Motorcycle_1920x1080_30fps_8bit__1920x1080__av1__crf50,0.4969653201794496,0.7790129493431239,95.70656220000001,81.95336084615384,13.186809999999994,21.580076000000005,1080p,av1,50,Motorcycle_1920x1080_30fps_8bit
Motorcycle_1920x1080_30fps_8bit__1920x1080__av1__crf60,0.22615613297923196,0.7646594517896201,81.98746418461538,54.06131499230769,28.539816000000002,34.429107,1080p,av1,60,Motorcycle_1920x1080_30fps_8bit
Motorcycle_1920x1080_30fps_8bit__1920x1080__h264__crf18,,,99.98103888461539,100.0,2.464945,0.0,1080p,h264,18,Motorcycle_1920x1080_30fps_8bit
Motorcycle_1920x1080_30fps_8bit__1920x1080__h264__crf23,-0.009717422385453924,-0.060686324140082654,99.95465986153846,99.99829307692308,5.894217999999995,0.16948700000000372,1080p,h264,23,Motorcycle_1920x1080_30fps_8bit
Motorcycle_1920x1080_30fps_8bit__1920x1080__h264__crf28,0.37905818054515183,0.5168778452935249,98.73150393076922,93.41420439230768,12.375547999999995,9.556444999999997,1080p,h264,28,Motorcycle_1920x1080_30fps_8bit
Motorcycle_1920x1080_30fps_8bit__1920x1080__h264__crf33,0.08824218341152165,0.5324176290210829,90.4329576076923,79.76000322307692,23.291805999999994,17.095512999999997,1080p,h264,33,Motorcycle_1920x1080_30fps_8bit
Motorcycle_1920x1080_30fps_8bit__1920x1080__h264__crf38,-0.00473877823038778,0.4784845507134338,76.96322438461539,59.15329962307692,38.246644,26.375178000000005,1080p,h264,38,Motorcycle_1920x1080_30fps_8bit
Motorcycle_1920x1080_30fps_8bit__1920x1080__h264__crf43,-0.12746677119505873,0.2565913549891045,62.87217526153847,33.20810183846153,51.103284,32.199091,1080p,h264,43,Motorcycle_1920x1080_30fps_8bit
Motorcycle_1920x1080_30fps_8bit__1920x1080__hevc__crf18,,,99.9884929076923,100.0,1.495921999999993,0.0,1080p,hevc,18,Motorcycle_1920x1080_30fps_8bit
Motorcycle_1920x1080_30fps_8bit__1920x1080__hevc__crf23,-0.10022608865736202,-0.12812244162528585,99.97055078461538,99.0068096,3.828398000000007,3.161276000000001,1080p,hevc,23,Motorcycle_1920x1080_30fps_8bit
Motorcycle_1920x1080_30fps_8bit__1920x1080__hevc__crf28,0.37924869773812286,0.6052958981644138,97.97586526153847,90.61216442307693,8.442961999999994,13.738921000000005,1080p,hevc,28,Motorcycle_1920x1080_30fps_8bit
Motorcycle_1920x1080_30fps_8bit__1920x1080__hevc__crf33,0.19560905849059793,0.6953738093334056,90.32093733076923,76.65726808461538,17.991453000000007,23.811296999999996,1080p,hevc,33,Motorcycle_1920x1080_30fps_8bit
Motorcycle_1920x1080_30fps_8bit__1920x1080__hevc__crf38,0.09955296328920805,0.6764444831048314,78.85822475384616,56.209789353846155,31.016227999999998,32.561978,1080p,hevc,38,Motorcycle_1920x1080_30fps_8bit
Motorcycle_1920x1080_30fps_8bit__1920x1080__hevc__crf43,-0.1686640012127907,0.3634732074936194,66.73155117692309,31.4254856,43.838104,35.081462,1080p,hevc,43,Motorcycle_1920x1080_30fps_8bit
Motorcycle_1920x1080_30fps_8bit__1920x1080__vp9__crf20,,,100.0,100.0,0.0,0.0,1080p,vp9,20,Motorcycle_1920x1080_30fps_8bit
Motorcycle_1920x1080_30fps_8bit__1920x1080__vp9__crf30,,,99.99724847692308,100.0,0.3576979999999992,0.0,1080p,vp9,30,Motorcycle_1920x1080_30fps_8bit
Motorcycle_1920x1080_30fps_8bit__1920x1080__vp9__crf40,-0.030229329901032723,0.35911148685914424,99.97951505384616,98.16952182307692,2.005234999999999,5.636958000000007,1080p,vp9,40,Motorcycle_1920x1080_30fps_8bit
Motorcycle_1920x1080_30fps_8bit__1920x1080__vp9__crf50,0.6319577752509601,0.8785638311710249,96.78046687692307,87.00794746923076,10.786710999999997,20.594898,1080p,vp9,50,Motorcycle_1920x1080_30fps_8bit
Motorcycle_1920x1080_30fps_8bit__1920x1080__vp9__crf60,0.4962353806262289,0.8975393480361239,85.37837612307692,64.07215868461537,26.237498000000002,41.99735999999999,1080p,vp9,60,Motorcycle_1920x1080_30fps_8bit
Motorcycle_1920x1080_30fps_8bit__640x360__av1__crf20,0.6450155135421081,0.7568045937952846,86.27832490769231,74.08144070769231,31.802649000000002,9.654556,360p,av1,20,Motorcycle_1920x1080_30fps_8bit
Motorcycle_1920x1080_30fps_8bit__640x360__av1__crf30,0.4457769728540847,0.646003409880449,82.4255591076923,66.8942899153846,35.454774,13.836088999999994,360p,av1,30,Motorcycle_1920x1080_30fps_8bit
Motorcycle_1920x1080_30fps_8bit__640x360__av1__crf40,0.30087978384427755,0.6245605036445463,74.55692623076922,50.75633998461539,42.406991,20.181669000000007,360p,av1,40,Motorcycle_1920x1080_30fps_8bit
Motorcycle_1920x1080_30fps_8bit__640x360__av1__crf50,0.1374786283046939,0.5625130887887462,64.9554332,30.60552269230769,51.487587,26.363708,360p,av1,50,Motorcycle_1920x1080_30fps_8bit
Motorcycle_1920x1080_30fps_8bit__640x360__av1__crf60,-0.16996610227423892,0.2529324643828583,52.60565963846154,8.26262986923077,52.717780000000005,23.137728,360p,av1,60,Motorcycle_1920x1080_30fps_8bit
Motorcycle_1920x1080_30fps_8bit__640x360__h264__crf18,0.4443214082295429,0.6530533479594783,83.93564283846155,70.80692186153847,33.941737,11.046353999999994,360p,h264,18,Motorcycle_1920x1080_30fps_8bit
Motorcycle_1920x1080_30fps_8bit__640x360__h264__crf23,0.35169281798558294,0.6365581423748237,77.52350363076921,60.34616613846153,39.760185,15.50777399999999,360p,h264,23,Motorcycle_1920x1080_30fps_8bit
Motorcycle_1920x1080_30fps_8bit__640x360__h264__crf28,0.09681141280610096,0.4443773284511584,68.68395556923078,44.66701646923077,49.07113,19.14201,360p,h264,28,Motorcycle_1920x1080_30fps_8bit
Motorcycle_1920x1080_30fps_8bit__640x360__h264__crf33,-0.17143781523282,0.0980600026882635,59.11415776923077,24.579766669230768,54.64621199999999,25.239143,360p,h264,33,Motorcycle_1920x1080_30fps_8bit
Motorcycle_1920x1080_30fps_8bit__640x360__h264__crf38,-0.223908140238422,-0.09307587533721444,50.11469141538461,4.006531553846154,56.24905699999999,19.692784,360p,h264,38,Motorcycle_1920x1080_30fps_8bit
Motorcycle_1920x1080_30fps_8bit__640x360__h264__crf43,,0.22739748841197407,42.72617499230768,0.0,58.327332,0.0,360p,h264,43,Motorcycle_1920x1080_30fps_8bit
Motorcycle_1920x1080_30fps_8bit__640x360__hevc__crf18,0.3554456057644239,0.6039183266080348,82.06207714615384,68.64511111538461,32.420863999999995,10.566846999999996,360p,hevc,18,Motorcycle_1920x1080_30fps_8bit
Motorcycle_1920x1080_30fps_8bit__640x360__hevc__crf23,0.23833325639747616,0.6029528088159649,75.52633660769231,58.735519107692305,36.508227,16.318443999999992,360p,hevc,23,Motorcycle_1920x1080_30fps_8bit
Motorcycle_1920x1080_30fps_8bit__640x360__hevc__crf28,0.09136032020109287,0.5317828188377356,67.14644029230769,44.060577599999995,43.983025,23.552166999999997,360p,hevc,28,Motorcycle_1920x1080_30fps_8bit
Motorcycle_1920x1080_30fps_8bit__640x360__hevc__crf33,-0.10271538724833716,0.3003257286913264,58.190732684615384,24.96663296923077,49.165896999999994,30.474036,360p,hevc,33,Motorcycle_1920x1080_30fps_8bit
Motorcycle_1920x1080_30fps_8bit__640x360__hevc__crf38,-0.26163053748992326,-0.07440081852986745,50.15395587692307,4.811816253846154,53.216538,24.56828,360p,hevc,38,Motorcycle_1920x1080_30fps_8bit
Motorcycle_1920x1080_30fps_8bit__640x360__hevc__crf43,,-0.13531914167427883,42.542195223076924,0.0,55.93835,0.0,360p,hevc,43,Motorcycle_1920x1080_30fps_8bit
Motorcycle_1920x1080_30fps_8bit__640x360__vp9__crf20,0.578690339130336,0.7525248724537913,86.48018644615384,75.42606739230769,29.899181,11.098071000000004,360p,vp9,20,Motorcycle_1920x1080_30fps_8bit
Motorcycle_1920x1080_30fps_8bit__640x360__vp9__crf30,0.5075611157389927,0.7876829243754937,83.03163872307694,70.00971322307693,30.756998999999993,15.944333,360p,vp9,30,Motorcycle_1920x1080_30fps_8bit
Motorcycle_1920x1080_30fps_8bit__640x360__vp9__crf40,0.5033808065491544,0.8278963288119948,75.90380781538462,57.830539146153846,35.081646000000006,27.20071,360p,vp9,40,Motorcycle_1920x1080_30fps_8bit
Motorcycle_1920x1080_30fps_8bit__640x360__vp9__crf50,0.3985379837507133,0.7754222499497958,66.06971602307694,36.67269337692308,45.957813,40.338716999999995,360p,vp9,50,Motorcycle_1920x1080_30fps_8bit
Motorcycle_1920x1080_30fps_8bit__640x360__vp9__crf60,0.3029110252377475,0.6685613898875123,55.42428046923077,11.040247999999998,49.798275,46.45508,360p,vp9,60,Motorcycle_1920x1080_30fps_8bit
Motorcycle_1920x1080_30fps_8bit__960x540__av1__crf20,0.6586505091031474,0.7079668232586858,96.54479284615384,90.29354408461539,18.368948000000003,8.016653000000005,540p,av1,20,Motorcycle_1920x1080_30fps_8bit
Motorcycle_1920x1080_30fps_8bit__960x540__av1__crf30,0.4631162815490387,0.606996054764225,94.17884439999999,84.5611255923077,21.320655000000002,10.411506000000003,540p,av1,30,Motorcycle_1920x1080_30fps_8bit
Motorcycle_1920x1080_30fps_8bit__960x540__av1__crf40,0.3422935284277905,0.6594428973362358,88.28340860769231,71.5438185,27.452179,15.730322999999999,540p,av1,40,Motorcycle_1920x1080_30fps_8bit
Motorcycle_1920x1080_30fps_8bit__960x540__av1__crf50,0.228233921579658,0.6720580584067284,78.73497612307692,52.75732033846154,36.108716,25.176629000000005,540p,av1,50,Motorcycle_1920x1080_30fps_8bit
Motorcycle_1920x1080_30fps_8bit__960x540__av1__crf60,-0.06435858298185046,0.5016608357583257,64.3135752,24.87197306923077,46.9691,30.634996,540p,av1,60,Motorcycle_1920x1080_30fps_8bit
Motorcycle_1920x1080_30fps_8bit__960x540__h264__crf18,0.49571592042546425,0.5888404994088036,95.20232922307692,88.03684379230768,19.810875999999993,8.072556999999989,540p,h264,18,Motorcycle_1920x1080_30fps_8bit
Motorcycle_1920x1080_30fps_8bit__960x540__h264__crf23,0.3202150111551121,0.5763930789913431,90.64603190000001,79.58194463076923,24.575322,11.387188999999992,540p,h264,23,Motorcycle_1920x1080_30fps_8bit
Motorcycle_1920x1080_30fps_8bit__960x540__h264__crf28,0.08504454377599757,0.4760826646583992,82.38913624615385,66.23415525384614,33.355929,15.919274000000001,540p,h264,28,Motorcycle_1920x1080_30fps_8bit
Motorcycle_1920x1080_30fps_8bit__960x540__h264__crf33,-0.12294164448814562,0.2449627124852673,71.11219579230769,46.49254663076923,45.359406,20.590984,540p,h264,33,Motorcycle_1920x1080_30fps_8bit
Motorcycle_1920x1080_30fps_8bit__960x540__h264__crf38,-0.2182693249708354,0.037899859874232014,59.30077977692308,22.962126592307694,53.180745,24.226505000000003,540p,h264,38,Motorcycle_1920x1080_30fps_8bit
Motorcycle_1920x1080_30fps_8bit__960x540__h264__crf43,-0.1546544583229189,-0.23481657036885312,49.19897256923077,1.5111190923076925,57.96821,13.594436,540p,h264,43,Motorcycle_1920x1080_30fps_8bit
Motorcycle_1920x1080_30fps_8bit__960x540__hevc__crf18,0.367612399561042,0.5516804036578357,93.92884440769231,85.98138576153848,18.539775000000006,9.020090999999994,540p,hevc,18,Motorcycle_1920x1080_30fps_8bit
Motorcycle_1920x1080_30fps_8bit__960x540__hevc__crf23,0.2601296040738147,0.6051897942749163,88.97556637692307,77.6972685,21.950062000000003,13.681049999999999,540p,hevc,23,Motorcycle_1920x1080_30fps_8bit
Motorcycle_1920x1080_30fps_8bit__960x540__hevc__crf28,0.17541797634235237,0.6320985157231844,80.95200887692307,64.98365857692308,28.883841000000004,21.538158000000003,540p,hevc,28,Motorcycle_1920x1080_30fps_8bit
Motorcycle_1920x1080_30fps_8bit__960x540__hevc__crf33,0.03555431094892131,0.5611821323674702,70.69496383846153,46.704023423076926,39.593913,29.190126999999997,540p,hevc,33,Motorcycle_1920x1080_30fps_8bit
Motorcycle_1920x1080_30fps_8bit__960x540__hevc__crf38,-0.25285265424519776,0.2215491935277728,60.46288633076923,24.008825392307692,47.39481,36.869712,540p,hevc,38,Motorcycle_1920x1080_30fps_8bit
Motorcycle_1920x1080_30fps_8bit__960x540__hevc__crf43,-0.31704192423581135,-0.1545516908215332,51.239104769230764,3.3856919307692306,52.76035900000001,19.138314,540p,hevc,43,Motorcycle_1920x1080_30fps_8bit
Motorcycle_1920x1080_30fps_8bit__960x540__vp9__crf20,0.6104537047514144,0.6831852214067984,96.71377198461539,91.58363438461538,16.648803,9.384919999999994,540p,vp9,20,Motorcycle_1920x1080_30fps_8bit
Motorcycle_1920x1080_30fps_8bit__960x540__vp9__crf30,0.5542312330038328,0.7526049916263354,94.62012795384615,87.29407502307691,17.256181999999995,12.808730000000011,540p,vp9,30,Motorcycle_1920x1080_30fps_8bit
Motorcycle_1920x1080_30fps_8bit__960x540__vp9__crf40,0.509335277428031,0.8336891292350386,89.23142559230769,77.58798365384615,19.908983000000006,21.844758,540p,vp9,40,Motorcycle_1920x1080_30fps_8bit
Motorcycle_1920x1080_30fps_8bit__960x540__vp9__crf50,0.5058054529768635,0.8607270883380991,79.47473356153846,59.037255207692304,31.967759,37.782485,540p,vp9,50,Motorcycle_1920x1080_30fps_8bit
Motorcycle_1920x1080_30fps_8bit__960x540__vp9__crf60,0.3222468080118405,0.7779623273335461,66.53040145384615,30.351439315384617,46.291965,51.429262,540p,vp9,60,Motorcycle_1920x1080_30fps_8bit
MountainBike_1920x1080_30fps_8bit__1280x720__av1__crf20,0.8414114302685606,0.8091301189346255,99.76566822307691,99.78795904615386,10.555327000000005,12.826217,720p,av1,20,MountainBike_1920x1080_30fps_8bit
MountainBike_1920x1080_30fps_8bit__1280x720__av1__crf30,0.5816673132503967,0.5709307620063403,99.6990628923077,97.16212250769232,13.999174999999994,17.804288,720p,av1,30,MountainBike_1920x1080_30fps_8bit
MountainBike_1920x1080_30fps_8bit__1280x720__av1__crf40,0.4235149161855071,0.6665907571400228,99.28366993846153,85.77286567692309,23.283896999999996,26.123580000000004,720p,av1,40,MountainBike_1920x1080_30fps_8bit
MountainBike_1920x1080_30fps_8bit__1280x720__av1__crf50,0.3254869359711336,0.6872609394783021,96.24410765384616,67.85733265384616,36.330264,33.999698,720p,av1,50,MountainBike_1920x1080_30fps_8bit
MountainBike_1920x1080_30fps_8bit__1280x720__av1__crf60,0.17752306342003843,0.6221253111010099,87.93512763846154,39.872844484615385,55.821364,47.417057,720p,av1,60,MountainBike_1920x1080_30fps_8bit
MountainBike_1920x1080_30fps_8bit__1280x720__h264__crf18,0.7498335233605367,0.6705197126036481,99.74043165384616,99.36924529230768,11.984785000000002,12.803342,720p,h264,18,MountainBike_1920x1080_30fps_8bit
MountainBike_1920x1080_30fps_8bit__1280x720__h264__crf23,0.5197358284769218,0.5958256912566655,99.59600558461538,93.52552256153847,17.599804000000006,17.549622,720p,h264,23,MountainBike_1920x1080_30fps_8bit
MountainBike_1920x1080_30fps_8bit__1280x720__h264__crf28,0.3517676477298494,0.5601194569704043,98.14830856153847,83.06714028461538,27.447968000000003,20.891886,720p,h264,28,MountainBike_1920x1080_30fps_8bit
MountainBike_1920x1080_30fps_8bit__1280x720__h264__crf33,0.13598266055868669,0.5216862511298941,93.0225003,67.59040165384616,42.061543,27.554353,720p,h264,33,MountainBike_1920x1080_30fps_8bit
MountainBike_1920x1080_30fps_8bit__1280x720__h264__crf38,0.05927728876211594,0.5044470472557676,84.7429395923077,46.585722392307694,56.891646,33.881266,720p,h264,38,MountainBike_1920x1080_30fps_8bit
MountainBike_1920x1080_30fps_8bit__1280x720__h264__crf43,0.05907034214195323,0.5190243417311529,76.81711152307692,23.667504007692308,68.853276,43.58887,720p,h264,43,MountainBike_1920x1080_30fps_8bit
MountainBike_1920x1080_30fps_8bit__1280x720__hevc__crf18,0.6329744981972497,0.5989449485763777,99.68710116153846,97.36941412307692,15.295191000000003,18.158001999999996,720p,hevc,18,MountainBike_1920x1080_30fps_8bit
MountainBike_1920x1080_30fps_8bit__1280x720__hevc__crf23,0.47321041723685175,0.554097123072987,99.45113186153846,90.39830666153847,22.364914999999996,24.815254999999993,720p,hevc,23,MountainBike_1920x1080_30fps_8bit
MountainBike_1920x1080_30fps_8bit__1280x720__hevc__crf28,0.2937837690578848,0.5898381979771458,97.53127583846153,79.51160733846154,33.106989,28.818199,720p,hevc,28,MountainBike_1920x1080_30fps_8bit
MountainBike_1920x1080_30fps_8bit__1280x720__hevc__crf33,0.11950386934805178,0.5929173022098871,92.43658086153846,63.798613669230775,46.565651,36.57939999999999,720p,hevc,33,MountainBike_1920x1080_30fps_8bit
MountainBike_1920x1080_30fps_8bit__1280x720__hevc__crf38,-0.0073348725887675825,0.5314875190214584,85.42298563846153,42.32037426153846,58.09796,44.341221000000004,720p,hevc,38,MountainBike_1920x1080_30fps_8bit
MountainBike_1920x1080_30fps_8bit__1280x720__hevc__crf43,-0.048405449768920555,0.4765996569573309,78.18378200000001,19.63239623846154,66.42812599999999,38.795575,720p,hevc,43,MountainBike_1920x1080_30fps_8bit
MountainBike_1920x1080_30fps_8bit__1280x720__vp9__crf20,0.8746368204104104,0.8485951154414004,99.772162,99.80477783076923,10.678816999999995,12.625031000000007,720p,vp9,20,MountainBike_1920x1080_30fps_8bit
MountainBike_1920x1080_30fps_8bit__1280x720__vp9__crf30,0.7077426382771768,0.6094759302668716,99.71447546153846,98.12925295384616,14.103021999999996,17.660931000000005,720p,vp9,30,MountainBike_1920x1080_30fps_8bit
MountainBike_1920x1080_30fps_8bit__1280x720__vp9__crf40,0.4065287681677443,0.6800216391405025,99.43916578461538,90.27510305384615,22.061077999999995,27.318439999999995,720p,vp9,40,MountainBike_1920x1080_30fps_8bit
MountainBike_1920x1080_30fps_8bit__1280x720__vp9__crf50,0.3926706208721272,0.8148779370093995,96.73058058461538,74.59684849230767,36.05732,42.868337,720p,vp9,50,MountainBike_1920x1080_30fps_8bit
MountainBike_1920x1080_30fps_8bit__1280x720__vp9__crf60,0.29235418652209927,0.7899244415726301,89.35575841538461,48.40743463846154,51.728235,58.63191499999999,720p,vp9,60,MountainBike_1920x1080_30fps_8bit
MountainBike_1920x1080_30fps_8bit__1920x1080__av1__crf20,0.9409649891374822,0.8674001559849411,99.95605373076924,99.94447246153845,2.2933610000000044,3.6428690000000046,1080p,av1,20,MountainBike_1920x1080_30fps_8bit
MountainBike_1920x1080_30fps_8bit__1920x1080__av1__crf30,0.9275969782365782,0.8908699011470896,99.90072241538462,99.87231074615386,5.084221999999997,8.347965000000002,1080p,av1,30,MountainBike_1920x1080_30fps_8bit
MountainBike_1920x1080_30fps_8bit__1920x1080__av1__crf40,0.4438761297461693,0.43400928900670166,99.76955842307692,96.1391173,11.700483000000006,17.234829000000005,1080p,av1,40,MountainBike_1920x1080_30fps_8bit
MountainBike_1920x1080_30fps_8bit__1920x1080__av1__crf50,0.39052373095700504,0.7085409301409701,99.15745494615383,81.45152841538462,24.870373999999998,29.264438000000006,1080p,av1,50,MountainBike_1920x1080_30fps_8bit
MountainBike_1920x1080_30fps_8bit__1920x1080__av1__crf60,0.2390162043503836,0.6252895519008977,93.98121221538462,53.42010434615384,45.073226,42.711565,1080p,av1,60,MountainBike_1920x1080_30fps_8bit
MountainBike_1920x1080_30fps_8bit__1920x1080__h264__crf18,0.7211194562967324,0.7524140643556672,99.93266674615384,99.93621316923077,3.5107789999999994,4.153659000000005,1080p,h264,18,MountainBike_1920x1080_30fps_8bit
MountainBike_1920x1080_30fps_8bit__1920x1080__h264__crf23,0.7492683387569892,0.721291908611199,99.83870264615383,99.84481675384615,7.950389999999999,9.227431999999993,1080p,h264,23,MountainBike_1920x1080_30fps_8bit
MountainBike_1920x1080_30fps_8bit__1920x1080__h264__crf28,0.4851987904249048,0.5700766951974658,99.66658998461537,94.44403041538462,15.622062999999997,18.204718999999997,1080p,h264,28,MountainBike_1920x1080_30fps_8bit
MountainBike_1920x1080_30fps_8bit__1920x1080__h264__crf33,0.3341677556704203,0.6072334854522599,97.82643047692308,81.94663973076922,28.631789999999995,27.186525000000003,1080p,h264,33,MountainBike_1920x1080_30fps_8bit
MountainBike_1920x1080_30fps_8bit__1920x1080__h264__crf38,0.20554441581236102,0.6438608165688755,91.37890188461539,63.52735893846153,45.718627,38.179368000000004,1080p,h264,38,MountainBike_1920x1080_30fps_8bit
MountainBike_1920x1080_30fps_8bit__1920x1080__h264__crf43,0.240277712049932,0.7004198162856486,83.47519675384616,40.9704863,61.876865,49.696231,1080p,h264,43,MountainBike_1920x1080_30fps_8bit
MountainBike_1920x1080_30fps_8bit__1920x1080__hevc__crf18,0.9626740868906538,0.9248013973233693,99.8911329,99.86955246923075,6.2410660000000036,8.808903999999998,1080p,hevc,18,MountainBike_1920x1080_30fps_8bit
MountainBike_1920x1080_30fps_8bit__1920x1080__hevc__crf23,0.7914214159414283,0.6770806987613774,99.7833762,98.78967683076924,11.768109999999993,16.088068000000007,1080p,hevc,23,MountainBike_1920x1080_30fps_8bit
MountainBike_1920x1080_30fps_8bit__1920x1080__hevc__crf28,0.454704689689676,0.548114983433235,99.57159505384615,90.72137786923076,20.729293,26.228720999999993,1080p,hevc,28,MountainBike_1920x1080_30fps_8bit
MountainBike_1920x1080_30fps_8bit__1920x1080__hevc__crf33,0.29954989649005914,0.6476467985865939,97.61077970769232,77.58153376923076,33.499080000000006,33.617771999999995,1080p,hevc,33,MountainBike_1920x1080_30fps_8bit
MountainBike_1920x1080_30fps_8bit__1920x1080__hevc__crf38,0.11689335653534724,0.6245579764970743,92.0372159,58.02231937692307,47.839293,40.689080999999995,1080p,hevc,38,MountainBike_1920x1080_30fps_8bit
MountainBike_1920x1080_30fps_8bit__1920x1080__hevc__crf43,0.047527351589304746,0.5659339178463769,84.68891126153848,34.937324607692304,59.745338,47.236658999999996,1080p,hevc,43,MountainBike_1920x1080_30fps_8bit
MountainBike_1920x1080_30fps_8bit__1920x1080__vp9__crf20,0.9997665518158974,0.9304897118567935,99.9628154923077,99.94113926923077,2.4358490000000046,3.8781369999999953,1080p,vp9,20,MountainBike_1920x1080_30fps_8bit
MountainBike_1920x1080_30fps_8bit__1920x1080__vp9__crf30,0.9969694261900283,0.9591463132707563,99.91554614615384,99.88286053846154,5.229977000000005,7.662451000000004,1080p,vp9,30,MountainBike_1920x1080_30fps_8bit
MountainBike_1920x1080_30fps_8bit__1920x1080__vp9__crf40,0.7909294057031768,0.6651533651240125,99.8019775923077,98.45655536923077,11.679152000000002,16.172815999999997,1080p,vp9,40,MountainBike_1920x1080_30fps_8bit
MountainBike_1920x1080_30fps_8bit__1920x1080__vp9__crf50,0.3872556598270174,0.7462310271173532,99.33357074615385,87.32353755384615,23.614535000000004,31.326323000000002,1080p,vp9,50,MountainBike_1920x1080_30fps_8bit
MountainBike_1920x1080_30fps_8bit__1920x1080__vp9__crf60,0.308689877151297,0.8151556527636399,95.21803678461538,64.06949635384615,40.062174,50.109494000000005,1080p,vp9,60,MountainBike_1920x1080_30fps_8bit
MountainBike_1920x1080_30fps_8bit__640x360__av1__crf20,0.47083722190146626,0.7092644996980473,96.96895744615387,78.35822757692308,31.981950999999995,25.338683999999994,360p,av1,20,MountainBike_1920x1080_30fps_8bit
MountainBike_1920x1080_30fps_8bit__640x360__av1__crf30,0.36476100501824105,0.6318292356847885,95.03455346153847,69.90515205384615,37.816855,28.081930999999997,360p,av1,30,MountainBike_1920x1080_30fps_8bit
MountainBike_1920x1080_30fps_8bit__640x360__av1__crf40,0.3145645103517534,0.625388109749296,90.15092905384616,53.24590600769232,48.12042,35.800664,360p,av1,40,MountainBike_1920x1080_30fps_8bit
MountainBike_1920x1080_30fps_8bit__640x360__av1__crf50,0.2314725938487965,0.5826826927247036,82.99938998461539,33.623638323076925,60.158554,42.125677,360p,av1,50,MountainBike_1920x1080_30fps_8bit
MountainBike_1920x1080_30fps_8bit__640x360__av1__crf60,-0.021151521146251524,0.5404232576525676,74.38777595384614,12.984840492307693,69.038745,31.623912,360p,av1,60,MountainBike_1920x1080_30fps_8bit
MountainBike_1920x1080_30fps_8bit__640x360__h264__crf18,0.2231795519006216,0.6103265961171369,95.80992849230769,74.39722343076923,34.164426000000006,25.293064,360p,h264,18,MountainBike_1920x1080_30fps_8bit
MountainBike_1920x1080_30fps_8bit__640x360__h264__crf23,0.13468276555170808,0.5506718232752021,92.08069056923077,63.961477599999995,42.281248,28.888720000000006,360p,h264,23,MountainBike_1920x1080_30fps_8bit
MountainBike_1920x1080_30fps_8bit__640x360__h264__crf28,0.09363953567370238,0.4986654564562907,86.02143651538462,49.14741510769231,53.500656,35.073347,360p,h264,28,MountainBike_1920x1080_30fps_8bit
MountainBike_1920x1080_30fps_8bit__640x360__h264__crf33,0.016803768814227186,0.4674294232754085,79.78858616153845,31.176394076923078,64.982214,43.276022999999995,360p,h264,33,MountainBike_1920x1080_30fps_8bit
MountainBike_1920x1080_30fps_8bit__640x360__h264__crf38,-0.09439003990046069,0.457803859078132,73.61421732307691,13.123381515384615,71.991014,35.8685,360p,h264,38,MountainBike_1920x1080_30fps_8bit
MountainBike_1920x1080_30fps_8bit__640x360__h264__crf43,-0.17914572030459394,0.37762464365148646,67.16853068461538,3.1509367769230767,73.401374,17.322481,360p,h264,43,MountainBike_1920x1080_30fps_8bit
MountainBike_1920x1080_30fps_8bit__640x360__hevc__crf18,0.21363284159178433,0.6034533266577671,94.76255799999998,72.13478715384615,38.017315,27.876981,360p,hevc,18,MountainBike_1920x1080_30fps_8bit
MountainBike_1920x1080_30fps_8bit__640x360__hevc__crf23,0.1581689413520864,0.5687507527662117,90.50065689230769,61.88656432307692,47.043737,32.342725,360p,hevc,23,MountainBike_1920x1080_30fps_8bit
MountainBike_1920x1080_30fps_8bit__640x360__hevc__crf28,0.07862945776195406,0.5194645306658668,84.51027767692308,47.23111910000001,57.233554,36.583802,360p,hevc,28,MountainBike_1920x1080_30fps_8bit
MountainBike_1920x1080_30fps_8bit__640x360__hevc__crf33,-0.03521593681899199,0.42753447280988577,78.20700671538461,29.107071123076928,66.438053,42.63915,360p,hevc,33,MountainBike_1920x1080_30fps_8bit
MountainBike_1920x1080_30fps_8bit__640x360__hevc__crf38,-0.1891821433790287,0.3251762815024674,72.30498755384615,9.935540823076924,71.316512,28.729858,360p,hevc,38,MountainBike_1920x1080_30fps_8bit
MountainBike_1920x1080_30fps_8bit__640x360__hevc__crf43,-0.264716889262739,0.1351986014786617,65.73125218461537,0.6623136230769231,69.00103,6.673058,360p,hevc,43,MountainBike_1920x1080_30fps_8bit
MountainBike_1920x1080_30fps_8bit__640x360__vp9__crf20,0.4256946572307177,0.7353616745041829,97.04778606923078,79.76012528461538,32.051272,26.876531,360p,vp9,20,MountainBike_1920x1080_30fps_8bit
MountainBike_1920x1080_30fps_8bit__640x360__vp9__crf30,0.37160846639509465,0.7518844084860342,95.34491413846153,73.95949181538462,37.205983,29.767038999999997,360p,vp9,30,MountainBike_1920x1080_30fps_8bit
MountainBike_1920x1080_30fps_8bit__640x360__vp9__crf40,0.32861327995960166,0.7595728467726429,91.11046723076923,61.23648500769231,47.134459,37.485416,360p,vp9,40,MountainBike_1920x1080_30fps_8bit
MountainBike_1920x1080_30fps_8bit__640x360__vp9__crf50,0.2685563468185631,0.7225639775445392,84.44708986923078,40.85778201538462,58.543619,52.41418900000001,360p,vp9,50,MountainBike_1920x1080_30fps_8bit
MountainBike_1920x1080_30fps_8bit__640x360__vp9__crf60,0.1488062231307915,0.6282983290393089,77.14067999999999,17.684736430769235,66.803259,49.865254,360p,vp9,60,MountainBike_1920x1080_30fps_8bit
MountainBike_1920x1080_30fps_8bit__960x540__av1__crf20,0.6482089553038342,0.6864354395346192,99.58032942307692,93.36520598461539,18.492035,21.222132000000002,540p,av1,20,MountainBike_1920x1080_30fps_8bit
MountainBike_1920x1080_30fps_8bit__960x540__av1__crf30,0.5226351246953409,0.6385573948524255,99.34267793846153,86.6465188923077,22.810823,23.574144000000004,540p,av1,30,MountainBike_1920x1080_30fps_8bit
MountainBike_1920x1080_30fps_8bit__960x540__av1__crf40,0.4227338112328882,0.674926793935051,97.24972717692307,72.4459382,33.172684000000004,30.598847000000006,540p,av1,40,MountainBike_1920x1080_30fps_8bit
MountainBike_1920x1080_30fps_8bit__960x540__av1__crf50,0.22845337647244282,0.5897791000812979,92.23254913846154,52.79816223076923,45.417764,35.345895999999996,540p,av1,50,MountainBike_1920x1080_30fps_8bit
MountainBike_1920x1080_30fps_8bit__960x540__av1__crf60,0.20627223799003983,0.6807317810362644,83.17149195384616,28.741732715384614,62.88498,50.48186,540p,av1,60,MountainBike_1920x1080_30fps_8bit
MountainBike_1920x1080_30fps_8bit__960x540__h264__crf18,0.5447550626159738,0.6005597195069509,99.48648312307692,90.27385686923077,20.047649000000007,20.909588,540p,h264,18,MountainBike_1920x1080_30fps_8bit
MountainBike_1920x1080_30fps_8bit__960x540__h264__crf23,0.4223128295379302,0.5912432379265763,98.3608252923077,81.61539185384616,26.445423000000005,23.683222,540p,h264,23,MountainBike_1920x1080_30fps_8bit
MountainBike_1920x1080_30fps_8bit__960x540__h264__crf28,0.22023937803480928,0.5530094916783687,94.60963346923076,68.3696520769231,37.916933,28.096807,540p,h264,28,MountainBike_1920x1080_30fps_8bit
MountainBike_1920x1080_30fps_8bit__960x540__h264__crf33,0.15148233863609928,0.5370640174809553,87.73018885384616,50.44683709230769,52.066949,37.000617999999996,540p,h264,33,MountainBike_1920x1080_30fps_8bit
MountainBike_1920x1080_30fps_8bit__960x540__h264__crf38,0.12247668409075003,0.5498156412832061,80.23309897692306,29.67090573846154,66.036467,47.297005,540p,h264,38,MountainBike_1920x1080_30fps_8bit
MountainBike_1920x1080_30fps_8bit__960x540__h264__crf43,-0.057948003958796096,0.5050171823069582,73.23016316153846,9.73262163076923,76.565956,32.816702,540p,h264,43,MountainBike_1920x1080_30fps_8bit
MountainBike_1920x1080_30fps_8bit__960x540__hevc__crf18,0.4597506060486561,0.5782006419010112,99.28146259230769,88.28698706153845,23.670616999999993,24.561589999999995,540p,hevc,18,MountainBike_1920x1080_30fps_8bit
MountainBike_1920x1080_30fps_8bit__960x540__hevc__crf23,0.31605269911926076,0.5936379434236483,97.68247803076925,79.95071334615385,31.960841000000002,28.564175000000006,540p,hevc,23,MountainBike_1920x1080_30fps_8bit
MountainBike_1920x1080_30fps_8bit__960x540__hevc__crf28,0.14645187008796293,0.586825999666898,93.75000085384616,67.1745454846154,42.927038,34.409891,540p,hevc,28,MountainBike_1920x1080_30fps_8bit
MountainBike_1920x1080_30fps_8bit__960x540__hevc__crf33,0.03998526729393336,0.5399702692185195,87.17332790769231,49.964698684615385,55.520699,41.46437400000001,540p,hevc,33,MountainBike_1920x1080_30fps_8bit
MountainBike_1920x1080_30fps_8bit__960x540__hevc__crf38,-0.01692115846044403,0.4853800059981863,80.56609504615385,28.41356737692308,64.496092,46.606624999999994,540p,hevc,38,MountainBike_1920x1080_30fps_8bit
MountainBike_1920x1080_30fps_8bit__960x540__hevc__crf43,-0.18274330121239668,0.3909718471248994,73.91016804615384,9.473422053846154,70.167307,25.376507,540p,hevc,43,MountainBike_1920x1080_30fps_8bit
MountainBike_1920x1080_30fps_8bit__960x540__vp9__crf20,0.5903254128194355,0.6309050748958175,99.59151847692307,94.65325603846155,18.581553,22.227450000000005,540p,vp9,20,MountainBike_1920x1080_30fps_8bit
MountainBike_1920x1080_30fps_8bit__960x540__vp9__crf30,0.4862929144106528,0.679629036124639,99.38620336923077,90.08171835384614,22.609486000000004,25.428972,540p,vp9,30,MountainBike_1920x1080_30fps_8bit
MountainBike_1920x1080_30fps_8bit__960x540__vp9__crf40,0.41036740577686714,0.7793553786352182,97.63750199230769,79.75209748461538,32.263757999999996,33.375471000000005,540p,vp9,40,MountainBike_1920x1080_30fps_8bit
MountainBike_1920x1080_30fps_8bit__960x540__vp9__crf50,0.3353097992509495,0.7983509962579552,92.8792423846154,61.12495384615384,45.811186,48.04053,540p,vp9,50,MountainBike_1920x1080_30fps_8bit
MountainBike_1920x1080_30fps_8bit__960x540__vp9__crf60,0.19556773435141123,0.7184705643789828,84.51097306153846,34.061816,58.625952,60.13866,540p,vp9,60,MountainBike_1920x1080_30fps_8bit
OldTownCross_1920x1080p50__1280x720__av1__crf20,0.9309924565111763,0.9222070264063545,92.78818726923078,90.37324375384615,4.349586000000002,4.4029139999999956,720p,av1,20,OldTownCross_1920x1080p50
OldTownCross_1920x1080p50__1280x720__av1__crf30,0.8797709386096868,0.8747086748982336,91.52134331538461,88.33600301538462,5.535075000000006,3.9407250000000005,720p,av1,30,OldTownCross_1920x1080p50
OldTownCross_1920x1080p50__1280x720__av1__crf40,0.8769694727145084,0.8699663991122794,90.4142713076923,86.19602993076923,5.886635999999996,3.250042999999991,720p,av1,40,OldTownCross_1920x1080p50
OldTownCross_1920x1080p50__1280x720__av1__crf50,0.847504434991238,0.8425259187798321,88.9749316076923,84.30792258461538,5.972470000000001,5.366531999999992,720p,av1,50,OldTownCross_1920x1080p50
OldTownCross_1920x1080p50__1280x720__av1__crf60,0.9420055044596498,0.9424645667004385,83.35181591538462,75.98798391538462,6.856721000000007,8.313593000000012,720p,av1,60,OldTownCross_1920x1080p50
OldTownCross_1920x1080p50__1280x720__h264__crf18,0.9711186679325376,0.9642846456917424,92.0617549923077,89.1938727153846,3.9661680000000104,5.629826999999992,720p,h264,18,OldTownCross_1920x1080p50
OldTownCross_1920x1080p50__1280x720__h264__crf23,0.9449896052428027,0.9383710501367669,89.12671720769232,85.17847065384616,5.602862999999999,6.938929999999999,720p,h264,23,OldTownCross_1920x1080p50
OldTownCross_1920x1080p50__1280x720__h264__crf28,0.8625318553373523,0.8591753883116315,82.75246604615384,77.12662522307691,5.813662000000008,6.547989999999999,720p,h264,28,OldTownCross_1920x1080p50
OldTownCross_1920x1080p50__1280x720__h264__crf33,0.8313057449862207,0.8339242876641677,71.2651002153846,62.65525008461538,5.365661000000003,7.387766000000006,720p,h264,33,OldTownCross_1920x1080p50
OldTownCross_1920x1080p50__1280x720__h264__crf38,0.8765854246506731,0.8795356050827547,55.55673830769231,41.993402261538456,6.287883000000001,10.135633999999996,720p,h264,38,OldTownCross_1920x1080p50
OldTownCross_1920x1080p50__1280x720__h264__crf43,0.890126706433961,0.9043711569636497,37.22657746923077,12.433217538461538,5.8043989999999965,13.428682,720p,h264,43,OldTownCross_1920x1080p50
OldTownCross_1920x1080p50__1280x720__hevc__crf18,0.9393970590201322,0.9325910063937684,92.21127513846154,89.87902542307691,3.730598999999998,4.939649000000003,720p,hevc,18,OldTownCross_1920x1080p50
OldTownCross_1920x1080p50__1280x720__hevc__crf23,0.8695761331185802,0.8597396462284054,89.78234907692307,86.16598656153846,3.1780260000000027,5.441528000000005,720p,hevc,23,OldTownCross_1920x1080p50
OldTownCross_1920x1080p50__1280x720__hevc__crf28,0.8598131124868728,0.8577851952747458,84.76087535384616,79.11978134615386,4.446863000000008,6.39751600000001,720p,hevc,28,OldTownCross_1920x1080p50
OldTownCross_1920x1080p50__1280x720__hevc__crf33,0.8124239012942805,0.8122511376602422,75.06812932307693,66.21629057692307,5.6332610000000045,9.433094000000004,720p,hevc,33,OldTownCross_1920x1080p50
OldTownCross_1920x1080p50__1280x720__hevc__crf38,0.8822710006024992,0.8778570844705612,60.359169599999994,46.85853165384615,7.802560999999997,11.888451000000003,720p,hevc,38,OldTownCross_1920x1080p50
OldTownCross_1920x1080p50__1280x720__hevc__crf43,0.9394386023742518,0.9441422822336043,41.589277123076926,16.15667616153846,9.298282,15.345304999999998,720p,hevc,43,OldTownCross_1920x1080p50
OldTownCross_1920x1080p50__1280x720__vp9__crf20,0.9523614706716907,0.9479462755351645,93.56785380000001,91.15470896153845,4.54611899999999,7.4565060000000045,720p,vp9,20,OldTownCross_1920x1080p50
OldTownCross_1920x1080p50__1280x720__vp9__crf30,0.9304448399414136,0.9296612552929014,91.68006303846154,88.30974909999999,5.742405000000005,9.062739000000008,720p,vp9,30,OldTownCross_1920x1080p50
OldTownCross_1920x1080p50__1280x720__vp9__crf40,0.9681828798308902,0.9694433701657447,86.94369568461538,81.61019970000001,9.877304999999993,13.087749000000002,720p,vp9,40,OldTownCross_1920x1080p50
OldTownCross_1920x1080p50__1280x720__vp9__crf50,0.9880839476576601,0.9884450963647474,77.48233141538462,67.7225563,15.986286000000007,22.619752000000005,720p,vp9,50,OldTownCross_1920x1080p50
OldTownCross_1920x1080p50__1280x720__vp9__crf60,0.9876152347631494,0.9878996668913442,63.67873655384616,45.58822084615384,20.19116600000001,30.074170000000002,720p,vp9,60,OldTownCross_1920x1080p50
OldTownCross_1920x1080p50__1920x1080__av1__crf20,0.9063249479199237,0.8856423678159878,98.24127574615386,96.87642153076924,3.9335690000000056,3.9417979999999915,1080p,av1,20,OldTownCross_1920x1080p50
OldTownCross_1920x1080p50__1920x1080__av1__crf30,0.9254284950413476,0.9141712212932502,96.37827257692308,94.47738573846154,4.159694999999999,3.7061439999999948,1080p,av1,30,OldTownCross_1920x1080p50
OldTownCross_1920x1080p50__1920x1080__av1__crf40,0.8934331830437957,0.8771367722442507,95.88017562307692,93.31633240769231,4.645190999999997,2.875383999999997,1080p,av1,40,OldTownCross_1920x1080p50
OldTownCross_1920x1080p50__1920x1080__av1__crf50,0.9121706216346347,0.8981376112033174,94.70140782307692,91.55107811538461,4.918646999999993,3.9781019999999927,1080p,av1,50,OldTownCross_1920x1080p50
OldTownCross_1920x1080p50__1920x1080__av1__crf60,0.9104903970860929,0.9097219735190054,90.4176878076923,85.18346275384616,6.189348999999993,6.007343999999989,1080p,av1,60,OldTownCross_1920x1080p50
OldTownCross_1920x1080p50__1920x1080__h264__crf18,0.9834766748585297,0.9751462548098517,96.91347660769232,95.08984472307692,4.191697000000005,5.703251999999992,1080p,h264,18,OldTownCross_1920x1080p50
OldTownCross_1920x1080p50__1920x1080__h264__crf23,0.9361852031601754,0.9312890646502316,95.04645049230768,92.15254636923078,4.112912000000009,4.987989999999996,1080p,h264,23,OldTownCross_1920x1080p50
OldTownCross_1920x1080p50__1920x1080__h264__crf28,0.8116406748115509,0.8279684533678358,90.19742743076924,86.10742908461538,4.280495999999999,4.721125999999998,1080p,h264,28,OldTownCross_1920x1080p50
OldTownCross_1920x1080p50__1920x1080__h264__crf33,0.645048384502165,0.6642958458849751,80.92270748461537,73.93149186153848,4.239315000000005,4.8210770000000025,1080p,h264,33,OldTownCross_1920x1080p50
OldTownCross_1920x1080p50__1920x1080__h264__crf38,0.8556117332299934,0.8507815861769648,66.5333680923077,56.53976215384615,6.400068999999995,8.362939999999995,1080p,h264,38,OldTownCross_1920x1080p50
OldTownCross_1920x1080p50__1920x1080__h264__crf43,0.9275657452908683,0.9296005298881515,47.43747686923077,30.606927446153847,7.7400009999999995,13.159240999999998,1080p,h264,43,OldTownCross_1920x1080p50
OldTownCross_1920x1080p50__1920x1080__hevc__crf18,0.9724481768173927,0.9600224784641936,96.78697881538461,95.3361474923077,3.9674499999999995,6.160017999999994,1080p,hevc,18,OldTownCross_1920x1080p50
OldTownCross_1920x1080p50__1920x1080__hevc__crf23,0.9223309325734503,0.9109087826345725,95.06348935384615,92.84336500769231,3.654316999999992,5.095803000000004,1080p,hevc,23,OldTownCross_1920x1080p50
OldTownCross_1920x1080p50__1920x1080__hevc__crf28,0.7127105725744034,0.716163194707924,91.9583941076923,87.95877845384616,3.020049,4.577489,1080p,hevc,28,OldTownCross_1920x1080p50
OldTownCross_1920x1080p50__1920x1080__hevc__crf33,0.7935767294336545,0.7890695499155808,84.85855812307692,78.55497774615385,4.324280999999999,5.9653749999999945,1080p,hevc,33,OldTownCross_1920x1080p50
OldTownCross_1920x1080p50__1920x1080__hevc__crf38,0.8620739085966302,0.8612475799419054,72.59229033076923,63.10481818461538,4.963715000000008,7.577197999999996,1080p,hevc,38,OldTownCross_1920x1080p50
OldTownCross_1920x1080p50__1920x1080__hevc__crf43,0.9385954023319755,0.9395400948910407,53.4507544076923,37.50242724615384,9.425550999999999,11.411210999999998,1080p,hevc,43,OldTownCross_1920x1080p50
OldTownCross_1920x1080p50__1920x1080__vp9__crf20,0.9879705081184101,0.9423548675144706,98.74461105384616,97.69509068461538,2.515129999999999,4.485862999999995,1080p,vp9,20,OldTownCross_1920x1080p50
OldTownCross_1920x1080p50__1920x1080__vp9__crf30,0.9754079610771125,0.9552290067792929,96.4435619,94.23593830769231,5.238894000000002,8.259090999999998,1080p,vp9,30,OldTownCross_1920x1080p50
OldTownCross_1920x1080p50__1920x1080__vp9__crf40,0.913508432674478,0.910267051674232,93.24563557692308,89.42201397692307,7.346435,11.132180000000005,1080p,vp9,40,OldTownCross_1920x1080p50
OldTownCross_1920x1080p50__1920x1080__vp9__crf50,0.974705006076808,0.9740855744025713,86.60004136153847,79.44933836923077,11.823611,16.149544000000006,1080p,vp9,50,OldTownCross_1920x1080p50
OldTownCross_1920x1080p50__1920x1080__vp9__crf60,0.9856789977564858,0.9858790479657894,75.43399963076924,62.437424484615384,17.495018,24.912921999999995,1080p,vp9,60,OldTownCross_1920x1080p50
OldTownCross_1920x1080p50__640x360__av1__crf20,0.9093786173615058,0.9046530347997852,74.37273640769232,66.16487527692308,5.498533000000009,5.381052999999994,360p,av1,20,OldTownCross_1920x1080p50
OldTownCross_1920x1080p50__640x360__av1__crf30,0.8429039784578406,0.8332145667404439,72.66433475384615,63.11983631538463,6.730365000000006,5.239858000000005,360p,av1,30,OldTownCross_1920x1080p50
OldTownCross_1920x1080p50__640x360__av1__crf40,0.829604169662478,0.8122429557999883,70.43386161538463,59.61401500769231,7.224889999999988,5.964688000000002,360p,av1,40,OldTownCross_1920x1080p50
OldTownCross_1920x1080p50__640x360__av1__crf50,0.9065041700078542,0.9061133857016924,67.6960730923077,56.493687938461534,7.349473999999994,6.143200999999998,360p,av1,50,OldTownCross_1920x1080p50
OldTownCross_1920x1080p50__640x360__av1__crf60,0.9353864549828791,0.9348295039665468,59.70097613846154,45.16503801538462,8.385395000000003,9.766694000000001,360p,av1,60,OldTownCross_1920x1080p50
OldTownCross_1920x1080p50__640x360__h264__crf18,0.9626567627773494,0.9613021239619937,72.37457700769231,63.24333662307693,6.601848000000004,8.507072,360p,h264,18,OldTownCross_1920x1080p50
OldTownCross_1920x1080p50__640x360__h264__crf23,0.8849378204223877,0.8894486524431224,67.58738286153846,54.993750630769235,8.876544000000003,13.378183,360p,h264,23,OldTownCross_1920x1080p50
OldTownCross_1920x1080p50__640x360__h264__crf28,0.8899578201011256,0.8970436416342297,59.00150868461538,41.87412862307693,7.640410000000003,13.369537000000001,360p,h264,28,OldTownCross_1920x1080p50
OldTownCross_1920x1080p50__640x360__h264__crf33,0.892319698154953,0.8886539991728583,46.284653223076916,22.525541646153844,6.103393999999994,11.188810999999998,360p,h264,33,OldTownCross_1920x1080p50
OldTownCross_1920x1080p50__640x360__h264__crf38,0.5789718302577168,0.8024100055229653,32.650179538461536,0.35254354615384614,4.1926190000000005,2.916386,360p,h264,38,OldTownCross_1920x1080p50
OldTownCross_1920x1080p50__640x360__h264__crf43,,,20.84695953846154,0.0,3.625311,0.0,360p,h264,43,OldTownCross_1920x1080p50
OldTownCross_1920x1080p50__640x360__hevc__crf18,0.9113806997090355,0.9061860965338232,73.0632105,65.31831395384616,4.150267999999997,5.6509399999999985,360p,hevc,18,OldTownCross_1920x1080p50
OldTownCross_1920x1080p50__640x360__hevc__crf23,0.8451353265452209,0.8165996546123021,68.67976835384616,59.01500365384615,4.905237,6.007009999999994,360p,hevc,23,OldTownCross_1920x1080p50
OldTownCross_1920x1080p50__640x360__hevc__crf28,0.7772553363200976,0.7681716839044851,61.07275213076923,47.075008046153854,5.940207999999998,9.670336999999996,360p,hevc,28,OldTownCross_1920x1080p50
OldTownCross_1920x1080p50__640x360__hevc__crf33,0.8723773246214642,0.869416977743422,49.04277261538461,28.05945862307692,6.735339000000003,11.621188000000004,360p,hevc,33,OldTownCross_1920x1080p50
OldTownCross_1920x1080p50__640x360__hevc__crf38,0.9171983860393523,0.919128604775388,35.578097738461544,4.728121023076923,6.339979,11.795952,360p,hevc,38,OldTownCross_1920x1080p50
OldTownCross_1920x1080p50__640x360__hevc__crf43,,,23.133776730769227,0.0,6.656777999999999,0.0,360p,hevc,43,OldTownCross_1920x1080p50
OldTownCross_1920x1080p50__640x360__vp9__crf20,0.9320883516057794,0.9327075785316383,74.94390522307692,67.68332064615385,5.797847000000004,7.289303000000004,360p,vp9,20,OldTownCross_1920x1080p50
OldTownCross_1920x1080p50__640x360__vp9__crf30,0.9242952595900735,0.9361324514470177,71.85686253846154,63.48258903846155,8.180701999999997,10.399374000000002,360p,vp9,30,OldTownCross_1920x1080p50
OldTownCross_1920x1080p50__640x360__vp9__crf40,0.9724758485222895,0.9739973470122415,64.34486625384615,52.29212109230768,17.358526000000005,22.091620999999996,360p,vp9,40,OldTownCross_1920x1080p50
OldTownCross_1920x1080p50__640x360__vp9__crf50,0.9905271791955672,0.9911005405642198,53.0665476,32.00762233846154,21.00389,31.241902,360p,vp9,50,OldTownCross_1920x1080p50
OldTownCross_1920x1080p50__640x360__vp9__crf60,0.9784711427255844,0.9935885894876033,39.72299034615384,5.934533923076923,19.411571000000002,25.790884,360p,vp9,60,OldTownCross_1920x1080p50
OldTownCross_1920x1080p50__960x540__av1__crf20,0.8105017232324224,0.8112212433471022,87.65684907692308,82.96729734615384,5.382380999999995,4.141853000000012,540p,av1,20,OldTownCross_1920x1080p50
OldTownCross_1920x1080p50__960x540__av1__crf30,0.8209885725570267,0.8270689511978015,86.48196935384615,80.5544337846154,6.664901,4.5843360000000075,540p,av1,30,OldTownCross_1920x1080p50
OldTownCross_1920x1080p50__960x540__av1__crf40,0.9128853161767432,0.9081654637010688,84.5646007076923,78.30070253076924,7.790498999999997,6.252843999999996,540p,av1,40,OldTownCross_1920x1080p50
OldTownCross_1920x1080p50__960x540__av1__crf50,0.9201032282939055,0.9194953411367713,82.43867262307691,75.22395421538461,7.113882000000004,6.229801000000009,540p,av1,50,OldTownCross_1920x1080p50
OldTownCross_1920x1080p50__960x540__av1__crf60,0.9342576760691925,0.9332616943024328,75.53796809230768,65.68769994615386,8.415465999999995,9.313338000000009,540p,av1,60,OldTownCross_1920x1080p50
OldTownCross_1920x1080p50__960x540__h264__crf18,0.9638192866905608,0.9601951138965354,85.55363419230768,81.08699208461537,5.021744999999996,5.969387000000012,540p,h264,18,OldTownCross_1920x1080p50
OldTownCross_1920x1080p50__960x540__h264__crf23,0.9379399407283562,0.93191094142761,81.85681204615383,75.15779366923077,7.6458490000000126,8.150472999999991,540p,h264,23,OldTownCross_1920x1080p50
OldTownCross_1920x1080p50__960x540__h264__crf28,0.816938411321674,0.8118546629576882,74.24546775384614,64.52977709230768,7.3306869999999975,7.915511000000002,540p,h264,28,OldTownCross_1920x1080p50
OldTownCross_1920x1080p50__960x540__h264__crf33,0.7494690625191053,0.7499865033443917,61.717077807692306,47.44015133076923,6.122651000000005,8.555659999999996,540p,h264,33,OldTownCross_1920x1080p50
OldTownCross_1920x1080p50__960x540__h264__crf38,0.8617026890950688,0.8649039458423358,45.563686553846146,24.586712292307688,5.541757999999994,11.108236999999999,540p,h264,38,OldTownCross_1920x1080p50
OldTownCross_1920x1080p50__960x540__h264__crf43,0.2895337974023895,0.7335431383086792,29.84277790769231,0.04046990769230769,5.602163999999998,1.434624,540p,h264,43,OldTownCross_1920x1080p50
OldTownCross_1920x1080p50__960x540__hevc__crf18,0.9227586583952005,0.918858121311074,85.9806998,82.0256066,3.443456000000012,4.436611999999997,540p,hevc,18,OldTownCross_1920x1080p50
OldTownCross_1920x1080p50__960x540__hevc__crf23,0.873436678751779,0.8657630474204293,82.74083119230768,77.40144407692308,3.8916189999999915,4.457167999999996,540p,hevc,23,OldTownCross_1920x1080p50
OldTownCross_1920x1080p50__960x540__hevc__crf28,0.7174047004290873,0.7047300093712281,76.37349106923077,68.62388979999999,5.243817000000007,6.341532999999998,540p,hevc,28,OldTownCross_1920x1080p50
OldTownCross_1920x1080p50__960x540__hevc__crf33,0.628694864611156,0.613815071603854,65.40427733846154,54.10988647692307,6.237649999999995,7.229837999999994,540p,hevc,33,OldTownCross_1920x1080p50
OldTownCross_1920x1080p50__960x540__hevc__crf38,0.8730527233086963,0.865860063231672,50.02792774615385,30.01884624615385,8.347684000000001,10.484841000000003,540p,hevc,38,OldTownCross_1920x1080p50
OldTownCross_1920x1080p50__960x540__hevc__crf43,0.8159868970796597,0.8862230268890411,32.58778545384616,0.5055382384615384,8.411233,4.418721,540p,hevc,43,OldTownCross_1920x1080p50
OldTownCross_1920x1080p50__960x540__vp9__crf20,0.9278401278354179,0.9275458431184667,87.35344629230768,83.2443501076923,4.676673999999991,7.287868000000003,540p,vp9,20,OldTownCross_1920x1080p50
OldTownCross_1920x1080p50__960x540__vp9__crf30,0.9328141742846202,0.9384708068036604,85.24059486923078,80.18433406923077,6.457076000000001,9.028986999999987,540p,vp9,30,OldTownCross_1920x1080p50
OldTownCross_1920x1080p50__960x540__vp9__crf40,0.9689385766956493,0.9728975276499964,79.46291904615386,72.28503020000001,11.433648000000005,14.97878399999999,540p,vp9,40,OldTownCross_1920x1080p50
OldTownCross_1920x1080p50__960x540__vp9__crf50,0.9795105796682995,0.9797177019734516,68.87705056923076,55.37226327692308,19.388299000000004,27.472233000000003,540p,vp9,50,OldTownCross_1920x1080p50
OldTownCross_1920x1080p50__960x540__vp9__crf60,0.9861646208072115,0.9870189707658534,54.62050047692308,29.310087838461534,20.599896,33.127812999999996,540p,vp9,60,OldTownCross_1920x1080p50
PedestrianArea_1920x1080p25__1280x720__av1__crf20,0.7763369774591085,0.730414588794493,97.38386396923077,95.09043532307692,5.275568000000007,8.201808,720p,av1,20,PedestrianArea_1920x1080p25
PedestrianArea_1920x1080p25__1280x720__av1__crf30,0.6639525489080709,0.6446167332476042,95.0238246,90.62191773076923,7.825944000000007,8.268985999999998,720p,av1,30,PedestrianArea_1920x1080p25
PedestrianArea_1920x1080p25__1280x720__av1__crf40,0.7999125006088332,0.8076010734729339,89.7748154,81.63200852307692,8.79407900000001,12.911783999999997,720p,av1,40,PedestrianArea_1920x1080p25
PedestrianArea_1920x1080p25__1280x720__av1__crf50,0.8643012926558707,0.8805470078495417,82.43521941538462,70.26907786153846,12.450761,20.583935000000004,720p,av1,50,PedestrianArea_1920x1080p25
PedestrianArea_1920x1080p25__1280x720__av1__crf60,0.898276991427295,0.9172403476383196,70.37567226923078,49.868237876923075,18.722958,30.811283999999993,720p,av1,60,PedestrianArea_1920x1080p25
PedestrianArea_1920x1080p25__1280x720__h264__crf18,0.8856282010676042,0.8517694819923969,97.28363493076924,95.67485945384617,5.873767999999998,6.733322999999999,720p,h264,18,PedestrianArea_1920x1080p25
PedestrianArea_1920x1080p25__1280x720__h264__crf23,0.8020853871819887,0.7849345995383917,93.3624124076923,89.95535686153846,7.067146999999991,6.126717999999997,720p,h264,23,PedestrianArea_1920x1080p25
PedestrianArea_1920x1080p25__1280x720__h264__crf28,0.667668297165603,0.6622285812359208,86.36034256923077,80.76704183076923,7.124871999999996,6.551141999999999,720p,h264,28,PedestrianArea_1920x1080p25
PedestrianArea_1920x1080p25__1280x720__h264__crf33,0.6265740899313152,0.6354743778569024,75.92737511538462,67.03486353076923,7.390800999999996,9.280251999999997,720p,h264,33,PedestrianArea_1920x1080p25
PedestrianArea_1920x1080p25__1280x720__h264__crf38,0.61021029143933,0.6566134125387622,62.925133161538454,48.54882109230769,8.047802000000004,13.242959999999997,720p,h264,38,PedestrianArea_1920x1080p25
PedestrianArea_1920x1080p25__1280x720__h264__crf43,0.6895847267672257,0.78885670187782,49.02846906153846,24.82650642307692,9.454183999999998,12.798559000000001,720p,h264,43,PedestrianArea_1920x1080p25
PedestrianArea_1920x1080p25__1280x720__hevc__crf18,0.8025899140232633,0.7311255229715021,96.80224076923078,94.8655204,5.343565999999996,8.136047000000005,720p,hevc,18,PedestrianArea_1920x1080p25
PedestrianArea_1920x1080p25__1280x720__hevc__crf23,0.71774626518035,0.6880903548048427,93.1296006076923,89.14557570769232,5.531806000000003,9.746347,720p,hevc,23,PedestrianArea_1920x1080p25
PedestrianArea_1920x1080p25__1280x720__hevc__crf28,0.6587452774233735,0.6480148473983189,86.93121847692306,80.2457614769231,5.763472000000007,12.740071,720p,hevc,28,PedestrianArea_1920x1080p25
PedestrianArea_1920x1080p25__1280x720__hevc__crf33,0.7108990445518542,0.7509967062062188,77.42716876923078,67.03638128461537,6.68748699999999,16.408085,720p,hevc,33,PedestrianArea_1920x1080p25
PedestrianArea_1920x1080p25__1280x720__hevc__crf38,0.7788245654847757,0.817326315289186,65.49023001538463,48.52065078461538,9.135942999999997,23.984892000000002,720p,hevc,38,PedestrianArea_1920x1080p25
PedestrianArea_1920x1080p25__1280x720__hevc__crf43,0.7459571110524995,0.8324146857153796,51.68650784615385,24.5790111,10.117574000000005,26.481596,720p,hevc,43,PedestrianArea_1920x1080p25
PedestrianArea_1920x1080p25__1280x720__vp9__crf20,0.8699454733803031,0.7965038999076884,97.9336423846154,96.38300642307692,4.6913569999999964,7.252685,720p,vp9,20,PedestrianArea_1920x1080p25
PedestrianArea_1920x1080p25__1280x720__vp9__crf30,0.864926759132816,0.8318845365886044,95.11706315384615,91.668838,8.051668000000006,12.841212999999996,720p,vp9,30,PedestrianArea_1920x1080p25
PedestrianArea_1920x1080p25__1280x720__vp9__crf40,0.8902193215532374,0.8877031004859738,88.42191974615385,81.70848533846156,12.785011999999995,22.60716699999999,720p,vp9,40,PedestrianArea_1920x1080p25
PedestrianArea_1920x1080p25__1280x720__vp9__crf50,0.9325468046948757,0.9365599553963538,77.67685636153846,64.80842289230769,19.21762100000001,33.02652200000001,720p,vp9,50,PedestrianArea_1920x1080p25
PedestrianArea_1920x1080p25__1280x720__vp9__crf60,0.9214868033809058,0.9362755163744794,63.28145219230769,39.15329816153846,23.268379000000003,43.395698,720p,vp9,60,PedestrianArea_1920x1080p25
PedestrianArea_1920x1080p25__1920x1080__av1__crf20,0.7187394420404465,0.4732542715247852,99.58184462307692,98.5757696,2.775709000000006,3.9903730000000053,1080p,av1,20,PedestrianArea_1920x1080p25
PedestrianArea_1920x1080p25__1920x1080__av1__crf30,0.389161980057052,0.34290956495249625,98.58884228461538,94.97977693846153,4.891182000000001,6.227247999999989,1080p,av1,30,PedestrianArea_1920x1080p25
PedestrianArea_1920x1080p25__1920x1080__av1__crf40,0.5856958579712876,0.5702029548966235,95.0390867076923,88.46045089999998,8.413489999999996,10.444918999999999,1080p,av1,40,PedestrianArea_1920x1080p25
PedestrianArea_1920x1080p25__1920x1080__av1__crf50,0.8009785502692851,0.8166391022787969,89.3622639923077,79.29617242307692,9.432632999999996,14.940658999999997,1080p,av1,50,PedestrianArea_1920x1080p25
PedestrianArea_1920x1080p25__1920x1080__av1__crf60,0.896473794350681,0.9112711934720413,78.42049800769232,60.88456241538462,16.238848000000004,26.359229999999997,1080p,av1,60,PedestrianArea_1920x1080p25
PedestrianArea_1920x1080p25__1920x1080__h264__crf18,0.8011842277766857,0.5028417647613579,99.6688283,99.43201540000001,3.0471739999999983,2.6310780000000022,1080p,h264,18,PedestrianArea_1920x1080p25
PedestrianArea_1920x1080p25__1920x1080__h264__crf23,0.5810125716016971,0.5599286901057354,97.69330925384615,95.19968086923076,6.183510999999996,4.460408000000001,1080p,h264,23,PedestrianArea_1920x1080p25
PedestrianArea_1920x1080p25__1920x1080__h264__crf28,0.39678429954087474,0.38957989421404193,92.49426444615386,88.08953584615385,7.236179000000007,4.660714999999996,1080p,h264,28,PedestrianArea_1920x1080p25
PedestrianArea_1920x1080p25__1920x1080__h264__crf33,0.47109154381027546,0.4781340677200879,83.86754986153845,76.62045505384616,7.986216999999996,6.520446000000007,1080p,h264,33,PedestrianArea_1920x1080p25
PedestrianArea_1920x1080p25__1920x1080__h264__crf38,0.4992998523241598,0.5229338345328634,71.85734927692309,60.77309825384615,8.57717000000001,8.980345999999997,1080p,h264,38,PedestrianArea_1920x1080p25
PedestrianArea_1920x1080p25__1920x1080__h264__crf43,0.4140742383177027,0.4940630003378414,58.03509417692308,38.7939239923077,9.206789999999998,11.557344,1080p,h264,43,PedestrianArea_1920x1080p25
PedestrianArea_1920x1080p25__1920x1080__hevc__crf18,0.8151979581757717,0.5673354640075632,99.46228986923077,98.7913162846154,2.5382879999999943,3.5230959999999953,1080p,hevc,18,PedestrianArea_1920x1080p25
PedestrianArea_1920x1080p25__1920x1080__hevc__crf23,0.41749767725819154,0.3699117126690632,97.45051478461538,94.34108502307693,4.506966000000006,7.382142999999999,1080p,hevc,23,PedestrianArea_1920x1080p25
PedestrianArea_1920x1080p25__1920x1080__hevc__crf28,0.39085333889588214,0.3791398137642941,92.93816857692308,87.5282502153846,4.901312000000004,9.199804,1080p,hevc,28,PedestrianArea_1920x1080p25
PedestrianArea_1920x1080p25__1920x1080__hevc__crf33,0.49562389509198723,0.5330596409279021,85.4170510846154,76.89756704615384,5.724080999999998,13.446638000000007,1080p,hevc,33,PedestrianArea_1920x1080p25
PedestrianArea_1920x1080p25__1920x1080__hevc__crf38,0.6839941464802406,0.729398009356629,74.7167269923077,60.394443430769236,7.743526000000003,18.957462,1080p,hevc,38,PedestrianArea_1920x1080p25
PedestrianArea_1920x1080p25__1920x1080__hevc__crf43,0.6729726066296621,0.7396118101066405,61.3497066076923,39.19765462307692,9.331531999999996,24.700764999999997,1080p,hevc,43,PedestrianArea_1920x1080p25
PedestrianArea_1920x1080p25__1920x1080__vp9__crf20,0.8490319809737327,0.5666918346886871,99.74254328461538,99.1434098153846,1.602536999999998,3.2922829999999976,1080p,vp9,20,PedestrianArea_1920x1080p25
PedestrianArea_1920x1080p25__1920x1080__vp9__crf30,0.7196994677719921,0.6411416803781151,98.6142472923077,96.02432637692307,3.527159999999995,7.336496999999994,1080p,vp9,30,PedestrianArea_1920x1080p25
PedestrianArea_1920x1080p25__1920x1080__vp9__crf40,0.8006825515303195,0.7877062644648869,94.30700623846155,88.68898500769231,9.060716999999997,16.261331,1080p,vp9,40,PedestrianArea_1920x1080p25
PedestrianArea_1920x1080p25__1920x1080__vp9__crf50,0.893467303896845,0.8983692819177765,86.01926216923077,75.00491527692309,14.132301999999996,24.15414700000001,1080p,vp9,50,PedestrianArea_1920x1080p25
PedestrianArea_1920x1080p25__1920x1080__vp9__crf60,0.9197479724972936,0.9335579910971121,72.89266783076923,52.779756476923076,20.370909999999995,38.817662,1080p,vp9,60,PedestrianArea_1920x1080p25
PedestrianArea_1920x1080p25__640x360__av1__crf20,0.8856672503804983,0.8838114694979206,85.20287132307693,78.6319161923077,11.045836999999992,13.697192000000001,360p,av1,20,PedestrianArea_1920x1080p25
PedestrianArea_1920x1080p25__640x360__av1__crf30,0.7126203660100823,0.7502039010515258,81.20195904615385,70.7931842923077,11.047956999999997,15.689529000000007,360p,av1,30,PedestrianArea_1920x1080p25
PedestrianArea_1920x1080p25__640x360__av1__crf40,0.8421645616992328,0.8789460207322619,73.56768555384616,57.27953636153846,13.131506000000002,21.63181000000001,360p,av1,40,PedestrianArea_1920x1080p25
PedestrianArea_1920x1080p25__640x360__av1__crf50,0.8959996704460221,0.9245743726384733,64.73144877692307,41.66526621538461,16.282787999999996,28.086773,360p,av1,50,PedestrianArea_1920x1080p25
PedestrianArea_1920x1080p25__640x360__av1__crf60,0.9264074437897257,0.9452659298277233,52.01333663846154,19.83669658461539,20.239134999999997,34.939862,360p,av1,60,PedestrianArea_1920x1080p25
PedestrianArea_1920x1080p25__640x360__h264__crf18,0.907965461070758,0.9045254469836282,83.94558463076923,77.30306876923076,9.629485000000003,13.464460000000003,360p,h264,18,PedestrianArea_1920x1080p25
PedestrianArea_1920x1080p25__640x360__h264__crf23,0.8209467962962669,0.821165779078515,77.4855274076923,67.3414288,9.407526000000004,13.474160999999995,360p,h264,23,PedestrianArea_1920x1080p25
PedestrianArea_1920x1080p25__640x360__h264__crf28,0.7591909249231226,0.7514146165767124,67.72546557692309,52.7495777076923,8.813609,12.764032,360p,h264,28,PedestrianArea_1920x1080p25
PedestrianArea_1920x1080p25__640x360__h264__crf33,0.7308561905577751,0.7593967657589515,56.19555966923077,34.718438630769235,9.339053999999997,18.280189,360p,h264,33,PedestrianArea_1920x1080p25
PedestrianArea_1920x1080p25__640x360__h264__crf38,0.6649027391929128,0.748840842306513,44.33063300769231,14.38849066923077,7.516556999999999,20.731803,360p,h264,38,PedestrianArea_1920x1080p25
PedestrianArea_1920x1080p25__640x360__h264__crf43,-0.08607298843091364,0.37547085595136553,34.25389936923077,0.0383861,13.437635000000004,2.593922,360p,h264,43,PedestrianArea_1920x1080p25
PedestrianArea_1920x1080p25__640x360__hevc__crf18,0.8684933935742108,0.8680250396800068,83.04932964615384,76.70729538461538,9.387537999999992,15.552571,360p,hevc,18,PedestrianArea_1920x1080p25
PedestrianArea_1920x1080p25__640x360__hevc__crf23,0.8426458077805454,0.8536642729565893,76.87111906923076,67.3180299076923,8.704329999999999,17.732984999999992,360p,hevc,23,PedestrianArea_1920x1080p25
PedestrianArea_1920x1080p25__640x360__hevc__crf28,0.8135335550595918,0.8255116856546608,67.99777879230767,53.92549235384615,8.986311,22.183660999999994,360p,hevc,28,PedestrianArea_1920x1080p25
PedestrianArea_1920x1080p25__640x360__hevc__crf33,0.8033754195896843,0.8486001758230994,57.20378331538462,36.347407153846156,9.827822000000005,27.579638000000003,360p,hevc,33,PedestrianArea_1920x1080p25
PedestrianArea_1920x1080p25__640x360__hevc__crf38,0.7910254047370704,0.8636868510189846,44.445013384615386,13.95591433846154,11.387728000000003,26.880306000000004,360p,hevc,38,PedestrianArea_1920x1080p25
PedestrianArea_1920x1080p25__640x360__hevc__crf43,0.39565366213786674,0.7554798322018524,34.02676032307692,0.23277224615384615,14.311803999999999,12.113721,360p,hevc,43,PedestrianArea_1920x1080p25
PedestrianArea_1920x1080p25__640x360__vp9__crf20,0.9255593538904883,0.9240567206140434,85.69997005384614,80.51708303846154,11.80277799999999,19.421663999999993,360p,vp9,20,PedestrianArea_1920x1080p25
PedestrianArea_1920x1080p25__640x360__vp9__crf30,0.923993934706303,0.9268606720342802,80.72261454615385,72.67837404615383,13.730400000000003,26.047528,360p,vp9,30,PedestrianArea_1920x1080p25
PedestrianArea_1920x1080p25__640x360__vp9__crf40,0.9373948004439078,0.9410374583196591,71.01036611538461,57.49887199999999,18.281957000000006,35.796142999999994,360p,vp9,40,PedestrianArea_1920x1080p25
PedestrianArea_1920x1080p25__640x360__vp9__crf50,0.9364059318705639,0.9506700637769961,58.24971240769231,34.00147525384615,23.081013,44.89643600000001,360p,vp9,50,PedestrianArea_1920x1080p25
PedestrianArea_1920x1080p25__640x360__vp9__crf60,0.9454671580676687,0.9653605312369423,45.672623661538466,7.418166361538462,23.378964000000003,45.752143,360p,vp9,60,PedestrianArea_1920x1080p25
PedestrianArea_1920x1080p25__960x540__av1__crf20,0.7876436691103329,0.7741577532597034,93.79057051538463,89.64725072307692,8.458421999999999,9.753895,540p,av1,20,PedestrianArea_1920x1080p25
PedestrianArea_1920x1080p25__960x540__av1__crf30,0.677227947319645,0.6896037871731215,90.91412231538463,83.7274022846154,7.958737999999997,10.671820999999994,540p,av1,30,PedestrianArea_1920x1080p25
PedestrianArea_1920x1080p25__960x540__av1__crf40,0.770369265673911,0.8060086535884853,84.72899423076923,72.59615803846152,10.168941000000004,15.261821999999995,540p,av1,40,PedestrianArea_1920x1080p25
PedestrianArea_1920x1080p25__960x540__av1__crf50,0.8605008300807095,0.8826416549344931,76.40821192307692,58.697691507692305,14.868633000000003,24.479496000000005,540p,av1,50,PedestrianArea_1920x1080p25
PedestrianArea_1920x1080p25__960x540__av1__crf60,0.9079317759039901,0.9256235323312416,63.99541976923076,37.374028569230774,19.013101,31.320664999999998,540p,av1,60,PedestrianArea_1920x1080p25
PedestrianArea_1920x1080p25__960x540__h264__crf18,0.9011573273574797,0.8844511038804064,93.15774657692306,89.49797960769232,7.601398000000003,8.006141999999997,540p,h264,18,PedestrianArea_1920x1080p25
PedestrianArea_1920x1080p25__960x540__h264__crf23,0.7721619858587978,0.7668437074264429,88.05138315384613,81.51393978461539,7.488204999999994,8.79054099999999,540p,h264,23,PedestrianArea_1920x1080p25
PedestrianArea_1920x1080p25__960x540__h264__crf28,0.6470633669384047,0.6556696732472757,79.58178060769231,69.11415941538462,7.5146799999999985,9.776534000000005,540p,h264,28,PedestrianArea_1920x1080p25
PedestrianArea_1920x1080p25__960x540__h264__crf33,0.6015976710968739,0.6213604411039657,68.08157616923076,52.774351207692305,7.950660999999997,11.357662000000005,540p,h264,33,PedestrianArea_1920x1080p25
PedestrianArea_1920x1080p25__960x540__h264__crf38,0.6448872455087435,0.6861540425882293,55.54446595384616,32.78820203076923,8.819598000000006,13.739169999999998,540p,h264,38,PedestrianArea_1920x1080p25
PedestrianArea_1920x1080p25__960x540__h264__crf43,0.6315987181026259,0.7031561610152431,43.29467171538462,9.962423984615382,9.564379000000002,14.935117000000002,540p,h264,43,PedestrianArea_1920x1080p25
PedestrianArea_1920x1080p25__960x540__hevc__crf18,0.8180060466530396,0.7991290253234546,92.54636966923077,88.92964418461538,6.6720399999999955,10.545896999999997,540p,hevc,18,PedestrianArea_1920x1080p25
PedestrianArea_1920x1080p25__960x540__hevc__crf23,0.7189529734627378,0.7136177157204774,87.87852960000002,81.72625701538462,6.797963999999993,13.257430999999997,540p,hevc,23,PedestrianArea_1920x1080p25
PedestrianArea_1920x1080p25__960x540__hevc__crf28,0.76423631919844,0.7728716496772058,80.42596817692306,70.95926139230768,6.414826000000005,15.477373999999998,540p,hevc,28,PedestrianArea_1920x1080p25
PedestrianArea_1920x1080p25__960x540__hevc__crf33,0.7630435974944023,0.7909006961428994,70.13221036153845,55.579750061538455,7.8879989999999935,20.118231,540p,hevc,33,PedestrianArea_1920x1080p25
PedestrianArea_1920x1080p25__960x540__hevc__crf38,0.7743308725638547,0.8253770501268441,57.57958576153845,34.827889923076924,10.508384,27.793656999999996,540p,hevc,38,PedestrianArea_1920x1080p25
PedestrianArea_1920x1080p25__960x540__hevc__crf43,0.8635850223335128,0.9146005525208619,43.7453564923077,9.692273007692307,13.317701,28.531525000000002,540p,hevc,43,PedestrianArea_1920x1080p25
PedestrianArea_1920x1080p25__960x540__vp9__crf20,0.9040320838812328,0.8763924100494671,94.32419338461538,91.54094226153846,9.013577999999995,12.714393999999999,540p,vp9,20,PedestrianArea_1920x1080p25
PedestrianArea_1920x1080p25__960x540__vp9__crf30,0.8892940758521404,0.8860842126174268,90.5958138076923,85.50156683846156,10.928100999999998,18.97643699999999,540p,vp9,30,PedestrianArea_1920x1080p25
PedestrianArea_1920x1080p25__960x540__vp9__crf40,0.9214728748548873,0.9233226956455111,82.55880642307692,72.68722769230769,15.475259999999992,28.333748,540p,vp9,40,PedestrianArea_1920x1080p25
PedestrianArea_1920x1080p25__960x540__vp9__crf50,0.9373860306041482,0.9440075987126587,70.55232988461538,52.28961463076923,21.317351000000002,40.78429,540p,vp9,50,PedestrianArea_1920x1080p25
PedestrianArea_1920x1080p25__960x540__vp9__crf60,0.9451101544304971,0.960444567799166,56.6760332,24.839045061538464,23.665536000000003,47.649418,540p,vp9,60,PedestrianArea_1920x1080p25
RitualDance_1920x1080_5994_10bit_420__1280x720__av1__crf20,0.894014788873229,0.8285673682521439,97.36919417692307,95.89801661538462,4.864187999999999,7.006191000000001,720p,av1,20,RitualDance_1920x1080_5994_10bit_420
RitualDance_1920x1080_5994_10bit_420__1280x720__av1__crf30,0.9007979151737253,0.8685219395429515,94.53725472307693,90.95863338461538,7.542734999999993,9.692506999999992,720p,av1,30,RitualDance_1920x1080_5994_10bit_420
RitualDance_1920x1080_5994_10bit_420__1280x720__av1__crf40,0.9164696698653222,0.9040100729361484,88.55725761538461,82.46872256923078,10.55183199999999,13.096570999999997,720p,av1,40,RitualDance_1920x1080_5994_10bit_420
RitualDance_1920x1080_5994_10bit_420__1280x720__av1__crf50,0.930475324181583,0.926265901650125,79.67119135384614,70.41248453846154,14.545564999999996,19.76416499999999,720p,av1,50,RitualDance_1920x1080_5994_10bit_420
RitualDance_1920x1080_5994_10bit_420__1280x720__av1__crf60,0.9339456675460763,0.9403055007113842,64.50207157692307,48.72715994615385,20.27693,29.46790099999999,720p,av1,60,RitualDance_1920x1080_5994_10bit_420
RitualDance_1920x1080_5994_10bit_420__1280x720__h264__crf18,0.884873917051728,0.8613073714636154,94.33693060769231,92.5014355076923,7.348565999999991,7.520291999999998,720p,h264,18,RitualDance_1920x1080_5994_10bit_420
RitualDance_1920x1080_5994_10bit_420__1280x720__h264__crf23,0.8602430879667502,0.853910983643898,88.39040377692307,84.81031091538462,7.70291499999999,8.72083099999999,720p,h264,23,RitualDance_1920x1080_5994_10bit_420
RitualDance_1920x1080_5994_10bit_420__1280x720__h264__crf28,0.800940436747678,0.7876878825430984,78.80687848461538,73.17215454615385,10.076154000000002,10.088119000000006,720p,h264,28,RitualDance_1920x1080_5994_10bit_420
RitualDance_1920x1080_5994_10bit_420__1280x720__h264__crf33,0.8005555831719707,0.7782000860802919,65.66838455384615,56.63818496153846,10.454709000000001,12.279826999999997,720p,h264,33,RitualDance_1920x1080_5994_10bit_420
RitualDance_1920x1080_5994_10bit_420__1280x720__h264__crf38,0.8405552885063283,0.8373076538728969,49.89570584615385,34.53333125384616,11.994635000000002,15.352414999999997,720p,h264,38,RitualDance_1920x1080_5994_10bit_420
RitualDance_1920x1080_5994_10bit_420__1280x720__h264__crf43,0.898160458866207,0.9071041742045363,35.72387298461539,11.12687883076923,16.226842,23.274839,720p,h264,43,RitualDance_1920x1080_5994_10bit_420
RitualDance_1920x1080_5994_10bit_420__1280x720__hevc__crf18,0.8667018572725931,0.8320004168054328,94.18717312307693,92.29598374615385,5.837459999999993,10.009795000000011,720p,hevc,18,RitualDance_1920x1080_5994_10bit_420
RitualDance_1920x1080_5994_10bit_420__1280x720__hevc__crf23,0.8945363820261184,0.8763927623229827,88.94156273076923,85.43198996923077,6.777117000000004,12.651825000000002,720p,hevc,23,RitualDance_1920x1080_5994_10bit_420
RitualDance_1920x1080_5994_10bit_420__1280x720__hevc__crf28,0.8804120188074916,0.8770864688390928,80.83743533846153,74.68425953076924,8.655289999999994,16.58423099999999,720p,hevc,28,RitualDance_1920x1080_5994_10bit_420
RitualDance_1920x1080_5994_10bit_420__1280x720__hevc__crf33,0.8992430845274403,0.8984359518429971,69.60512226923079,59.591664138461546,10.662202999999991,24.503492,720p,hevc,33,RitualDance_1920x1080_5994_10bit_420
RitualDance_1920x1080_5994_10bit_420__1280x720__hevc__crf38,0.9062104536647664,0.9143830063173968,55.73830988461539,37.12036510769231,12.000681999999998,30.114661,720p,hevc,38,RitualDance_1920x1080_5994_10bit_420
RitualDance_1920x1080_5994_10bit_420__1280x720__hevc__crf43,0.8658497676520217,0.8936222329036586,41.72359170769231,14.027480669230771,12.820222000000001,24.527086999999998,720p,hevc,43,RitualDance_1920x1080_5994_10bit_420
RitualDance_1920x1080_5994_10bit_420__1280x720__vp9__crf20,0.9161262698297247,0.8476251474561687,97.96960943076922,96.9341524153846,4.002165000000005,6.2356670000000065,720p,vp9,20,RitualDance_1920x1080_5994_10bit_420
RitualDance_1920x1080_5994_10bit_420__1280x720__vp9__crf30,0.9311047898347308,0.9060626959279757,95.13638496153847,92.63663466153845,7.686275999999992,11.043806000000004,720p,vp9,30,RitualDance_1920x1080_5994_10bit_420
RitualDance_1920x1080_5994_10bit_420__1280x720__vp9__crf40,0.9390480103958256,0.9379491015242716,88.82753532307693,84.16299059230771,12.744775000000004,20.359359999999995,720p,vp9,40,RitualDance_1920x1080_5994_10bit_420
RitualDance_1920x1080_5994_10bit_420__1280x720__vp9__crf50,0.9487544454713884,0.952676346014583,77.98877704615386,69.35266440769232,20.724441,29.389869000000004,720p,vp9,50,RitualDance_1920x1080_5994_10bit_420
RitualDance_1920x1080_5994_10bit_420__1280x720__vp9__crf60,0.9597959959694395,0.9603183707269997,63.329122500000004,46.742770930769225,26.26441400000001,42.074693,720p,vp9,60,RitualDance_1920x1080_5994_10bit_420
RitualDance_1920x1080_5994_10bit_420__1920x1080__av1__crf20,0.7643425565020227,0.5744545679828912,99.79109115384615,99.35299213076922,1.7903790000000015,2.7930470000000014,1080p,av1,20,RitualDance_1920x1080_5994_10bit_420
RitualDance_1920x1080_5994_10bit_420__1920x1080__av1__crf30,0.8623286152613299,0.7719692913021897,98.41912056153848,96.14776573076921,3.547282999999993,7.111480999999998,1080p,av1,30,RitualDance_1920x1080_5994_10bit_420
RitualDance_1920x1080_5994_10bit_420__1920x1080__av1__crf40,0.8920036980735798,0.8638595383075217,94.22339867692308,89.63200880000001,7.8566140000000075,10.849142999999998,1080p,av1,40,RitualDance_1920x1080_5994_10bit_420
RitualDance_1920x1080_5994_10bit_420__1920x1080__av1__crf50,0.9167756867149168,0.9056424277176136,87.27160738461538,80.26855794615383,11.752059000000003,15.082673999999997,1080p,av1,50,RitualDance_1920x1080_5994_10bit_420
RitualDance_1920x1080_5994_10bit_420__1920x1080__av1__crf60,0.9104738557137949,0.9131118603388146,74.09490536923076,61.795210884615386,19.126363000000012,26.34742,1080p,av1,60,RitualDance_1920x1080_5994_10bit_420
RitualDance_1920x1080_5994_10bit_420__1920x1080__h264__crf18,0.8568517287225954,0.7873151725614596,98.36568674615384,97.63255813076923,3.5259240000000034,4.2663809999999955,1080p,h264,18,RitualDance_1920x1080_5994_10bit_420
RitualDance_1920x1080_5994_10bit_420__1920x1080__h264__crf23,0.8301561733912246,0.822674727696621,94.32482440000001,92.17400886153845,7.344955999999996,7.861525,1080p,h264,23,RitualDance_1920x1080_5994_10bit_420
RitualDance_1920x1080_5994_10bit_420__1920x1080__h264__crf28,0.8224876147106968,0.817004191374398,87.21948125384615,83.61349003846153,8.380004999999997,8.659654000000003,1080p,h264,28,RitualDance_1920x1080_5994_10bit_420
RitualDance_1920x1080_5994_10bit_420__1920x1080__h264__crf33,0.7896058563373246,0.7761254018195594,76.15840040769231,70.59635061538461,9.060232999999997,11.416411999999994,1080p,h264,33,RitualDance_1920x1080_5994_10bit_420
RitualDance_1920x1080_5994_10bit_420__1920x1080__h264__crf38,0.8329965989980127,0.8287395163486285,61.538410792307694,52.01256926153846,11.018073000000008,14.607374,1080p,h264,38,RitualDance_1920x1080_5994_10bit_420
RitualDance_1920x1080_5994_10bit_420__1920x1080__h264__crf43,0.8863123857892742,0.8959689380509038,46.86686055384615,29.108715661538458,13.259472000000002,19.761117000000002,1080p,h264,43,RitualDance_1920x1080_5994_10bit_420
RitualDance_1920x1080_5994_10bit_420__1920x1080__hevc__crf18,0.8818404325772825,0.7676908015869978,98.0457971923077,96.96627347692309,3.566796999999994,5.092258000000001,1080p,hevc,18,RitualDance_1920x1080_5994_10bit_420
RitualDance_1920x1080_5994_10bit_420__1920x1080__hevc__crf23,0.8355694380063938,0.8006013942796226,94.37409024615384,91.64619731538461,5.857023999999996,10.495587,1080p,hevc,23,RitualDance_1920x1080_5994_10bit_420
RitualDance_1920x1080_5994_10bit_420__1920x1080__hevc__crf28,0.849621775154382,0.8359912642242636,88.22027041538462,83.50022365384615,6.950849999999988,13.268542999999994,1080p,hevc,28,RitualDance_1920x1080_5994_10bit_420
RitualDance_1920x1080_5994_10bit_420__1920x1080__hevc__crf33,0.8663735147317102,0.8630482085112645,79.04947372307693,71.56505604615386,8.565909000000005,19.076126000000002,1080p,hevc,33,RitualDance_1920x1080_5994_10bit_420
RitualDance_1920x1080_5994_10bit_420__1920x1080__hevc__crf38,0.8918101074469494,0.8962413731067324,66.55488419999999,53.818397,11.046703,24.792358999999998,1080p,hevc,38,RitualDance_1920x1080_5994_10bit_420
RitualDance_1920x1080_5994_10bit_420__1920x1080__hevc__crf43,0.8511147276027555,0.8702764562526323,52.53383862307692,31.589283084615385,9.804824000000004,25.508929,1080p,hevc,43,RitualDance_1920x1080_5994_10bit_420
RitualDance_1920x1080_5994_10bit_420__1920x1080__vp9__crf20,0.7670648068661191,0.6259559024761359,99.92860413846154,99.72691318461538,0.7920430000000067,1.837773999999996,1080p,vp9,20,RitualDance_1920x1080_5994_10bit_420
RitualDance_1920x1080_5994_10bit_420__1920x1080__vp9__crf30,0.9071562192537216,0.8450719855994325,98.73648042307693,97.37179053076923,3.713787999999994,5.621887000000001,1080p,vp9,30,RitualDance_1920x1080_5994_10bit_420
RitualDance_1920x1080_5994_10bit_420__1920x1080__vp9__crf40,0.9331195136740581,0.9159053010473684,94.5101292076923,91.02526858461539,9.363107000000014,13.487820999999997,1080p,vp9,40,RitualDance_1920x1080_5994_10bit_420
RitualDance_1920x1080_5994_10bit_420__1920x1080__vp9__crf50,0.9460980350525654,0.9474362969973013,86.3418819,79.87585460769232,16.415590999999992,23.729298999999997,1080p,vp9,50,RitualDance_1920x1080_5994_10bit_420
RitualDance_1920x1080_5994_10bit_420__1920x1080__vp9__crf60,0.9618316361878211,0.962856580368514,73.7652998923077,61.59927279230769,22.96583799999999,35.552884999999996,1080p,vp9,60,RitualDance_1920x1080_5994_10bit_420
RitualDance_1920x1080_5994_10bit_420__640x360__av1__crf20,0.9074900228948553,0.8952849632345713,83.22333393846155,77.8784325,8.949804999999998,13.558964000000003,360p,av1,20,RitualDance_1920x1080_5994_10bit_420
RitualDance_1920x1080_5994_10bit_420__640x360__av1__crf30,0.8825031205723264,0.8798007325489815,78.76204675384616,70.47976756153845,11.138135999999989,13.825614999999999,360p,av1,30,RitualDance_1920x1080_5994_10bit_420
RitualDance_1920x1080_5994_10bit_420__640x360__av1__crf40,0.8425007105891786,0.8570028189829962,70.42796827692308,57.273982915384615,13.324442999999988,20.449803999999993,360p,av1,40,RitualDance_1920x1080_5994_10bit_420
RitualDance_1920x1080_5994_10bit_420__640x360__av1__crf50,0.9076717768246668,0.9256148028463143,59.91679054615384,40.710595007692305,17.813425000000002,27.341433,360p,av1,50,RitualDance_1920x1080_5994_10bit_420
RitualDance_1920x1080_5994_10bit_420__640x360__av1__crf60,0.9060444355486427,0.9289228509761057,44.58453693846154,16.960083592307694,20.263946999999995,33.297222,360p,av1,60,RitualDance_1920x1080_5994_10bit_420
RitualDance_1920x1080_5994_10bit_420__640x360__h264__crf18,0.9024977184642384,0.8976943340077096,77.82752843076923,69.8586749,10.133301000000003,13.032095999999996,360p,h264,18,RitualDance_1920x1080_5994_10bit_420
RitualDance_1920x1080_5994_10bit_420__640x360__h264__crf23,0.8619396776464996,0.862550970648226,68.84657834615385,57.15110706923077,9.868168999999995,14.226157,360p,h264,23,RitualDance_1920x1080_5994_10bit_420
RitualDance_1920x1080_5994_10bit_420__640x360__h264__crf28,0.8585813965694035,0.8692430450551395,57.05320698461538,40.328459099999996,11.746035,14.93889,360p,h264,28,RitualDance_1920x1080_5994_10bit_420
RitualDance_1920x1080_5994_10bit_420__640x360__h264__crf33,0.8202661302812764,0.8540136610381714,43.47034755384615,19.39091893076923,10.513989000000002,12.818365,360p,h264,33,RitualDance_1920x1080_5994_10bit_420
RitualDance_1920x1080_5994_10bit_420__640x360__h264__crf38,0.6330357492869119,0.8227877618037605,30.881081907692305,0.9894912769230768,12.618280000000002,9.447876,360p,h264,38,RitualDance_1920x1080_5994_10bit_420
RitualDance_1920x1080_5994_10bit_420__640x360__h264__crf43,,,20.981742915384615,0.0,10.915969,0.0,360p,h264,43,RitualDance_1920x1080_5994_10bit_420
RitualDance_1920x1080_5994_10bit_420__640x360__hevc__crf18,0.9087401530233771,0.9026279454597291,77.14412288461538,71.51585313076923,8.10499,14.462625000000003,360p,hevc,18,RitualDance_1920x1080_5994_10bit_420
RitualDance_1920x1080_5994_10bit_420__640x360__hevc__crf23,0.9029222367695419,0.9003221218745125,69.04588839230769,60.256199569230766,9.740792999999996,20.436268000000005,360p,hevc,23,RitualDance_1920x1080_5994_10bit_420
RitualDance_1920x1080_5994_10bit_420__640x360__hevc__crf28,0.9311066306421455,0.9331480517862436,58.5818181,44.56361686923077,10.884248000000007,24.990338,360p,hevc,28,RitualDance_1920x1080_5994_10bit_420
RitualDance_1920x1080_5994_10bit_420__640x360__hevc__crf33,0.8968719337048836,0.9126777513646124,46.214038776923076,24.14546448461538,10.944442000000002,29.671218000000003,360p,hevc,33,RitualDance_1920x1080_5994_10bit_420
RitualDance_1920x1080_5994_10bit_420__640x360__hevc__crf38,0.8555841473850064,0.9207665447693074,34.078085546153844,2.954615346153846,12.679536000000002,22.726632,360p,hevc,38,RitualDance_1920x1080_5994_10bit_420
RitualDance_1920x1080_5994_10bit_420__640x360__hevc__crf43,,-0.019985222541523066,22.459886153846156,0.0,10.253435,0.0,360p,hevc,43,RitualDance_1920x1080_5994_10bit_420
RitualDance_1920x1080_5994_10bit_420__640x360__vp9__crf20,0.9262255902220795,0.9205757860396871,84.01458708461539,79.87993534615384,8.484932,13.097527999999997,360p,vp9,20,RitualDance_1920x1080_5994_10bit_420
RitualDance_1920x1080_5994_10bit_420__640x360__vp9__crf30,0.9506622743289278,0.9503195566130799,79.1838621076923,73.35198108461539,12.10770500000001,19.723462000000012,360p,vp9,30,RitualDance_1920x1080_5994_10bit_420
RitualDance_1920x1080_5994_10bit_420__640x360__vp9__crf40,0.9543658699511277,0.9570124519643148,69.77551250769231,59.78123376923077,18.777098000000002,31.204121999999998,360p,vp9,40,RitualDance_1920x1080_5994_10bit_420
RitualDance_1920x1080_5994_10bit_420__640x360__vp9__crf50,0.9610416837338697,0.9665400652043837,56.701000830769225,38.11672686153846,24.723233999999998,41.659165,360p,vp9,50,RitualDance_1920x1080_5994_10bit_420
RitualDance_1920x1080_5994_10bit_420__640x360__vp9__crf60,0.9680352499646807,0.9740766926620141,42.51033056153847,12.287248369230769,28.354183999999997,49.488834,360p,vp9,60,RitualDance_1920x1080_5994_10bit_420
RitualDance_1920x1080_5994_10bit_420__960x540__av1__crf20,0.8826706238029159,0.8488765187892329,93.36885850000002,90.08126172307692,6.553348,10.460629999999995,540p,av1,20,RitualDance_1920x1080_5994_10bit_420
RitualDance_1920x1080_5994_10bit_420__960x540__av1__crf30,0.8569175182824949,0.837150224898899,90.03749749999999,84.2673968,7.593660999999997,12.743795999999989,540p,av1,30,RitualDance_1920x1080_5994_10bit_420
RitualDance_1920x1080_5994_10bit_420__960x540__av1__crf40,0.8417954898410339,0.8385117845086715,83.10428570769231,73.82957521538461,10.132521999999994,18.001740000000012,540p,av1,40,RitualDance_1920x1080_5994_10bit_420
RitualDance_1920x1080_5994_10bit_420__960x540__av1__crf50,0.8665570955005315,0.8792166277256379,73.17502983846154,59.274037238461545,15.858871000000008,27.149777999999998,540p,av1,50,RitualDance_1920x1080_5994_10bit_420
RitualDance_1920x1080_5994_10bit_420__960x540__av1__crf60,0.9296332332176894,0.9442233342198948,56.94060002307692,35.64345906923077,24.087509000000004,38.671752999999995,540p,av1,60,RitualDance_1920x1080_5994_10bit_420
RitualDance_1920x1080_5994_10bit_420__960x540__h264__crf18,0.8712011710687947,0.8478146013512107,89.18128738461539,84.53624431538462,8.312968999999995,9.694205999999994,540p,h264,18,RitualDance_1920x1080_5994_10bit_420
RitualDance_1920x1080_5994_10bit_420__960x540__h264__crf23,0.8243318120080719,0.8155096009966842,81.8638289153846,74.40747052307692,9.11863000000001,10.614922000000007,540p,h264,23,RitualDance_1920x1080_5994_10bit_420
RitualDance_1920x1080_5994_10bit_420__960x540__h264__crf28,0.8094916406659001,0.8085087228626555,70.77534478461538,60.07660293846154,10.352473000000003,11.297566999999994,540p,h264,28,RitualDance_1920x1080_5994_10bit_420
RitualDance_1920x1080_5994_10bit_420__960x540__h264__crf33,0.805413382569939,0.8127444245359855,56.986407146153844,40.920127107692316,9.583146999999997,11.361992,540p,h264,33,RitualDance_1920x1080_5994_10bit_420
RitualDance_1920x1080_5994_10bit_420__960x540__h264__crf38,0.8206348496085049,0.8448119908228588,41.75362713846154,17.401685176923078,10.805723999999998,13.243257999999999,540p,h264,38,RitualDance_1920x1080_5994_10bit_420
RitualDance_1920x1080_5994_10bit_420__960x540__h264__crf43,0.5524221257986666,0.8380936726849917,29.15617539230769,0.3534024461538461,14.427762000000001,4.268831,540p,h264,43,RitualDance_1920x1080_5994_10bit_420
RitualDance_1920x1080_5994_10bit_420__960x540__hevc__crf18,0.9066019046494652,0.8845738684814266,88.84192378461537,85.4742644076923,6.591030999999987,12.181523000000013,540p,hevc,18,RitualDance_1920x1080_5994_10bit_420
RitualDance_1920x1080_5994_10bit_420__960x540__hevc__crf23,0.8972816237065697,0.8858373220505412,82.24873684615385,76.76653238461539,7.886994999999999,14.795137999999994,540p,hevc,23,RitualDance_1920x1080_5994_10bit_420
RitualDance_1920x1080_5994_10bit_420__960x540__hevc__crf28,0.8966542550251515,0.8984669623846128,72.81502171538462,63.707440184615386,9.685965999999993,19.410358000000002,540p,hevc,28,RitualDance_1920x1080_5994_10bit_420
RitualDance_1920x1080_5994_10bit_420__960x540__hevc__crf33,0.8869302891343809,0.8975375070811754,60.770384376923076,45.45527173846154,11.689442,28.719488999999996,540p,hevc,33,RitualDance_1920x1080_5994_10bit_420
RitualDance_1920x1080_5994_10bit_420__960x540__hevc__crf38,0.9145739403284172,0.9260395013947943,46.54157953846154,21.308947338461536,13.203271,28.432967999999995,540p,hevc,38,RitualDance_1920x1080_5994_10bit_420
RitualDance_1920x1080_5994_10bit_420__960x540__hevc__crf43,0.7939543881171616,0.9230339491344456,33.40274302307693,1.5901362153846155,12.566311000000002,13.496209,540p,hevc,43,RitualDance_1920x1080_5994_10bit_420
RitualDance_1920x1080_5994_10bit_420__960x540__vp9__crf20,0.9005775872359828,0.8745690889040323,93.85331316923077,91.69811489230769,6.204736999999994,11.004744000000002,540p,vp9,20,RitualDance_1920x1080_5994_10bit_420
RitualDance_1920x1080_5994_10bit_420__960x540__vp9__crf30,0.9301152038120304,0.9262011998048821,90.23493073846154,86.36908233846155,9.208556000000002,16.280429999999996,540p,vp9,30,RitualDance_1920x1080_5994_10bit_420
RitualDance_1920x1080_5994_10bit_420__960x540__vp9__crf40,0.9410721073904957,0.9412993979629506,82.55536800769232,75.78770936923077,15.690956,25.036437000000006,540p,vp9,40,RitualDance_1920x1080_5994_10bit_420
RitualDance_1920x1080_5994_10bit_420__960x540__vp9__crf50,0.9588287785033199,0.9604143532656972,70.34797435384615,57.42577615384615,22.382287999999996,36.242799,540p,vp9,50,RitualDance_1920x1080_5994_10bit_420
RitualDance_1920x1080_5994_10bit_420__960x540__vp9__crf60,0.9561665880843859,0.958909245590629,55.57078072307693,32.839580446153846,27.332103000000004,45.81531000000001,540p,vp9,60,RitualDance_1920x1080_5994_10bit_420
Riverbed_1920x1080p25__1280x720__av1__crf20,-0.11277905572648804,-0.1584087447511401,99.95792819230769,97.41508206923076,5.469335000000001,6.107979999999998,720p,av1,20,Riverbed_1920x1080p25
Riverbed_1920x1080p25__1280x720__av1__crf30,0.6253429648167746,0.7429932252214515,98.37180753846154,86.02475669230769,10.718019999999996,15.067302999999995,720p,av1,30,Riverbed_1920x1080p25
Riverbed_1920x1080p25__1280x720__av1__crf40,0.8151192334111174,0.8782580090828134,88.57812546923076,66.58127994615386,19.180064,17.693293000000004,720p,av1,40,Riverbed_1920x1080p25
Riverbed_1920x1080p25__1280x720__av1__crf50,0.8680300136479352,0.9247997693839697,73.59352871538462,43.21121587692308,20.159315000000007,22.462431000000002,720p,av1,50,Riverbed_1920x1080p25
Riverbed_1920x1080p25__1280x720__av1__crf60,0.8630090342462591,0.9431950313693129,56.95578106153847,17.99025959230769,17.297386999999993,23.988276,720p,av1,60,Riverbed_1920x1080p25
Riverbed_1920x1080p25__1280x720__h264__crf18,-0.03919924461297478,-0.03632900144364804,99.93664563076923,98.88448906923078,8.236068000000003,2.859499999999997,720p,h264,18,Riverbed_1920x1080p25
Riverbed_1920x1080p25__1280x720__h264__crf23,0.5092206235484262,0.5160386781660578,97.22790959999999,89.16103686923077,14.743039999999993,5.285221000000007,720p,h264,23,Riverbed_1920x1080p25
Riverbed_1920x1080p25__1280x720__h264__crf28,0.5323778328445559,0.6004255520420472,86.45182332307694,74.78211734615385,15.74465699999999,7.13478099999999,720p,h264,28,Riverbed_1920x1080p25
Riverbed_1920x1080p25__1280x720__h264__crf33,0.6017664495191142,0.7504242108443967,72.39501194615384,54.92990666923077,16.754686999999997,11.08352,720p,h264,33,Riverbed_1920x1080p25
Riverbed_1920x1080p25__1280x720__h264__crf38,0.45394288166522695,0.6455819359805954,59.381714776923076,29.248431338461536,19.125964000000003,13.866578999999998,720p,h264,38,Riverbed_1920x1080p25
Riverbed_1920x1080p25__1280x720__h264__crf43,0.43293413302124056,0.5503610604970098,51.42517616153847,4.270797399999999,21.376778,12.665272,720p,h264,43,Riverbed_1920x1080p25
Riverbed_1920x1080p25__1280x720__hevc__crf18,0.39940945274294953,0.44485047426107516,99.24011113846154,93.53151257692306,7.341335000000001,9.790029000000004,720p,hevc,18,Riverbed_1920x1080p25
Riverbed_1920x1080p25__1280x720__hevc__crf23,0.8379653976528718,0.8793956034894712,92.69765423846154,82.05162086923077,9.820847,15.151475000000005,720p,hevc,23,Riverbed_1920x1080p25
Riverbed_1920x1080p25__1280x720__hevc__crf28,0.8875810119896762,0.9306345322295801,82.1475087,66.2843920076923,10.800925000000007,20.843819999999994,720p,hevc,28,Riverbed_1920x1080p25
Riverbed_1920x1080p25__1280x720__hevc__crf33,0.9026277815533016,0.9612100404725971,69.66466934615386,45.88554216153846,12.036373999999995,24.403676000000004,720p,hevc,33,Riverbed_1920x1080p25
Riverbed_1920x1080p25__1280x720__hevc__crf38,0.782004198872757,0.9176731753310566,58.35172767692308,22.664588938461538,11.928837999999999,29.419216000000002,720p,hevc,38,Riverbed_1920x1080p25
Riverbed_1920x1080p25__1280x720__hevc__crf43,0.63695161232175,0.8612886146980089,49.58903316153847,2.8628742923076924,15.176769999999998,17.888115,720p,hevc,43,Riverbed_1920x1080p25
Riverbed_1920x1080p25__1280x720__vp9__crf20,-0.0840051640316978,-0.10599466553307296,99.97751316153845,98.92337904615384,2.923288999999997,3.410898000000003,720p,vp9,20,Riverbed_1920x1080p25
Riverbed_1920x1080p25__1280x720__vp9__crf30,0.7184637473430081,0.8282329259414856,98.93034045384616,92.04859213846154,4.112128999999996,13.491265999999996,720p,vp9,30,Riverbed_1920x1080p25
Riverbed_1920x1080p25__1280x720__vp9__crf40,0.9511998285583688,0.9658027137941141,91.18404286153846,76.21539574615383,13.994418999999994,31.976437000000004,720p,vp9,40,Riverbed_1920x1080p25
Riverbed_1920x1080p25__1280x720__vp9__crf50,0.9733960036473664,0.9854600728305523,77.54420861538462,52.360245476923076,27.909059999999997,45.074223999999994,720p,vp9,50,Riverbed_1920x1080p25
Riverbed_1920x1080p25__1280x720__vp9__crf60,0.9697357486338046,0.9878636049850039,62.69000678461538,24.31147726153846,29.973825000000005,50.902252000000004,720p,vp9,60,Riverbed_1920x1080p25
Riverbed_1920x1080p25__1920x1080__av1__crf20,,-0.0077519379851293015,99.97700253076924,100.0,2.9896710000000013,0.0,1080p,av1,20,Riverbed_1920x1080p25
Riverbed_1920x1080p25__1920x1080__av1__crf30,-0.1326662211631626,-0.1591487196155117,99.94161955384615,95.86200352307692,7.589457999999993,8.515165999999994,1080p,av1,30,Riverbed_1920x1080p25
Riverbed_1920x1080p25__1920x1080__av1__crf40,0.7382731257881212,0.808646902481122,96.05713333076923,79.41808927692308,17.636362000000005,17.558818000000002,1080p,av1,40,Riverbed_1920x1080p25
Riverbed_1920x1080p25__1920x1080__av1__crf50,0.8468754159115848,0.9025284958449035,83.4170028,56.30122863076923,21.489638,21.100766000000007,1080p,av1,50,Riverbed_1920x1080p25
Riverbed_1920x1080p25__1920x1080__av1__crf60,0.8686112223902639,0.9349226265821292,65.74629465384616,30.531487392307685,19.362884,22.582663,1080p,av1,60,Riverbed_1920x1080p25
Riverbed_1920x1080p25__1920x1080__h264__crf18,,,99.96476742307692,100.0,4.580235000000002,0.0,1080p,h264,18,Riverbed_1920x1080p25
Riverbed_1920x1080p25__1920x1080__h264__crf23,0.039490271184396145,0.039469322899609936,99.92705994615383,97.07466524615384,9.482207000000002,3.776335000000003,1080p,h264,23,Riverbed_1920x1080p25
Riverbed_1920x1080p25__1920x1080__h264__crf28,0.5207305421978452,0.5504614691796893,94.62211238461538,86.06574126153846,14.859982000000002,5.597476,1080p,h264,28,Riverbed_1920x1080p25
Riverbed_1920x1080p25__1920x1080__h264__crf33,0.5716994761690445,0.6944753315285185,82.17078071538462,70.07977678461539,15.925193000000007,9.86010499999999,1080p,h264,33,Riverbed_1920x1080p25
Riverbed_1920x1080p25__1920x1080__h264__crf38,0.5851283207619982,0.751568299207331,67.81183644615385,47.683876892307694,17.837465999999992,13.022464,1080p,h264,38,Riverbed_1920x1080p25
Riverbed_1920x1080p25__1920x1080__h264__crf43,0.4216539382205002,0.6024562923932015,56.945978138461534,21.057514776923078,19.952162,18.516942,1080p,h264,43,Riverbed_1920x1080p25
Riverbed_1920x1080p25__1920x1080__hevc__crf18,-0.09984126464441362,-0.14706217234664254,99.9699735,99.23207398461538,3.903445000000005,2.515895999999998,1080p,hevc,18,Riverbed_1920x1080p25
Riverbed_1920x1080p25__1920x1080__hevc__crf23,0.5937369200909616,0.672554212453072,98.59566461538462,91.00208574615384,7.260527999999994,12.666013000000007,1080p,hevc,23,Riverbed_1920x1080p25
Riverbed_1920x1080p25__1920x1080__hevc__crf28,0.8414360287159085,0.8863330367478445,90.91182827692307,78.18871472307693,9.490250000000003,18.354535,1080p,hevc,28,Riverbed_1920x1080p25
Riverbed_1920x1080p25__1920x1080__hevc__crf33,0.891835783401592,0.9423745414065847,79.7730190076923,60.94210072307692,10.926052999999996,23.434911,1080p,hevc,33,Riverbed_1920x1080p25
Riverbed_1920x1080p25__1920x1080__hevc__crf38,0.8350636829256454,0.9251721172986063,67.58847861538463,38.65733667692308,11.376017000000004,28.692462,1080p,hevc,38,Riverbed_1920x1080p25
Riverbed_1920x1080p25__1920x1080__hevc__crf43,0.795488562014919,0.9244667017649151,56.89297746153846,16.37778066923077,14.341026000000006,24.068935999999997,1080p,hevc,43,Riverbed_1920x1080p25
Riverbed_1920x1080p25__1920x1080__vp9__crf20,,,99.99784383846155,100.0,0.28030099999999436,0.0,1080p,vp9,20,Riverbed_1920x1080p25
Riverbed_1920x1080p25__1920x1080__vp9__crf30,-0.10401974383026595,-0.1242781684627591,99.98907230769231,97.72798833076922,1.4205999999999932,5.380701999999999,1080p,vp9,30,Riverbed_1920x1080p25
Riverbed_1920x1080p25__1920x1080__vp9__crf40,0.9140026314639037,0.9455085198359181,96.97267257692309,85.9280612,6.741484999999997,20.786377,1080p,vp9,40,Riverbed_1920x1080p25
Riverbed_1920x1080p25__1920x1080__vp9__crf50,0.9633871366768653,0.9771489658484824,86.06575586923076,64.3113225923077,20.432035999999997,39.617400999999994,1080p,vp9,50,Riverbed_1920x1080p25
Riverbed_1920x1080p25__1920x1080__vp9__crf60,0.968904617959211,0.9847758756037605,70.79541953076924,37.55477636153846,30.490342999999996,49.489237,1080p,vp9,60,Riverbed_1920x1080p25
Riverbed_1920x1080p25__640x360__av1__crf20,0.7018968229885961,0.7970833547697225,91.8639603846154,76.14246762307691,15.483160999999996,13.99121000000001,360p,av1,20,Riverbed_1920x1080p25
Riverbed_1920x1080p25__640x360__av1__crf30,0.7718160123746667,0.8640187909597825,84.46364726923076,60.04774984615384,17.371233000000004,17.056497,360p,av1,30,Riverbed_1920x1080p25
Riverbed_1920x1080p25__640x360__av1__crf40,0.8460306372872828,0.922445447930178,71.00456042307691,38.14982186153846,21.113164999999995,17.444816999999997,360p,av1,40,Riverbed_1920x1080p25
Riverbed_1920x1080p25__640x360__av1__crf50,0.8499435764253668,0.9371236343555785,56.734363853846155,18.95677474615385,20.808212000000005,19.802758,360p,av1,50,Riverbed_1920x1080p25
Riverbed_1920x1080p25__640x360__av1__crf60,0.33512342002492157,0.771234916660354,44.556309869230766,0.5708404692307693,17.493541,9.635582,360p,av1,60,Riverbed_1920x1080p25
Riverbed_1920x1080p25__640x360__h264__crf18,0.615708688435156,0.717768424651809,90.45956646923077,75.97066337692308,16.156006000000005,11.968220000000002,360p,h264,18,Riverbed_1920x1080p25
Riverbed_1920x1080p25__640x360__h264__crf23,0.7633810428604109,0.8605166239180094,80.40906418461539,60.604794938461545,20.161226999999997,15.130039999999994,360p,h264,23,Riverbed_1920x1080p25
Riverbed_1920x1080p25__640x360__h264__crf28,0.7518523070179481,0.8808949616525792,67.50816211538462,40.78710817692308,23.075997,19.288283999999997,360p,h264,28,Riverbed_1920x1080p25
Riverbed_1920x1080p25__640x360__h264__crf33,0.6365799968764313,0.8163965529747079,56.1964936923077,18.144189692307695,22.174840999999994,22.538548999999996,360p,h264,33,Riverbed_1920x1080p25
Riverbed_1920x1080p25__640x360__h264__crf38,0.2606695797667297,0.6588913362427332,48.11546101538462,0.2893405461538462,22.260143999999997,13.394034,360p,h264,38,Riverbed_1920x1080p25
Riverbed_1920x1080p25__640x360__h264__crf43,,,43.590440799999996,0.0,22.359041999999995,0.0,360p,h264,43,Riverbed_1920x1080p25
Riverbed_1920x1080p25__640x360__hevc__crf18,0.811791070672828,0.8814722324970911,85.00099573076922,70.43978468461539,11.054539000000005,16.527416000000002,360p,hevc,18,Riverbed_1920x1080p25
Riverbed_1920x1080p25__640x360__hevc__crf23,0.8558448909394478,0.9173861687424057,74.92837052307692,54.24425226153846,11.207907000000006,20.787104000000006,360p,hevc,23,Riverbed_1920x1080p25
Riverbed_1920x1080p25__640x360__hevc__crf28,0.8905938526806981,0.9559339635656636,63.20680019230769,34.576014799999996,12.743732999999992,22.91889,360p,hevc,28,Riverbed_1920x1080p25
Riverbed_1920x1080p25__640x360__hevc__crf33,0.8275499607959887,0.9474472930591188,52.9241377,14.11426283076923,13.011831,21.171076,360p,hevc,33,Riverbed_1920x1080p25
Riverbed_1920x1080p25__640x360__hevc__crf38,0.2982703854390617,0.7784809949797776,45.52834299230769,0.6459057307692309,15.024560999999999,10.606869,360p,hevc,38,Riverbed_1920x1080p25
Riverbed_1920x1080p25__640x360__hevc__crf43,,,39.967262030769234,0.0,17.944160000000004,0.0,360p,hevc,43,Riverbed_1920x1080p25
Riverbed_1920x1080p25__640x360__vp9__crf20,0.8392517440138759,0.9018887140148899,92.115889,81.10746546153847,13.794326999999996,20.465936999999997,360p,vp9,20,Riverbed_1920x1080p25
Riverbed_1920x1080p25__640x360__vp9__crf30,0.92479632389872,0.952777576581429,85.38823744615385,68.64654330769231,17.599067000000005,33.014252,360p,vp9,30,Riverbed_1920x1080p25
Riverbed_1920x1080p25__640x360__vp9__crf40,0.9564577604350427,0.9768469713225232,73.94939990769231,47.9580832,26.41283,40.219519000000005,360p,vp9,40,Riverbed_1920x1080p25
Riverbed_1920x1080p25__640x360__vp9__crf50,0.9664990831771476,0.9887186901606827,61.26029204615384,24.405961046153845,28.128997000000005,44.7149,360p,vp9,50,Riverbed_1920x1080p25
Riverbed_1920x1080p25__640x360__vp9__crf60,0.8972954614326574,0.9689457668379058,50.748065200000006,4.438277953846153,24.907550999999998,37.497775,360p,vp9,60,Riverbed_1920x1080p25
Riverbed_1920x1080p25__960x540__av1__crf20,0.1740883612013134,0.4006033246890072,99.63323963076924,89.90623266153845,9.791955999999999,12.089292999999998,540p,av1,20,Riverbed_1920x1080p25
Riverbed_1920x1080p25__960x540__av1__crf30,0.700767848143981,0.7930414529469807,94.84007671538461,74.61362327692308,15.619869999999992,16.577922,540p,av1,30,Riverbed_1920x1080p25
Riverbed_1920x1080p25__960x540__av1__crf40,0.8424050160756804,0.9020833922027057,82.41451863846154,52.78666262307692,21.262309000000002,18.322975,540p,av1,40,Riverbed_1920x1080p25
Riverbed_1920x1080p25__960x540__av1__crf50,0.871137513438971,0.9294353605898796,66.90095953076924,32.807525784615386,21.35064,20.355492,540p,av1,50,Riverbed_1920x1080p25
Riverbed_1920x1080p25__960x540__av1__crf60,0.8297061051128533,0.9289478289908727,51.81395254615385,8.923005869230769,17.782725999999997,22.959249,540p,av1,60,Riverbed_1920x1080p25
Riverbed_1920x1080p25__960x540__h264__crf18,0.3503543874722886,0.49388191175026547,99.30052577692307,89.3573489076923,12.457797,9.386054999999999,540p,h264,18,Riverbed_1920x1080p25
Riverbed_1920x1080p25__960x540__h264__crf23,0.6918512274955821,0.7889325443779854,91.26005252307692,75.2279577,18.071537000000006,14.406980000000004,540p,h264,23,Riverbed_1920x1080p25
Riverbed_1920x1080p25__960x540__h264__crf28,0.7753737298129426,0.8740917509903502,78.58483592307692,56.8591011923077,21.525273,18.173411,540p,h264,28,Riverbed_1920x1080p25
Riverbed_1920x1080p25__960x540__h264__crf33,0.7836215733941412,0.9070076551347676,65.01930777692309,35.458589207692306,23.802002,23.128742000000003,540p,h264,33,Riverbed_1920x1080p25
Riverbed_1920x1080p25__960x540__h264__crf38,0.6680924962029418,0.8302920830945363,54.00422384615385,12.170620161538462,23.927324,26.792360000000002,540p,h264,38,Riverbed_1920x1080p25
Riverbed_1920x1080p25__960x540__h264__crf43,0.14478865994436624,0.24662754762741332,47.45233040769231,0.14918652307692307,22.353704,9.812761,540p,h264,43,Riverbed_1920x1080p25
Riverbed_1920x1080p25__960x540__hevc__crf18,0.7680924062812248,0.8153694950721039,94.97274371538462,85.4877037923077,10.535041000000007,14.921025999999998,540p,hevc,18,Riverbed_1920x1080p25
Riverbed_1920x1080p25__960x540__hevc__crf23,0.8572261919096454,0.9031211791061396,86.41200295384616,71.22774688461539,9.84582300000001,19.193495,540p,hevc,23,Riverbed_1920x1080p25
Riverbed_1920x1080p25__960x540__hevc__crf28,0.8938754675224067,0.9437275506704916,74.62694361538462,52.52126515384615,11.540160999999998,22.205275,540p,hevc,28,Riverbed_1920x1080p25
Riverbed_1920x1080p25__960x540__hevc__crf33,0.885954537188857,0.9596403858238655,62.38368388461539,31.164983823076923,12.104575999999994,24.134306,540p,hevc,33,Riverbed_1920x1080p25
Riverbed_1920x1080p25__960x540__hevc__crf38,0.7584773901361617,0.9173680853318084,52.570297623076925,10.222727707692307,12.522182,23.167849,540p,hevc,38,Riverbed_1920x1080p25
Riverbed_1920x1080p25__960x540__hevc__crf43,0.005384253012705294,0.6265425479288667,45.08769912307692,0.18050454615384615,16.617140999999997,6.268225,540p,hevc,43,Riverbed_1920x1080p25
Riverbed_1920x1080p25__960x540__vp9__crf20,0.38667794920524845,0.549780876494443,99.54318962307694,93.97000476923078,6.4374190000000056,11.723521000000005,540p,vp9,20,Riverbed_1920x1080p25
Riverbed_1920x1080p25__960x540__vp9__crf30,0.91533929125853,0.9365749237175138,95.30197574615384,82.84582426153845,8.945491000000004,24.723907999999994,540p,vp9,30,Riverbed_1920x1080p25
Riverbed_1920x1080p25__960x540__vp9__crf40,0.9513304127757766,0.9680007437696676,85.09497099230768,63.276857484615384,21.145178,39.614247999999996,540p,vp9,40,Riverbed_1920x1080p25
Riverbed_1920x1080p25__960x540__vp9__crf50,0.9693359665713129,0.98471556772286,71.0430423,39.17052790000001,29.270905999999997,46.003969999999995,540p,vp9,50,Riverbed_1920x1080p25
Riverbed_1920x1080p25__960x540__vp9__crf60,0.9605761465885364,0.9831048680135404,57.7243883,15.170407007692308,28.605400000000003,44.80308,540p,vp9,60,Riverbed_1920x1080p25
RushFieldCuts_1920x1080_2997__1280x720__av1__crf20,0.9455900696907481,0.9207390789856358,95.86749273076923,95.32357023076923,3.1412369999999896,4.270477999999997,720p,av1,20,RushFieldCuts_1920x1080_2997
RushFieldCuts_1920x1080_2997__1280x720__av1__crf30,0.9438261087907737,0.93310925389933,92.61354024615385,90.79118748461539,5.01770599999999,6.054161000000008,720p,av1,30,RushFieldCuts_1920x1080_2997
RushFieldCuts_1920x1080_2997__1280x720__av1__crf40,0.921512032500559,0.9169698436811571,86.72979127692308,82.48204038461537,7.9999679999999955,8.533687999999998,720p,av1,40,RushFieldCuts_1920x1080_2997
RushFieldCuts_1920x1080_2997__1280x720__av1__crf50,0.9066363193012734,0.9090142477708211,78.33734704615384,70.69036924615385,11.134224000000003,12.844448999999997,720p,av1,50,RushFieldCuts_1920x1080_2997
RushFieldCuts_1920x1080_2997__1280x720__av1__crf60,0.9270503354181674,0.9372210682104275,66.56561818461539,51.43212923076924,13.384484000000008,20.954817000000006,720p,av1,60,RushFieldCuts_1920x1080_2997
RushFieldCuts_1920x1080_2997__1280x720__h264__crf18,0.9804894838800118,0.9683815687350457,94.73068247692309,94.35952178461538,4.0220099999999945,4.611367999999999,720p,h264,18,RushFieldCuts_1920x1080_2997
RushFieldCuts_1920x1080_2997__1280x720__h264__crf23,0.9611570981656552,0.9532322562420269,90.77106358461539,89.3893449923077,6.309552999999994,7.797612999999998,720p,h264,23,RushFieldCuts_1920x1080_2997
RushFieldCuts_1920x1080_2997__1280x720__h264__crf28,0.9448375852691671,0.9427104468234976,83.7384876846154,81.40704806153848,8.812980999999994,11.256524999999996,720p,h264,28,RushFieldCuts_1920x1080_2997
RushFieldCuts_1920x1080_2997__1280x720__h264__crf33,0.9249925779657989,0.927837826420237,73.12390873076923,68.45764407692307,9.695463000000004,16.201192,720p,h264,33,RushFieldCuts_1920x1080_2997
RushFieldCuts_1920x1080_2997__1280x720__h264__crf38,0.9057156070622876,0.913903765551637,60.16080125384615,49.28027595384616,8.780223,19.597837,720p,h264,38,RushFieldCuts_1920x1080_2997
RushFieldCuts_1920x1080_2997__1280x720__h264__crf43,0.8947115328031181,0.9208804169911623,46.78810243076922,23.083548238461535,6.967597000000005,21.63664,720p,h264,43,RushFieldCuts_1920x1080_2997
RushFieldCuts_1920x1080_2997__1280x720__hevc__crf18,0.9772775071601257,0.9623965951566616,93.96674533076923,93.52669824615386,3.7927899999999966,6.03179999999999,720p,hevc,18,RushFieldCuts_1920x1080_2997
RushFieldCuts_1920x1080_2997__1280x720__hevc__crf23,0.9664318739377934,0.9585268718534475,89.72491421538462,88.3188274,5.305492000000001,8.85302999999999,720p,hevc,23,RushFieldCuts_1920x1080_2997
RushFieldCuts_1920x1080_2997__1280x720__hevc__crf28,0.9714712953481653,0.9699075271589552,82.8385719,79.79578736153846,8.833213999999998,12.605653000000004,720p,hevc,28,RushFieldCuts_1920x1080_2997
RushFieldCuts_1920x1080_2997__1280x720__hevc__crf33,0.9626866400761965,0.9640510493160366,73.0111652076923,65.96075367692309,11.95397299999999,18.10484300000001,720p,hevc,33,RushFieldCuts_1920x1080_2997
RushFieldCuts_1920x1080_2997__1280x720__hevc__crf38,0.9284654155879595,0.9367324249538792,61.04700969230769,46.05366778461539,12.777675000000002,26.813125,720p,hevc,38,RushFieldCuts_1920x1080_2997
RushFieldCuts_1920x1080_2997__1280x720__hevc__crf43,0.8939998867849341,0.913805348459491,48.26505832307692,18.601644453846152,9.248264999999996,34.370459999999994,720p,hevc,43,RushFieldCuts_1920x1080_2997
RushFieldCuts_1920x1080_2997__1280x720__vp9__crf20,0.9572976309633782,0.926864842703626,96.8523026846154,96.5571323923077,3.2302660000000003,5.312370000000001,720p,vp9,20,RushFieldCuts_1920x1080_2997
RushFieldCuts_1920x1080_2997__1280x720__vp9__crf30,0.9713578026847155,0.9625554395924552,93.90615691538461,92.91214078461537,6.18301000000001,8.863980999999995,720p,vp9,30,RushFieldCuts_1920x1080_2997
RushFieldCuts_1920x1080_2997__1280x720__vp9__crf40,0.9752883112925894,0.9731760010512391,87.56420942307693,85.31298402307692,12.303725,14.857415000000003,720p,vp9,40,RushFieldCuts_1920x1080_2997
RushFieldCuts_1920x1080_2997__1280x720__vp9__crf50,0.982401700847271,0.9824078396871975,76.8884458,70.96448597692307,19.659805000000006,24.715263999999998,720p,vp9,50,RushFieldCuts_1920x1080_2997
RushFieldCuts_1920x1080_2997__1280x720__vp9__crf60,0.9874211559652222,0.9868060290109766,62.641424869230775,45.27277826153846,24.883408000000003,37.87644100000001,720p,vp9,60,RushFieldCuts_1920x1080_2997
RushFieldCuts_1920x1080_2997__1920x1080__av1__crf20,0.8362988250756851,0.6345588045996768,99.66675106923077,99.66999065384616,1.7138989999999978,1.2434010000000058,1080p,av1,20,RushFieldCuts_1920x1080_2997
RushFieldCuts_1920x1080_2997__1920x1080__av1__crf30,0.9400303546502075,0.9150944549555523,97.21487010000001,96.13153254615385,3.9666759999999925,5.313040000000001,1080p,av1,30,RushFieldCuts_1920x1080_2997
RushFieldCuts_1920x1080_2997__1920x1080__av1__crf40,0.9071600086999629,0.8948098515679059,92.73458733846155,89.68196015384615,6.069719000000006,7.686124000000007,1080p,av1,40,RushFieldCuts_1920x1080_2997
RushFieldCuts_1920x1080_2997__1920x1080__av1__crf50,0.8760533297808469,0.8733110237427285,86.1172889923077,80.71561549230769,9.942982,10.428882999999999,1080p,av1,50,RushFieldCuts_1920x1080_2997
RushFieldCuts_1920x1080_2997__1920x1080__av1__crf60,0.8961751457405851,0.9014106609749475,75.22496432307692,63.83216943846153,12.147657999999993,17.195873999999996,1080p,av1,60,RushFieldCuts_1920x1080_2997
RushFieldCuts_1920x1080_2997__1920x1080__h264__crf18,0.972391109859898,0.9527755659784848,98.56310349230769,98.88992071538462,2.613714999999999,2.3998870000000068,1080p,h264,18,RushFieldCuts_1920x1080_2997
RushFieldCuts_1920x1080_2997__1920x1080__h264__crf23,0.9782716167550097,0.9653479117932778,95.44648976153847,95.21813516923076,4.782684000000003,6.650515999999996,1080p,h264,23,RushFieldCuts_1920x1080_2997
RushFieldCuts_1920x1080_2997__1920x1080__h264__crf28,0.9391927284212744,0.9341275447944901,90.33204495384616,89.4303355,6.520226999999991,7.828210999999996,1080p,h264,28,RushFieldCuts_1920x1080_2997
RushFieldCuts_1920x1080_2997__1920x1080__h264__crf33,0.9041934487433279,0.9063712414286014,81.53397833846152,79.44861113846156,7.950804000000005,11.625206000000006,1080p,h264,33,RushFieldCuts_1920x1080_2997
RushFieldCuts_1920x1080_2997__1920x1080__h264__crf38,0.8384866550471543,0.8437830445761143,69.0597484,64.10869596923075,8.565736000000008,14.929209999999998,1080p,h264,38,RushFieldCuts_1920x1080_2997
RushFieldCuts_1920x1080_2997__1920x1080__h264__crf43,0.8140347654261962,0.8293246316128429,54.89796966923077,41.19895513076923,7.019796999999997,18.274925999999997,1080p,h264,43,RushFieldCuts_1920x1080_2997
RushFieldCuts_1920x1080_2997__1920x1080__hevc__crf18,0.9838298415061456,0.9500375996547471,98.08134616153848,98.05913517692306,2.8075620000000043,3.2454859999999996,1080p,hevc,18,RushFieldCuts_1920x1080_2997
RushFieldCuts_1920x1080_2997__1920x1080__hevc__crf23,0.9773280391743261,0.9632047500164711,94.67263638461539,93.86518383846155,4.504436999999996,7.938969999999998,1080p,hevc,23,RushFieldCuts_1920x1080_2997
RushFieldCuts_1920x1080_2997__1920x1080__hevc__crf28,0.9596098287016853,0.9531200861823574,89.68723552307692,87.67013920769232,6.148395000000008,11.059612000000001,1080p,hevc,28,RushFieldCuts_1920x1080_2997
RushFieldCuts_1920x1080_2997__1920x1080__hevc__crf33,0.9578890767133488,0.9575734909911378,81.77457583846153,77.09587433076923,9.333466000000001,14.720943000000005,1080p,hevc,33,RushFieldCuts_1920x1080_2997
RushFieldCuts_1920x1080_2997__1920x1080__hevc__crf38,0.9284450986079682,0.9379007593411,70.6905615692308,60.393021815384614,11.179378999999997,20.582771000000008,1080p,hevc,38,RushFieldCuts_1920x1080_2997
RushFieldCuts_1920x1080_2997__1920x1080__hevc__crf43,0.8420504965739086,0.8735574613027147,57.939972684615384,35.921286853846155,10.253509999999999,31.683301,1080p,hevc,43,RushFieldCuts_1920x1080_2997
RushFieldCuts_1920x1080_2997__1920x1080__vp9__crf20,0.5875770301904608,0.3314596281399583,99.99334368461538,99.99956599230768,0.1656200000000041,0.056421000000000276,1080p,vp9,20,RushFieldCuts_1920x1080_2997
RushFieldCuts_1920x1080_2997__1920x1080__vp9__crf30,0.9925863134918,0.9657790101630098,98.11823269230769,97.73939045384617,3.3391479999999945,3.934071000000003,1080p,vp9,30,RushFieldCuts_1920x1080_2997
RushFieldCuts_1920x1080_2997__1920x1080__vp9__crf40,0.9789407541487459,0.9666195456040622,93.39688433846153,91.9617889076923,8.912994999999995,10.895330999999999,1080p,vp9,40,RushFieldCuts_1920x1080_2997
RushFieldCuts_1920x1080_2997__1920x1080__vp9__crf50,0.9791936509604039,0.978159418307028,85.27353829230769,81.59806262307693,15.23747800000001,18.640077000000005,1080p,vp9,50,RushFieldCuts_1920x1080_2997
RushFieldCuts_1920x1080_2997__1920x1080__vp9__crf60,0.9805546200386959,0.9823510772274678,72.26672293846154,61.586116238461535,22.164378999999997,29.851146999999997,1080p,vp9,60,RushFieldCuts_1920x1080_2997
RushFieldCuts_1920x1080_2997__640x360__av1__crf20,0.9305153070825661,0.9290456092328627,76.63626996923077,71.34573748461538,4.600067999999993,5.626117999999991,360p,av1,20,RushFieldCuts_1920x1080_2997
RushFieldCuts_1920x1080_2997__640x360__av1__crf30,0.91128906517037,0.9156661293776511,72.44835922307692,64.90679836923077,6.306580999999994,8.026429999999998,360p,av1,30,RushFieldCuts_1920x1080_2997
RushFieldCuts_1920x1080_2997__640x360__av1__crf40,0.8386657294700919,0.8407207587971891,65.15478227692307,52.42733470769231,8.892465000000001,12.08876,360p,av1,40,RushFieldCuts_1920x1080_2997
RushFieldCuts_1920x1080_2997__640x360__av1__crf50,0.8216788511156042,0.842959334898348,57.267724900000005,37.984810546153845,8.813936000000005,16.199843,360p,av1,50,RushFieldCuts_1920x1080_2997
RushFieldCuts_1920x1080_2997__640x360__av1__crf60,0.8826739782304128,0.9088338407906349,47.35531178461539,16.68262006153846,10.069398,20.328844000000004,360p,av1,60,RushFieldCuts_1920x1080_2997
RushFieldCuts_1920x1080_2997__640x360__h264__crf18,0.9549009215742643,0.9526847354432746,76.10695586153847,70.71636626923076,5.206068000000002,7.4901629999999955,360p,h264,18,RushFieldCuts_1920x1080_2997
RushFieldCuts_1920x1080_2997__640x360__h264__crf23,0.9325825685840217,0.9339397749934256,70.57801220769232,62.72942946923077,8.529190999999997,13.013871000000002,360p,h264,23,RushFieldCuts_1920x1080_2997
RushFieldCuts_1920x1080_2997__640x360__h264__crf28,0.8883981579706499,0.8924281043644297,62.08120653846153,49.49280123846153,9.650614000000004,17.307744,360p,h264,28,RushFieldCuts_1920x1080_2997
RushFieldCuts_1920x1080_2997__640x360__h264__crf33,0.8856691191462943,0.8985014374997882,51.93435076153846,30.353204738461542,8.331307000000002,20.307760999999996,360p,h264,33,RushFieldCuts_1920x1080_2997
RushFieldCuts_1920x1080_2997__640x360__h264__crf38,0.8876437892002672,0.9203994703042448,41.68628556923076,7.387163984615385,6.240330999999998,14.996738,360p,h264,38,RushFieldCuts_1920x1080_2997
RushFieldCuts_1920x1080_2997__640x360__h264__crf43,,,32.522548776923074,0.0,3.499257,0.0,360p,h264,43,RushFieldCuts_1920x1080_2997
RushFieldCuts_1920x1080_2997__640x360__hevc__crf18,0.9606664692976873,0.9572407206323134,74.46270084615384,69.45715815384617,5.407775999999998,9.003439999999998,360p,hevc,18,RushFieldCuts_1920x1080_2997
RushFieldCuts_1920x1080_2997__640x360__hevc__crf23,0.9522754272064975,0.9523491165109054,68.58558332307693,61.23324388461538,8.039928000000003,14.073567999999995,360p,hevc,23,RushFieldCuts_1920x1080_2997
RushFieldCuts_1920x1080_2997__640x360__hevc__crf28,0.9436696223384978,0.9452512730682945,60.54787666153846,49.32610546153846,11.532575999999992,21.717311000000002,360p,hevc,28,RushFieldCuts_1920x1080_2997
RushFieldCuts_1920x1080_2997__640x360__hevc__crf33,0.9423896342196264,0.9461793485589781,51.217537138461545,30.799423261538458,12.157542,27.272679,360p,hevc,33,RushFieldCuts_1920x1080_2997
RushFieldCuts_1920x1080_2997__640x360__hevc__crf38,0.8981509778378748,0.9337937015433218,41.2997646,7.052149384615384,8.950026999999999,27.35633,360p,hevc,38,RushFieldCuts_1920x1080_2997
RushFieldCuts_1920x1080_2997__640x360__hevc__crf43,,0.2543697565288812,30.108733684615387,0.0,7.1503850000000035,0.0,360p,hevc,43,RushFieldCuts_1920x1080_2997
RushFieldCuts_1920x1080_2997__640x360__vp9__crf20,0.9516222372514135,0.9525870977472357,77.98843386153847,73.78582243076922,4.757027000000008,6.013944000000009,360p,vp9,20,RushFieldCuts_1920x1080_2997
RushFieldCuts_1920x1080_2997__640x360__vp9__crf30,0.9675363245081962,0.9690723251520214,73.70683252307693,68.74491763846154,9.505830000000003,11.576093999999998,360p,vp9,30,RushFieldCuts_1920x1080_2997
RushFieldCuts_1920x1080_2997__640x360__vp9__crf40,0.9737000754000342,0.9753223697922833,65.41891181538462,56.81065443076923,16.30317,21.108948000000005,360p,vp9,40,RushFieldCuts_1920x1080_2997
RushFieldCuts_1920x1080_2997__640x360__vp9__crf50,0.9767564432047946,0.9753535421207241,54.62436464615384,35.695076723076916,20.457770999999994,32.749837,360p,vp9,50,RushFieldCuts_1920x1080_2997
RushFieldCuts_1920x1080_2997__640x360__vp9__crf60,0.9776322748982282,0.9769476403400134,43.32535239230769,6.012892030769231,20.22,35.360174,360p,vp9,60,RushFieldCuts_1920x1080_2997
RushFieldCuts_1920x1080_2997__960x540__av1__crf20,0.9333526073646646,0.9213020362755588,89.82881117692307,87.53869141538462,3.700409999999991,4.994720000000001,540p,av1,20,RushFieldCuts_1920x1080_2997
RushFieldCuts_1920x1080_2997__960x540__av1__crf30,0.9138374891044226,0.9091943929458272,86.49255368461537,82.29673167692309,5.335273000000001,6.395028999999994,540p,av1,30,RushFieldCuts_1920x1080_2997
RushFieldCuts_1920x1080_2997__960x540__av1__crf40,0.8604066459464677,0.8608302809590683,79.96833136153846,71.8148768923077,8.551339999999996,9.93922400000001,540p,av1,40,RushFieldCuts_1920x1080_2997
RushFieldCuts_1920x1080_2997__960x540__av1__crf50,0.8552767249793062,0.868744105915323,71.51308456153845,58.05283261538462,10.635443999999993,15.275686000000007,540p,av1,50,RushFieldCuts_1920x1080_2997
RushFieldCuts_1920x1080_2997__960x540__av1__crf60,0.877526993396563,0.9031490353097199,59.781965461538455,36.971454930769234,11.393528000000003,20.911661000000002,540p,av1,60,RushFieldCuts_1920x1080_2997
RushFieldCuts_1920x1080_2997__960x540__h264__crf18,0.9678349551533743,0.9600667151952179,88.91157940000001,86.84030802307691,4.595928000000001,5.806203000000011,540p,h264,18,RushFieldCuts_1920x1080_2997
RushFieldCuts_1920x1080_2997__960x540__h264__crf23,0.9142231892770002,0.9111529436828217,84.13904876153846,79.90566198461538,7.515186999999997,9.443759,540p,h264,23,RushFieldCuts_1920x1080_2997
RushFieldCuts_1920x1080_2997__960x540__h264__crf28,0.8791675712503757,0.8775478855593825,75.9961340076923,68.8927159,10.080179000000001,15.204794999999997,540p,h264,28,RushFieldCuts_1920x1080_2997
RushFieldCuts_1920x1080_2997__960x540__h264__crf33,0.811443912565495,0.8127381248006588,64.92617056923076,52.09930158461538,10.389311999999997,19.761094,540p,h264,33,RushFieldCuts_1920x1080_2997
RushFieldCuts_1920x1080_2997__960x540__h264__crf38,0.8852802642651889,0.9010876543616907,52.48593230769231,29.976885715384615,8.559441,21.249018,540p,h264,38,RushFieldCuts_1920x1080_2997
RushFieldCuts_1920x1080_2997__960x540__h264__crf43,0.6399573969237797,0.818876352682978,40.49299752307692,2.578048653846154,4.650037000000005,10.000144,540p,h264,43,RushFieldCuts_1920x1080_2997
RushFieldCuts_1920x1080_2997__960x540__hevc__crf18,0.9652381664304089,0.9552801545631427,87.93371066153847,86.10948194615383,4.457722999999987,7.437217000000004,540p,hevc,18,RushFieldCuts_1920x1080_2997
RushFieldCuts_1920x1080_2997__960x540__hevc__crf23,0.9581011238617598,0.9543339397147172,82.82576020769233,79.40521099230769,6.524878000000001,11.417614,540p,hevc,23,RushFieldCuts_1920x1080_2997
RushFieldCuts_1920x1080_2997__960x540__hevc__crf28,0.9574492243797957,0.9581088439873116,74.88231563846155,68.64955883076924,10.540483999999992,17.245889,540p,hevc,28,RushFieldCuts_1920x1080_2997
RushFieldCuts_1920x1080_2997__960x540__hevc__crf33,0.9464728307368135,0.9485349952077308,64.71750062307692,52.435110476923086,12.400018999999993,23.910942999999996,540p,hevc,33,RushFieldCuts_1920x1080_2997
RushFieldCuts_1920x1080_2997__960x540__hevc__crf38,0.9038542150539971,0.9161501299598401,53.0905163,29.844441707692308,12.394091000000003,33.195108,540p,hevc,38,RushFieldCuts_1920x1080_2997
RushFieldCuts_1920x1080_2997__960x540__hevc__crf43,0.7678971014453363,0.8665200506875228,40.82614250769232,2.268674784615385,8.160516999999999,18.75265,540p,hevc,43,RushFieldCuts_1920x1080_2997
RushFieldCuts_1920x1080_2997__960x540__vp9__crf20,0.950833163226221,0.9393051944810293,91.06656907692307,89.75139932307692,3.675932000000003,5.37158500000001,540p,vp9,20,RushFieldCuts_1920x1080_2997
RushFieldCuts_1920x1080_2997__960x540__vp9__crf30,0.9631551458577323,0.9610495367911869,87.58413638461538,85.44404653076924,7.429609999999997,10.13498899999999,540p,vp9,30,RushFieldCuts_1920x1080_2997
RushFieldCuts_1920x1080_2997__960x540__vp9__crf40,0.9676298421500649,0.9681846803011297,80.11008046153847,75.73516180769231,14.479075000000009,17.726007999999993,540p,vp9,40,RushFieldCuts_1920x1080_2997
RushFieldCuts_1920x1080_2997__960x540__vp9__crf50,0.9750483713638891,0.9759858574428868,68.73430833076924,58.05155291538462,21.417154000000004,28.293397999999996,540p,vp9,50,RushFieldCuts_1920x1080_2997
RushFieldCuts_1920x1080_2997__960x540__vp9__crf60,0.982182266529573,0.9805858912357294,55.60625667692308,30.506122723076924,23.354974999999996,39.165476,540p,vp9,60,RushFieldCuts_1920x1080_2997
Skater227_1920x1080_30fps__1280x720__av1__crf20,0.8391611076272121,0.7172684603039459,98.43942383076923,95.84305764615384,6.570491000000004,9.977290999999994,720p,av1,20,Skater227_1920x1080_30fps
Skater227_1920x1080_30fps__1280x720__av1__crf30,0.8712103618793361,0.819903841654286,95.22720028461538,89.97103184615385,11.457273999999998,16.904623,720p,av1,30,Skater227_1920x1080_30fps
Skater227_1920x1080_30fps__1280x720__av1__crf40,0.8932855267519836,0.8539768954096005,88.1082556153846,79.73612823846152,18.857638999999992,25.082955,720p,av1,40,Skater227_1920x1080_30fps
Skater227_1920x1080_30fps__1280x720__av1__crf50,0.8800446258701949,0.8490168280610484,78.89895063846154,67.42905091538462,30.745798,39.181479,720p,av1,50,Skater227_1920x1080_30fps
Skater227_1920x1080_30fps__1280x720__av1__crf60,0.851241730488836,0.8306988109177977,65.20059958461539,48.14266327692308,38.76747699999999,50.725276,720p,av1,60,Skater227_1920x1080_30fps
Skater227_1920x1080_30fps__1280x720__h264__crf18,0.8892039378649256,0.8001975450478439,97.8626881153846,95.80783970769231,7.483507000000003,9.462720000000004,720p,h264,18,Skater227_1920x1080_30fps
Skater227_1920x1080_30fps__1280x720__h264__crf23,0.8804189906915705,0.8526155208882719,93.13280439230769,88.48765316923077,14.022537999999997,12.760155999999995,720p,h264,23,Skater227_1920x1080_30fps
Skater227_1920x1080_30fps__1280x720__h264__crf28,0.839622753669706,0.8170752914141433,84.94760143076923,77.71203036153845,18.292749,17.74970300000001,720p,h264,28,Skater227_1920x1080_30fps
Skater227_1920x1080_30fps__1280x720__h264__crf33,0.7664679371670953,0.7416560466909787,73.74438393846154,63.21780769230768,25.085426999999996,25.323392000000005,720p,h264,33,Skater227_1920x1080_30fps
Skater227_1920x1080_30fps__1280x720__h264__crf38,0.7017425422269212,0.6862441576209387,60.993482692307694,45.87959864615385,29.222521,31.728318,720p,h264,38,Skater227_1920x1080_30fps
Skater227_1920x1080_30fps__1280x720__h264__crf43,0.6841406864033405,0.692946041254869,49.007515846153844,26.750176800000002,31.965064000000005,35.329353,720p,h264,43,Skater227_1920x1080_30fps
Skater227_1920x1080_30fps__1280x720__hevc__crf18,0.8693616469864521,0.782160483484388,97.4223213076923,95.14134231538462,7.455659999999995,10.241134000000002,720p,hevc,18,Skater227_1920x1080_30fps
Skater227_1920x1080_30fps__1280x720__hevc__crf23,0.799363681470465,0.752723805310256,93.3797022,88.31541875384616,12.935006000000001,13.378484999999998,720p,hevc,23,Skater227_1920x1080_30fps
Skater227_1920x1080_30fps__1280x720__hevc__crf28,0.7515943138378157,0.7114123315965983,86.59194746923076,78.48712241538462,17.42783,18.718529000000004,720p,hevc,28,Skater227_1920x1080_30fps
Skater227_1920x1080_30fps__1280x720__hevc__crf33,0.7616192504083824,0.7208052783009689,76.89196401538462,64.91622487692307,21.667603999999997,26.937686000000006,720p,hevc,33,Skater227_1920x1080_30fps
Skater227_1920x1080_30fps__1280x720__hevc__crf38,0.713264675651024,0.6824595451471746,65.44036472307693,49.494081792307696,24.880526999999994,33.021548,720p,hevc,38,Skater227_1920x1080_30fps
Skater227_1920x1080_30fps__1280x720__hevc__crf43,0.7074125040004038,0.7089199162054859,53.482260023076925,31.292482715384615,32.403166,38.686591,720p,hevc,43,Skater227_1920x1080_30fps
Skater227_1920x1080_30fps__1280x720__vp9__crf20,0.8338987119395697,0.6735622283987098,98.92687165384615,97.09594642307691,6.764651000000001,8.955141999999995,720p,vp9,20,Skater227_1920x1080_30fps
Skater227_1920x1080_30fps__1280x720__vp9__crf30,0.8380277652216883,0.7698153768135026,96.35559764615385,91.71262892307692,10.557096000000001,15.233508,720p,vp9,30,Skater227_1920x1080_30fps
Skater227_1920x1080_30fps__1280x720__vp9__crf40,0.8398447320348599,0.8096660699202539,89.82874183076923,81.58476320769232,19.089084,25.776563999999993,720p,vp9,40,Skater227_1920x1080_30fps
Skater227_1920x1080_30fps__1280x720__vp9__crf50,0.7712417305879028,0.7535732896352585,79.34312621538461,66.02039213076924,29.772148,37.083786999999994,720p,vp9,50,Skater227_1920x1080_30fps
Skater227_1920x1080_30fps__1280x720__vp9__crf60,0.7693379527043593,0.7664629244306641,65.6334275,44.60934635384615,40.702725,48.968044,720p,vp9,60,Skater227_1920x1080_30fps
Skater227_1920x1080_30fps__1920x1080__av1__crf20,0.5763553290145231,0.2187666188851647,99.7883541076923,99.1270957923077,4.100594000000001,4.797015000000002,1080p,av1,20,Skater227_1920x1080_30fps
Skater227_1920x1080_30fps__1920x1080__av1__crf30,0.7951174094261597,0.6733277352535713,98.41063458461538,95.26999625384616,6.395505,11.573224999999994,1080p,av1,30,Skater227_1920x1080_30fps
Skater227_1920x1080_30fps__1920x1080__av1__crf40,0.832193357178118,0.7781261716938571,93.35451316923077,86.81404064615384,12.948662999999996,19.041458000000006,1080p,av1,40,Skater227_1920x1080_30fps
Skater227_1920x1080_30fps__1920x1080__av1__crf50,0.8123658304930941,0.7728651065160064,85.95165115384617,76.69910356923079,20.283592,26.995919000000008,1080p,av1,50,Skater227_1920x1080_30fps
Skater227_1920x1080_30fps__1920x1080__av1__crf60,0.7720150261017098,0.7525881814100776,72.71309936923076,57.92194635384616,33.910741,38.33894600000001,1080p,av1,60,Skater227_1920x1080_30fps
Skater227_1920x1080_30fps__1920x1080__h264__crf18,0.7426915524529862,0.45141127443490403,99.72804083076923,99.41215353076923,3.4140019999999964,4.044835000000006,1080p,h264,18,Skater227_1920x1080_30fps
Skater227_1920x1080_30fps__1920x1080__h264__crf23,0.8834247542536701,0.7893994131142998,97.42970985384615,94.8018980923077,7.084997999999999,10.705725000000001,1080p,h264,23,Skater227_1920x1080_30fps
Skater227_1920x1080_30fps__1920x1080__h264__crf28,0.8900717868705812,0.8567075616562487,91.29839406153846,86.05588643846154,16.144513000000003,16.466837999999996,1080p,h264,28,Skater227_1920x1080_30fps
Skater227_1920x1080_30fps__1920x1080__h264__crf33,0.8528542515712727,0.8262877369602981,81.61505774615384,73.93613722307693,23.707577,22.206339999999997,1080p,h264,33,Skater227_1920x1080_30fps
Skater227_1920x1080_30fps__1920x1080__h264__crf38,0.8199080903988157,0.8042521852032646,69.3798721923077,57.80140266153846,28.745105000000002,31.572737000000004,1080p,h264,38,Skater227_1920x1080_30fps
Skater227_1920x1080_30fps__1920x1080__h264__crf43,0.7870553174242643,0.8097577064805199,56.48302396923077,37.773308146153845,36.73756,38.243375,1080p,h264,43,Skater227_1920x1080_30fps
Skater227_1920x1080_30fps__1920x1080__hevc__crf18,0.8328184413257693,0.5573384284544737,99.50908786153846,98.93268129230769,3.804530999999997,4.693611000000004,1080p,hevc,18,Skater227_1920x1080_30fps
Skater227_1920x1080_30fps__1920x1080__hevc__crf23,0.7884775844354243,0.6651839152131364,97.25463995384615,94.05715151538462,8.272934000000006,11.509207000000004,1080p,hevc,23,Skater227_1920x1080_30fps
Skater227_1920x1080_30fps__1920x1080__hevc__crf28,0.7966369776216788,0.7341870853008226,92.16512358461539,86.02345276923077,16.091823000000005,18.364911000000006,1080p,hevc,28,Skater227_1920x1080_30fps
Skater227_1920x1080_30fps__1920x1080__hevc__crf33,0.7775743603996339,0.7430084312570108,84.03073614615384,74.75433663076923,22.485830000000007,26.72946199999999,1080p,hevc,33,Skater227_1920x1080_30fps
Skater227_1920x1080_30fps__1920x1080__hevc__crf38,0.7916319476141682,0.7748471107882495,73.3124424923077,61.08818889999999,29.702019000000007,31.441066000000006,1080p,hevc,38,Skater227_1920x1080_30fps
Skater227_1920x1080_30fps__1920x1080__hevc__crf43,0.7741200780919204,0.7720508460462465,60.783805484615385,42.61917347692307,35.691506999999994,38.411635,1080p,hevc,43,Skater227_1920x1080_30fps
Skater227_1920x1080_30fps__1920x1080__vp9__crf20,0.6808701205558974,0.264452737962057,99.93099202307691,99.59426474615384,1.4327629999999942,3.3138040000000046,1080p,vp9,20,Skater227_1920x1080_30fps
Skater227_1920x1080_30fps__1920x1080__vp9__crf30,0.7961572782578782,0.6348667460112754,99.02537495384615,96.46686838461538,4.979613999999998,9.299766000000005,1080p,vp9,30,Skater227_1920x1080_30fps
Skater227_1920x1080_30fps__1920x1080__vp9__crf40,0.827290308087366,0.7631830387342402,94.93384364615385,88.50164335384616,11.795467000000002,18.649061000000003,1080p,vp9,40,Skater227_1920x1080_30fps
Skater227_1920x1080_30fps__1920x1080__vp9__crf50,0.7715430926873318,0.739425711249791,86.44005229999999,75.81626222307693,23.145053000000004,29.062559000000007,1080p,vp9,50,Skater227_1920x1080_30fps
Skater227_1920x1080_30fps__1920x1080__vp9__crf60,0.7563411591252858,0.7483658711688153,74.20468874615385,57.42299098461538,34.348326,44.306721,1080p,vp9,60,Skater227_1920x1080_30fps
Skater227_1920x1080_30fps__640x360__av1__crf20,0.9220712817201697,0.9110267041075528,89.5569762923077,82.48372876923077,21.347919000000005,21.636385000000004,360p,av1,20,Skater227_1920x1080_30fps
Skater227_1920x1080_30fps__640x360__av1__crf30,0.892827047181456,0.8783274571873521,84.29316772307692,74.30539170769231,24.138481999999996,25.751740000000005,360p,av1,30,Skater227_1920x1080_30fps
Skater227_1920x1080_30fps__640x360__av1__crf40,0.8785387566241961,0.8593558228157379,75.18341127692307,61.76796986923077,31.198608,38.260902,360p,av1,40,Skater227_1920x1080_30fps
Skater227_1920x1080_30fps__640x360__av1__crf50,0.9064040167602122,0.8918231722806209,64.7362341230769,47.4845977,39.54207400000001,49.64184899999999,360p,av1,50,Skater227_1920x1080_30fps
Skater227_1920x1080_30fps__640x360__av1__crf60,0.9084013928818814,0.9015524025867531,51.70264210769232,30.303654030769234,44.873085,57.143741999999996,360p,av1,60,Skater227_1920x1080_30fps
Skater227_1920x1080_30fps__640x360__h264__crf18,0.9425952391931802,0.9324262338288376,88.14485837692308,81.09567113076923,20.74783699999999,21.537579000000008,360p,h264,18,Skater227_1920x1080_30fps
Skater227_1920x1080_30fps__640x360__h264__crf23,0.9012302468480229,0.8860668332335965,80.3975477,70.26788677692308,23.890675,22.422509999999996,360p,h264,23,Skater227_1920x1080_30fps
Skater227_1920x1080_30fps__640x360__h264__crf28,0.8620881531595914,0.8452952791425836,70.18245821538461,56.320419269230776,27.112788000000002,29.206837999999998,360p,h264,28,Skater227_1920x1080_30fps
Skater227_1920x1080_30fps__640x360__h264__crf33,0.8074637172481482,0.7925363307974851,58.306032515384615,40.53507791538461,32.34196000000001,33.153233,360p,h264,33,Skater227_1920x1080_30fps
Skater227_1920x1080_30fps__640x360__h264__crf38,0.821729423370692,0.8137663491557655,46.156261300000004,22.889867707692307,38.303286,38.305407,360p,h264,38,Skater227_1920x1080_30fps
Skater227_1920x1080_30fps__640x360__h264__crf43,0.8704029517175285,0.9027127560411975,36.81074410769231,9.311365515384614,47.285692,33.117974,360p,h264,43,Skater227_1920x1080_30fps
Skater227_1920x1080_30fps__640x360__hevc__crf18,0.9174224491310162,0.9051869984541939,87.85564073846155,82.20189343846154,19.734308999999996,19.567382999999992,360p,hevc,18,Skater227_1920x1080_30fps
Skater227_1920x1080_30fps__640x360__hevc__crf23,0.8606314636990999,0.8440538680110807,81.54378536153845,73.12415639230768,21.188783,20.062245999999995,360p,hevc,23,Skater227_1920x1080_30fps
Skater227_1920x1080_30fps__640x360__hevc__crf28,0.8112895036091001,0.7896658570128654,72.7604781153846,60.41567719230769,28.403952000000004,28.624792999999997,360p,hevc,28,Skater227_1920x1080_30fps
Skater227_1920x1080_30fps__640x360__hevc__crf33,0.7821382098846306,0.7630847251927775,62.242169476923074,44.61439589999999,31.420680000000004,33.894439000000006,360p,hevc,33,Skater227_1920x1080_30fps
Skater227_1920x1080_30fps__640x360__hevc__crf38,0.7530350859630859,0.7487642742348675,51.34941350769231,29.146403823076923,34.041201,38.330737,360p,hevc,38,Skater227_1920x1080_30fps
Skater227_1920x1080_30fps__640x360__hevc__crf43,0.8592677966370216,0.8678563140270489,40.34043781538462,13.514454084615384,36.842524999999995,28.161015,360p,hevc,43,Skater227_1920x1080_30fps
Skater227_1920x1080_30fps__640x360__vp9__crf20,0.9332376543302716,0.9153020593435792,90.94934996923078,85.5020722923077,22.769171999999998,27.875653,360p,vp9,20,Skater227_1920x1080_30fps
Skater227_1920x1080_30fps__640x360__vp9__crf30,0.904505292226584,0.8908353209138441,85.39551820769232,76.80436959230768,28.694247000000004,32.395103999999996,360p,vp9,30,Skater227_1920x1080_30fps
Skater227_1920x1080_30fps__640x360__vp9__crf40,0.8574233947123113,0.8469115091178695,75.8698216846154,62.259644830769226,33.875285000000005,39.24251400000001,360p,vp9,40,Skater227_1920x1080_30fps
Skater227_1920x1080_30fps__640x360__vp9__crf50,0.8442291901557901,0.8353849337199851,62.74768600769231,43.07408886153847,41.15504,46.099157000000005,360p,vp9,50,Skater227_1920x1080_30fps
Skater227_1920x1080_30fps__640x360__vp9__crf60,0.8368864711358377,0.843953731277836,49.17492156923077,22.07933702307692,51.960606999999996,50.70689,360p,vp9,60,Skater227_1920x1080_30fps
Skater227_1920x1080_30fps__960x540__av1__crf20,0.8884508540769268,0.8380998682139664,96.02297153076923,91.41198267692307,11.622820000000004,15.65248299999999,540p,av1,20,Skater227_1920x1080_30fps
Skater227_1920x1080_30fps__960x540__av1__crf30,0.9035478444238182,0.8782906984912846,91.89625524615384,84.84389433846154,16.679908999999995,19.693275999999997,540p,av1,30,Skater227_1920x1080_30fps
Skater227_1920x1080_30fps__960x540__av1__crf40,0.8971869954000259,0.8718268050297062,83.90502527692308,73.92054993076924,22.655128000000005,31.712912000000003,540p,av1,40,Skater227_1920x1080_30fps
Skater227_1920x1080_30fps__960x540__av1__crf50,0.8946706853284594,0.8705332868408312,74.43373059230771,61.52493192307692,29.93943,39.742963,540p,av1,50,Skater227_1920x1080_30fps
Skater227_1920x1080_30fps__960x540__av1__crf60,0.8842826752107247,0.8719141920940837,60.426226092307694,42.03083430769232,41.81156599999999,52.563055999999996,540p,av1,60,Skater227_1920x1080_30fps
Skater227_1920x1080_30fps__960x540__h264__crf18,0.8985600685083628,0.8665965019953222,95.05916151538462,90.47347569230769,11.761709999999994,14.295112000000003,540p,h264,18,Skater227_1920x1080_30fps
Skater227_1920x1080_30fps__960x540__h264__crf23,0.8511060798309116,0.8324462264242904,89.02712042307694,81.60818976923076,18.711540999999997,16.050312000000005,540p,h264,23,Skater227_1920x1080_30fps
Skater227_1920x1080_30fps__960x540__h264__crf28,0.7545905925294476,0.7288128472921147,79.89929415384616,69.4066653,24.863612000000003,19.480813000000005,540p,h264,28,Skater227_1920x1080_30fps
Skater227_1920x1080_30fps__960x540__h264__crf33,0.7258038574047775,0.6984460555081411,68.65413698461539,54.64080922307693,32.462909,26.181855000000006,540p,h264,33,Skater227_1920x1080_30fps
Skater227_1920x1080_30fps__960x540__h264__crf38,0.718117780322273,0.7114914552644906,56.24668890769231,36.941957546153844,38.040595,36.593076999999994,540p,h264,38,Skater227_1920x1080_30fps
Skater227_1920x1080_30fps__960x540__h264__crf43,0.7661209103900665,0.7825111007214057,44.53418806923077,19.318414384615384,42.176922,43.264991,540p,h264,43,Skater227_1920x1080_30fps
Skater227_1920x1080_30fps__960x540__hevc__crf18,0.8800996196978013,0.840463289797177,94.57561194615384,90.9652812923077,12.519983999999994,13.164998999999995,540p,hevc,18,Skater227_1920x1080_30fps
Skater227_1920x1080_30fps__960x540__hevc__crf23,0.8038350877831382,0.7703219613079048,89.36342170769231,83.02748252307691,15.217676999999995,15.898540999999994,540p,hevc,23,Skater227_1920x1080_30fps
Skater227_1920x1080_30fps__960x540__hevc__crf28,0.7693260236983286,0.7407421037635329,81.70914683846154,72.19159626153846,20.171217,20.516041,540p,hevc,28,Skater227_1920x1080_30fps
Skater227_1920x1080_30fps__960x540__hevc__crf33,0.7269738413781205,0.6879328653077597,71.46318727692308,56.88719863076923,24.287677999999993,28.064989999999995,540p,hevc,33,Skater227_1920x1080_30fps
Skater227_1920x1080_30fps__960x540__hevc__crf38,0.7510734726833314,0.7232476934773181,59.7796027,40.37243485384616,29.92675400000001,36.744153000000004,540p,hevc,38,Skater227_1920x1080_30fps
Skater227_1920x1080_30fps__960x540__hevc__crf43,0.7414472852170427,0.743946781286546,49.5122454,25.09201829230769,33.229012999999995,37.349327,540p,hevc,43,Skater227_1920x1080_30fps
Skater227_1920x1080_30fps__960x540__vp9__crf20,0.8851374003856904,0.8186201790426315,96.81620218461539,93.42348246923076,12.185907,14.710470999999998,540p,vp9,20,Skater227_1920x1080_30fps
Skater227_1920x1080_30fps__960x540__vp9__crf30,0.8650210901309877,0.8276826358298328,92.94190882307693,86.70801177692307,17.272762999999998,22.078042999999994,540p,vp9,30,Skater227_1920x1080_30fps
Skater227_1920x1080_30fps__960x540__vp9__crf40,0.8320293734087743,0.8114952898013976,85.0748506,74.7265762076923,26.286285000000007,31.206196,540p,vp9,40,Skater227_1920x1080_30fps
Skater227_1920x1080_30fps__960x540__vp9__crf50,0.7989368449605185,0.7838669508563498,73.41233277692308,56.98555522307692,34.69315999999999,44.554911,540p,vp9,50,Skater227_1920x1080_30fps
Skater227_1920x1080_30fps__960x540__vp9__crf60,0.7743326904493139,0.7695814937622987,59.529577776923084,35.44201323846154,44.501739,51.917305999999996,540p,vp9,60,Skater227_1920x1080_30fps
ToddlerFountain_1920x1080_2997fps_10bit_420__1280x720__av1__crf20,0.20165390438912073,0.1825512348930574,99.65516153846153,96.42143686153845,8.351119999999995,6.531811000000005,720p,av1,20,ToddlerFountain_1920x1080_2997fps_10bit_420
ToddlerFountain_1920x1080_2997fps_10bit_420__1280x720__av1__crf30,0.7287237796446817,0.7937421665798722,96.25052983076922,87.81548093076924,11.441823,11.354765,720p,av1,30,ToddlerFountain_1920x1080_2997fps_10bit_420
ToddlerFountain_1920x1080_2997fps_10bit_420__1280x720__av1__crf40,0.8274888762381483,0.8855001670119552,87.00359770000001,72.07218143076923,13.422470000000004,19.560612000000006,720p,av1,40,ToddlerFountain_1920x1080_2997fps_10bit_420
ToddlerFountain_1920x1080_2997fps_10bit_420__1280x720__av1__crf50,0.8678649603761619,0.9177604910045184,73.60217633076923,52.09492111538461,15.371685999999997,27.990528999999995,720p,av1,50,ToddlerFountain_1920x1080_2997fps_10bit_420
ToddlerFountain_1920x1080_2997fps_10bit_420__1280x720__av1__crf60,0.877952573854732,0.9436129630714611,56.22611667692307,24.666187807692307,15.005231000000009,32.104644,720p,av1,60,ToddlerFountain_1920x1080_2997fps_10bit_420
ToddlerFountain_1920x1080_2997fps_10bit_420__1280x720__h264__crf18,0.47957684680255835,0.5248196701706187,99.13091783076923,95.84481563076923,9.528191000000007,3.6630690000000072,720p,h264,18,ToddlerFountain_1920x1080_2997fps_10bit_420
ToddlerFountain_1920x1080_2997fps_10bit_420__1280x720__h264__crf23,0.5577653266702,0.6581356394542667,93.21671532307693,87.7476561,10.736628999999994,4.892963999999992,720p,h264,23,ToddlerFountain_1920x1080_2997fps_10bit_420
ToddlerFountain_1920x1080_2997fps_10bit_420__1280x720__h264__crf28,0.6180279592997459,0.7578753899842271,82.47004043846154,73.72922446153848,10.540012000000004,7.8617710000000045,720p,h264,28,ToddlerFountain_1920x1080_2997fps_10bit_420
ToddlerFountain_1920x1080_2997fps_10bit_420__1280x720__h264__crf33,0.5893249426149035,0.7475233454683416,68.52554033076923,53.09795113846153,11.047073000000005,9.561358000000006,720p,h264,33,ToddlerFountain_1920x1080_2997fps_10bit_420
ToddlerFountain_1920x1080_2997fps_10bit_420__1280x720__h264__crf38,0.4588880118360778,0.6518606846729427,54.95401668461538,27.91730770769231,12.147688000000002,12.228280999999999,720p,h264,38,ToddlerFountain_1920x1080_2997fps_10bit_420
ToddlerFountain_1920x1080_2997fps_10bit_420__1280x720__h264__crf43,0.3868384515650414,0.5415596093716427,44.44819725384616,3.382329415384615,15.251475,11.326994,720p,h264,43,ToddlerFountain_1920x1080_2997fps_10bit_420
ToddlerFountain_1920x1080_2997fps_10bit_420__1280x720__hevc__crf18,0.7534938856218536,0.7984229809511991,95.95858810000001,92.23048334615385,7.617204000000001,8.679606000000007,720p,hevc,18,ToddlerFountain_1920x1080_2997fps_10bit_420
ToddlerFountain_1920x1080_2997fps_10bit_420__1280x720__hevc__crf23,0.8115719070006895,0.8798214355613081,89.51143323076923,82.87728003076924,7.686037999999996,14.224482000000009,720p,hevc,23,ToddlerFountain_1920x1080_2997fps_10bit_420
ToddlerFountain_1920x1080_2997fps_10bit_420__1280x720__hevc__crf28,0.8771957011295652,0.9223661488517599,79.64508060769231,68.27164503846154,9.420778999999996,18.575561999999998,720p,hevc,28,ToddlerFountain_1920x1080_2997fps_10bit_420
ToddlerFountain_1920x1080_2997fps_10bit_420__1280x720__hevc__crf33,0.8640972734395075,0.9229464812786967,67.90232588461538,48.996188869230764,9.417592999999997,23.263596,720p,hevc,33,ToddlerFountain_1920x1080_2997fps_10bit_420
ToddlerFountain_1920x1080_2997fps_10bit_420__1280x720__hevc__crf38,0.8271020132219177,0.926185581987773,56.52402067692307,26.653079115384617,9.322446,26.050549,720p,hevc,38,ToddlerFountain_1920x1080_2997fps_10bit_420
ToddlerFountain_1920x1080_2997fps_10bit_420__1280x720__hevc__crf43,0.7324965245964988,0.8771691641114736,45.751033846153845,4.116387915384615,10.685803,21.02252,720p,hevc,43,ToddlerFountain_1920x1080_2997fps_10bit_420
ToddlerFountain_1920x1080_2997fps_10bit_420__1280x720__vp9__crf20,0.3431718042245938,0.19923661705824378,99.74438553846153,98.18056846923076,5.782105999999999,4.237774000000002,720p,vp9,20,ToddlerFountain_1920x1080_2997fps_10bit_420
ToddlerFountain_1920x1080_2997fps_10bit_420__1280x720__vp9__crf30,0.8639669343288667,0.8879261855818857,97.20394133846152,92.18515838461538,6.429332000000002,11.875439,720p,vp9,30,ToddlerFountain_1920x1080_2997fps_10bit_420
ToddlerFountain_1920x1080_2997fps_10bit_420__1280x720__vp9__crf40,0.933225002206386,0.9451413563348536,90.02123576153846,79.39741400769232,14.657517999999996,23.887373999999994,720p,vp9,40,ToddlerFountain_1920x1080_2997fps_10bit_420
ToddlerFountain_1920x1080_2997fps_10bit_420__1280x720__vp9__crf50,0.9626054188017044,0.9674818537749598,78.03775429999999,59.60706728461538,24.11923999999999,36.29114799999999,720p,vp9,50,ToddlerFountain_1920x1080_2997fps_10bit_420
ToddlerFountain_1920x1080_2997fps_10bit_420__1280x720__vp9__crf60,0.9672751955722739,0.9832003722699039,63.437412753846154,33.518937276923076,28.995953999999998,48.25276500000001,720p,vp9,60,ToddlerFountain_1920x1080_2997fps_10bit_420
ToddlerFountain_1920x1080_2997fps_10bit_420__1920x1080__av1__crf20,,-0.016755656744773854,99.98358964615385,100.0,2.133346000000003,0.0,1080p,av1,20,ToddlerFountain_1920x1080_2997fps_10bit_420
ToddlerFountain_1920x1080_2997fps_10bit_420__1920x1080__av1__crf30,-0.11977009918042686,-0.16434169301056017,99.9571683923077,96.33147466153845,4.749109000000004,7.516396999999998,1080p,av1,30,ToddlerFountain_1920x1080_2997fps_10bit_420
ToddlerFountain_1920x1080_2997fps_10bit_420__1920x1080__av1__crf40,0.8095563824311145,0.8561614884058495,95.47530843076923,82.76590814615385,10.729875000000007,16.917804000000004,1080p,av1,40,ToddlerFountain_1920x1080_2997fps_10bit_420
ToddlerFountain_1920x1080_2997fps_10bit_420__1920x1080__av1__crf50,0.8791468491736532,0.914370686593944,83.42001357692307,64.72887072307692,13.852464999999995,24.218103,1080p,av1,50,ToddlerFountain_1920x1080_2997fps_10bit_420
ToddlerFountain_1920x1080_2997fps_10bit_420__1920x1080__av1__crf60,0.9022946222506143,0.9426907269421079,65.15956173846153,37.96343879230769,17.647698,32.004726000000005,1080p,av1,60,ToddlerFountain_1920x1080_2997fps_10bit_420
ToddlerFountain_1920x1080_2997fps_10bit_420__1920x1080__h264__crf18,,-0.015108417229402978,99.97175836153846,100.0,3.671413000000001,0.0,1080p,h264,18,ToddlerFountain_1920x1080_2997fps_10bit_420
ToddlerFountain_1920x1080_2997fps_10bit_420__1920x1080__h264__crf23,0.38654830276256996,0.5076086940585657,99.56893769230768,96.67098533846153,8.244891999999993,5.469363999999999,1080p,h264,23,ToddlerFountain_1920x1080_2997fps_10bit_420
ToddlerFountain_1920x1080_2997fps_10bit_420__1920x1080__h264__crf28,0.8283430803108782,0.8796932617827059,91.62435697692308,85.94684446153845,15.980268999999993,12.285956999999996,1080p,h264,28,ToddlerFountain_1920x1080_2997fps_10bit_420
ToddlerFountain_1920x1080_2997fps_10bit_420__1920x1080__h264__crf33,0.8403931933018713,0.9177951189890827,78.76284662307692,69.51906824615385,19.826471999999995,19.355339,1080p,h264,33,ToddlerFountain_1920x1080_2997fps_10bit_420
ToddlerFountain_1920x1080_2997fps_10bit_420__1920x1080__h264__crf38,0.836871555314812,0.9245800071606963,64.1415985,47.07307223076923,22.734284000000002,27.070622000000007,1080p,h264,38,ToddlerFountain_1920x1080_2997fps_10bit_420
ToddlerFountain_1920x1080_2997fps_10bit_420__1920x1080__h264__crf43,0.694206025126095,0.871753660962723,52.29487006923077,23.09469253846154,20.209996999999994,28.851141999999996,1080p,h264,43,ToddlerFountain_1920x1080_2997fps_10bit_420
ToddlerFountain_1920x1080_2997fps_10bit_420__1920x1080__hevc__crf18,-0.027640606432753484,-0.13666908280737172,99.97325298461539,99.47302593076924,2.669957999999994,2.1989269999999976,1080p,hevc,18,ToddlerFountain_1920x1080_2997fps_10bit_420
ToddlerFountain_1920x1080_2997fps_10bit_420__1920x1080__hevc__crf23,0.7773437334998649,0.8183835290918784,97.06245173076923,92.65658313846154,5.744071000000005,10.711815999999999,1080p,hevc,23,ToddlerFountain_1920x1080_2997fps_10bit_420
ToddlerFountain_1920x1080_2997fps_10bit_420__1920x1080__hevc__crf28,0.8589393435873002,0.9049857369484567,89.04050179999999,80.9185138076923,8.102497999999997,16.292277999999996,1080p,hevc,28,ToddlerFountain_1920x1080_2997fps_10bit_420
ToddlerFountain_1920x1080_2997fps_10bit_420__1920x1080__hevc__crf33,0.8947564561036462,0.933555532962304,78.12215055384614,64.57756005384614,9.329715000000007,20.16878700000001,1080p,hevc,33,ToddlerFountain_1920x1080_2997fps_10bit_420
ToddlerFountain_1920x1080_2997fps_10bit_420__1920x1080__hevc__crf38,0.8703499190837468,0.9182637664484872,66.0603327,44.54662209230769,9.550373,24.753074000000005,1080p,hevc,38,ToddlerFountain_1920x1080_2997fps_10bit_420
ToddlerFountain_1920x1080_2997fps_10bit_420__1920x1080__hevc__crf43,0.8184385734943612,0.8952350090898998,54.170219153846155,21.27120433076923,8.984513,23.478953000000004,1080p,hevc,43,ToddlerFountain_1920x1080_2997fps_10bit_420
ToddlerFountain_1920x1080_2997fps_10bit_420__1920x1080__vp9__crf20,,,100.0,100.0,0.0,0.0,1080p,vp9,20,ToddlerFountain_1920x1080_2997fps_10bit_420
ToddlerFountain_1920x1080_2997fps_10bit_420__1920x1080__vp9__crf30,-0.07937834603932523,-0.11943659976038092,99.99365768461539,99.14840664615384,0.8245009999999979,3.5440399999999954,1080p,vp9,30,ToddlerFountain_1920x1080_2997fps_10bit_420
ToddlerFountain_1920x1080_2997fps_10bit_420__1920x1080__vp9__crf40,0.9048460471805814,0.9253247165810787,97.28615876153846,90.17080810000002,6.100210000000004,14.646182999999994,1080p,vp9,40,ToddlerFountain_1920x1080_2997fps_10bit_420
ToddlerFountain_1920x1080_2997fps_10bit_420__1920x1080__vp9__crf50,0.9450604984364713,0.9498770711325951,87.669052,73.10170081538462,17.610005,30.545941,1080p,vp9,50,ToddlerFountain_1920x1080_2997fps_10bit_420
ToddlerFountain_1920x1080_2997fps_10bit_420__1920x1080__vp9__crf60,0.9690687014836974,0.9761187900662076,72.94070931538461,48.223677938461535,27.793170000000003,44.234513,1080p,vp9,60,ToddlerFountain_1920x1080_2997fps_10bit_420
ToddlerFountain_1920x1080_2997fps_10bit_420__640x360__av1__crf20,0.4529781332840321,0.579275368835155,83.61415691538461,70.5574016923077,12.578118000000003,13.759296000000006,360p,av1,20,ToddlerFountain_1920x1080_2997fps_10bit_420
ToddlerFountain_1920x1080_2997fps_10bit_420__640x360__av1__crf30,0.5880525853964877,0.7181365171976716,77.79100486923078,58.93615121538461,13.332857000000004,16.921713999999994,360p,av1,30,ToddlerFountain_1920x1080_2997fps_10bit_420
ToddlerFountain_1920x1080_2997fps_10bit_420__640x360__av1__crf40,0.741063358435186,0.8281781561819131,67.0977553076923,40.825072792307694,11.518594999999998,26.716808,360p,av1,40,ToddlerFountain_1920x1080_2997fps_10bit_420
ToddlerFountain_1920x1080_2997fps_10bit_420__640x360__av1__crf50,0.8690462239969988,0.9332090988919255,54.99174708461539,21.918777938461538,13.321223000000003,29.491882999999994,360p,av1,50,ToddlerFountain_1920x1080_2997fps_10bit_420
ToddlerFountain_1920x1080_2997fps_10bit_420__640x360__av1__crf60,0.47904991423027876,0.8896208200741572,41.15323706153846,0.9609053076923078,12.424311000000003,21.914435,360p,av1,60,ToddlerFountain_1920x1080_2997fps_10bit_420
ToddlerFountain_1920x1080_2997fps_10bit_420__640x360__h264__crf18,0.5677189848002752,0.7268686406940355,81.28514806153846,68.99381140769232,11.787874000000002,8.812665999999993,360p,h264,18,ToddlerFountain_1920x1080_2997fps_10bit_420
ToddlerFountain_1920x1080_2997fps_10bit_420__640x360__h264__crf23,0.7110308453481289,0.8374721615274366,72.6753817,56.36872872307693,14.920811999999998,14.21226500000001,360p,h264,23,ToddlerFountain_1920x1080_2997fps_10bit_420
ToddlerFountain_1920x1080_2997fps_10bit_420__640x360__h264__crf28,0.7293844022172803,0.8547727265094587,61.18560600000001,37.92514328461539,17.770449000000006,20.400368999999998,360p,h264,28,ToddlerFountain_1920x1080_2997fps_10bit_420
ToddlerFountain_1920x1080_2997fps_10bit_420__640x360__h264__crf33,0.6798782423289138,0.829320524880732,50.317177538461536,15.009738015384615,18.588857000000004,25.608858000000005,360p,h264,33,ToddlerFountain_1920x1080_2997fps_10bit_420
ToddlerFountain_1920x1080_2997fps_10bit_420__640x360__h264__crf38,0.18090695539144988,0.47635521208410136,41.1453764923077,0.10889198461538462,17.412783999999995,11.771392,360p,h264,38,ToddlerFountain_1920x1080_2997fps_10bit_420
ToddlerFountain_1920x1080_2997fps_10bit_420__640x360__h264__crf43,,,33.59248770769231,0.0,14.043786,0.0,360p,h264,43,ToddlerFountain_1920x1080_2997fps_10bit_420
ToddlerFountain_1920x1080_2997fps_10bit_420__640x360__hevc__crf18,0.8155750058048439,0.8996825544407933,77.54048336923077,66.7620004923077,8.368916999999996,12.220033,360p,hevc,18,ToddlerFountain_1920x1080_2997fps_10bit_420
ToddlerFountain_1920x1080_2997fps_10bit_420__640x360__hevc__crf23,0.846253435643854,0.9178564738715891,69.1858241923077,53.83319753846153,9.707176000000004,17.318699000000002,360p,hevc,23,ToddlerFountain_1920x1080_2997fps_10bit_420
ToddlerFountain_1920x1080_2997fps_10bit_420__640x360__hevc__crf28,0.8100680782740886,0.9013549169657281,59.27905852307693,35.72456004615385,9.872391,22.668898,360p,hevc,28,ToddlerFountain_1920x1080_2997fps_10bit_420
ToddlerFountain_1920x1080_2997fps_10bit_420__640x360__hevc__crf33,0.7740802654073431,0.903764465351558,49.71963170000001,15.181440815384615,9.675117999999998,26.204477999999995,360p,hevc,33,ToddlerFountain_1920x1080_2997fps_10bit_420
ToddlerFountain_1920x1080_2997fps_10bit_420__640x360__hevc__crf38,0.28214295978022697,0.7774186164714295,41.28632903846153,0.4723883230769231,10.103863999999994,12.922133,360p,hevc,38,ToddlerFountain_1920x1080_2997fps_10bit_420
ToddlerFountain_1920x1080_2997fps_10bit_420__640x360__hevc__crf43,,,33.43993371538461,0.0,12.970475,0.0,360p,hevc,43,ToddlerFountain_1920x1080_2997fps_10bit_420
ToddlerFountain_1920x1080_2997fps_10bit_420__640x360__vp9__crf20,0.7550450794790103,0.8564104775905338,84.28666183076922,75.78066249230768,10.319269999999989,10.820131999999987,360p,vp9,20,ToddlerFountain_1920x1080_2997fps_10bit_420
ToddlerFountain_1920x1080_2997fps_10bit_420__640x360__vp9__crf30,0.902834510889777,0.9426917195965241,79.15577145384616,67.08150583846154,11.920243,18.960539000000004,360p,vp9,30,ToddlerFountain_1920x1080_2997fps_10bit_420
ToddlerFountain_1920x1080_2997fps_10bit_420__640x360__vp9__crf40,0.9369855645275122,0.954400410710699,69.88257296153847,50.4527054,19.42589199999999,30.007109999999997,360p,vp9,40,ToddlerFountain_1920x1080_2997fps_10bit_420
ToddlerFountain_1920x1080_2997fps_10bit_420__640x360__vp9__crf50,0.9581558352735171,0.9749522435380619,58.45880096923077,27.526108153846153,24.069970000000005,38.4958,360p,vp9,50,ToddlerFountain_1920x1080_2997fps_10bit_420
ToddlerFountain_1920x1080_2997fps_10bit_420__640x360__vp9__crf60,0.9191258896907878,0.9783494288502904,47.39591798461538,4.875814853846153,23.61967,37.913136,360p,vp9,60,ToddlerFountain_1920x1080_2997fps_10bit_420
ToddlerFountain_1920x1080_2997fps_10bit_420__960x540__av1__crf20,0.5293977626268211,0.5958555669711812,94.84907084615385,86.42396228461538,12.597944000000012,9.341954000000001,540p,av1,20,ToddlerFountain_1920x1080_2997fps_10bit_420
ToddlerFountain_1920x1080_2997fps_10bit_420__960x540__av1__crf30,0.5795840877255507,0.6911563728985407,90.22112763076923,75.12312073076923,13.988137999999992,14.334877000000006,540p,av1,30,ToddlerFountain_1920x1080_2997fps_10bit_420
ToddlerFountain_1920x1080_2997fps_10bit_420__960x540__av1__crf40,0.7836919989559823,0.8390462031745043,80.24748730769231,58.76010765384615,15.278514000000001,19.746940999999993,540p,av1,40,ToddlerFountain_1920x1080_2997fps_10bit_420
ToddlerFountain_1920x1080_2997fps_10bit_420__960x540__av1__crf50,0.8818488615378355,0.9227601978881048,66.99640274615385,39.78268696923077,14.215449999999997,22.604774000000003,540p,av1,50,ToddlerFountain_1920x1080_2997fps_10bit_420
ToddlerFountain_1920x1080_2997fps_10bit_420__960x540__av1__crf60,0.8650263600462098,0.9443108017991054,50.69073402307693,14.631724069230769,12.626370000000001,25.062703,540p,av1,60,ToddlerFountain_1920x1080_2997fps_10bit_420
ToddlerFountain_1920x1080_2997fps_10bit_420__960x540__h264__crf18,0.6326732120794373,0.6938745605764953,92.84234736923077,84.92998010000001,12.334756999999996,9.398363000000003,540p,h264,18,ToddlerFountain_1920x1080_2997fps_10bit_420
ToddlerFountain_1920x1080_2997fps_10bit_420__960x540__h264__crf23,0.7198481596222043,0.7811016943284028,85.42024918461539,74.00905643076923,15.368604000000005,13.542496999999997,540p,h264,23,ToddlerFountain_1920x1080_2997fps_10bit_420
ToddlerFountain_1920x1080_2997fps_10bit_420__960x540__h264__crf28,0.801026700361685,0.8362966578006813,73.52986819230769,57.49478152307692,19.313245999999992,20.517162,540p,h264,28,ToddlerFountain_1920x1080_2997fps_10bit_420
ToddlerFountain_1920x1080_2997fps_10bit_420__960x540__h264__crf33,0.752418990237927,0.8555410263259389,60.49646642307692,35.7041161,21.387601999999994,26.589162999999996,540p,h264,33,ToddlerFountain_1920x1080_2997fps_10bit_420
ToddlerFountain_1920x1080_2997fps_10bit_420__960x540__h264__crf38,0.6707869690552094,0.8151850373488282,48.64121177692307,11.648620084615386,21.848744999999994,29.031105,540p,h264,38,ToddlerFountain_1920x1080_2997fps_10bit_420
ToddlerFountain_1920x1080_2997fps_10bit_420__960x540__h264__crf43,0.3338887194274896,0.5156542232818988,39.766570476923086,0.09302503076923077,20.937317,12.093254,540p,h264,43,ToddlerFountain_1920x1080_2997fps_10bit_420
ToddlerFountain_1920x1080_2997fps_10bit_420__960x540__hevc__crf18,0.7692133928896945,0.8404058747498064,89.53504514615385,82.73150015384616,7.509322000000012,11.490846000000005,540p,hevc,18,ToddlerFountain_1920x1080_2997fps_10bit_420
ToddlerFountain_1920x1080_2997fps_10bit_420__960x540__hevc__crf23,0.8579454644735721,0.9149502886728971,82.06355573076922,71.55575086153846,8.650092999999998,15.462159999999997,540p,hevc,23,ToddlerFountain_1920x1080_2997fps_10bit_420
ToddlerFountain_1920x1080_2997fps_10bit_420__960x540__hevc__crf28,0.8617924378905192,0.9096918022482653,71.69138023846155,55.56441319230769,10.011638000000005,22.071758000000003,540p,hevc,28,ToddlerFountain_1920x1080_2997fps_10bit_420
ToddlerFountain_1920x1080_2997fps_10bit_420__960x540__hevc__crf33,0.8824040228577589,0.9438441178914445,60.379115107692314,34.68890459230769,9.970885000000003,21.572307000000002,540p,hevc,33,ToddlerFountain_1920x1080_2997fps_10bit_420
ToddlerFountain_1920x1080_2997fps_10bit_420__960x540__hevc__crf38,0.8028980248989973,0.9097081011783925,50.11768153846154,12.933635007692308,9.138711,22.536665,540p,hevc,38,ToddlerFountain_1920x1080_2997fps_10bit_420
ToddlerFountain_1920x1080_2997fps_10bit_420__960x540__hevc__crf43,-0.24959262972545648,0.593032131153784,39.65522076923077,0.035679746153846156,10.811604000000003,4.628255,540p,hevc,43,ToddlerFountain_1920x1080_2997fps_10bit_420
ToddlerFountain_1920x1080_2997fps_10bit_420__960x540__vp9__crf20,0.717788881716739,0.7893451136672227,95.09478422307693,90.50439461538461,9.548917000000003,9.65342600000001,540p,vp9,20,ToddlerFountain_1920x1080_2997fps_10bit_420
ToddlerFountain_1920x1080_2997fps_10bit_420__960x540__vp9__crf30,0.8866451289585395,0.9184913365201705,91.07228418461538,83.16235772307692,9.708945999999997,16.25580699999999,540p,vp9,30,ToddlerFountain_1920x1080_2997fps_10bit_420
ToddlerFountain_1920x1080_2997fps_10bit_420__960x540__vp9__crf40,0.9334948110400366,0.9435425973910833,82.6700805153846,68.11930067692309,17.379081,27.487702,540p,vp9,40,ToddlerFountain_1920x1080_2997fps_10bit_420
ToddlerFountain_1920x1080_2997fps_10bit_420__960x540__vp9__crf50,0.9549581229012009,0.9619369382613271,70.38797333846153,46.04274798461539,24.735659999999996,39.466907,540p,vp9,50,ToddlerFountain_1920x1080_2997fps_10bit_420
ToddlerFountain_1920x1080_2997fps_10bit_420__960x540__vp9__crf60,0.9675629941952085,0.9795744812828432,57.08800145384615,20.640488738461535,26.728856,45.620726,540p,vp9,60,ToddlerFountain_1920x1080_2997fps_10bit_420
TreesAndGrass_1920_1080_30fps_8bit__1280x720__av1__crf20,0.4387613208453424,0.3736312690871801,99.64186962307693,98.61861213846154,10.896710999999996,8.012051,720p,av1,20,TreesAndGrass_1920_1080_30fps_8bit
TreesAndGrass_1920_1080_30fps_8bit__1280x720__av1__crf30,0.32715933020273086,0.45682364645464796,99.1009322923077,94.93584134615385,11.855618000000007,11.583198999999993,720p,av1,30,TreesAndGrass_1920_1080_30fps_8bit
TreesAndGrass_1920_1080_30fps_8bit__1280x720__av1__crf40,0.07922678636139623,0.5555804868236005,97.96928554615386,88.45538752307694,14.911555000000007,11.863860000000003,720p,av1,40,TreesAndGrass_1920_1080_30fps_8bit
TreesAndGrass_1920_1080_30fps_8bit__1280x720__av1__crf50,-0.14991546506816142,0.6663821084988584,96.22614975384614,80.77330153076923,17.927493999999996,19.68792400000001,720p,av1,50,TreesAndGrass_1920_1080_30fps_8bit
TreesAndGrass_1920_1080_30fps_8bit__1280x720__av1__crf60,0.07483428924429954,0.8327971826615259,89.41869428461538,64.25345933846155,25.694829999999996,33.637167,720p,av1,60,TreesAndGrass_1920_1080_30fps_8bit
TreesAndGrass_1920_1080_30fps_8bit__1280x720__h264__crf18,0.471377165457265,0.4907985527904869,99.3411733,97.23692743076921,11.686366000000007,8.729159999999993,720p,h264,18,TreesAndGrass_1920_1080_30fps_8bit
TreesAndGrass_1920_1080_30fps_8bit__1280x720__h264__crf23,0.38397584409080754,0.728201107562953,98.43380781538461,92.53041496153847,14.126431999999994,12.170113999999998,720p,h264,23,TreesAndGrass_1920_1080_30fps_8bit
TreesAndGrass_1920_1080_30fps_8bit__1280x720__h264__crf28,0.19540087443797052,0.775118754061117,96.1768643846154,84.61701943846154,19.838220000000007,16.616683999999992,720p,h264,28,TreesAndGrass_1920_1080_30fps_8bit
TreesAndGrass_1920_1080_30fps_8bit__1280x720__h264__crf33,0.22811362725853274,0.7706661491087603,89.84645205384615,71.57313455384616,29.960852000000003,23.315782999999996,720p,h264,33,TreesAndGrass_1920_1080_30fps_8bit
TreesAndGrass_1920_1080_30fps_8bit__1280x720__h264__crf38,0.25858447636616094,0.7220632271578558,80.56299397692308,53.2980032,43.643234,27.405612000000005,720p,h264,38,TreesAndGrass_1920_1080_30fps_8bit
TreesAndGrass_1920_1080_30fps_8bit__1280x720__h264__crf43,0.21966616196340732,0.4766552248368277,70.93504088461539,31.709764384615383,53.574436,25.264556,720p,h264,43,TreesAndGrass_1920_1080_30fps_8bit
TreesAndGrass_1920_1080_30fps_8bit__1280x720__hevc__crf18,0.3034756339186928,0.3007476602040513,99.38552744615384,96.69579050769231,11.300308999999999,8.743207999999996,720p,hevc,18,TreesAndGrass_1920_1080_30fps_8bit
TreesAndGrass_1920_1080_30fps_8bit__1280x720__hevc__crf23,0.10055844870117477,0.4656234756684426,98.68784044615386,91.66559316923076,13.096778999999998,13.291589000000002,720p,hevc,23,TreesAndGrass_1920_1080_30fps_8bit
TreesAndGrass_1920_1080_30fps_8bit__1280x720__hevc__crf28,-0.12847130938884957,0.6721688153206975,96.95565710769232,83.85157469999999,17.208997999999994,24.204472999999993,720p,hevc,28,TreesAndGrass_1920_1080_30fps_8bit
TreesAndGrass_1920_1080_30fps_8bit__1280x720__hevc__crf33,0.06545790231648116,0.8469407500519918,91.02017356923078,71.26760363076923,25.404790000000006,37.845546,720p,hevc,33,TreesAndGrass_1920_1080_30fps_8bit
TreesAndGrass_1920_1080_30fps_8bit__1280x720__hevc__crf38,0.0685849656441819,0.8401642255117368,82.16048887692308,52.880616853846156,37.046633,45.49374100000001,720p,hevc,38,TreesAndGrass_1920_1080_30fps_8bit
TreesAndGrass_1920_1080_30fps_8bit__1280x720__hevc__crf43,-0.06487861677376075,0.5961544733658912,72.75094253846154,30.83781943076923,44.910684,46.596736,720p,hevc,43,TreesAndGrass_1920_1080_30fps_8bit
TreesAndGrass_1920_1080_30fps_8bit__1280x720__vp9__crf20,0.42080496902308073,0.31203071010404854,99.71152890769233,99.09181395384616,10.554158000000001,7.298224000000005,720p,vp9,20,TreesAndGrass_1920_1080_30fps_8bit
TreesAndGrass_1920_1080_30fps_8bit__1280x720__vp9__crf30,0.35736499439144065,0.4125846865912502,99.36747454615384,96.41064221538461,10.993249000000006,11.321163999999996,720p,vp9,30,TreesAndGrass_1920_1080_30fps_8bit
TreesAndGrass_1920_1080_30fps_8bit__1280x720__vp9__crf40,0.19923623457068654,0.6612771120020688,98.17249542307692,89.74543059230771,14.402379999999994,15.819907,720p,vp9,40,TreesAndGrass_1920_1080_30fps_8bit
TreesAndGrass_1920_1080_30fps_8bit__1280x720__vp9__crf50,0.1153835776474666,0.7257667796063428,94.48664904615384,77.24536444615383,22.197000000000003,26.183470999999997,720p,vp9,50,TreesAndGrass_1920_1080_30fps_8bit
TreesAndGrass_1920_1080_30fps_8bit__1280x720__vp9__crf60,0.07901725319755937,0.767307949625001,85.74205573076922,57.103237538461535,32.82564000000001,42.57727499999999,720p,vp9,60,TreesAndGrass_1920_1080_30fps_8bit
TreesAndGrass_1920_1080_30fps_8bit__1920x1080__av1__crf20,,,99.99361858461539,100.0,0.829583999999997,0.0,1080p,av1,20,TreesAndGrass_1920_1080_30fps_8bit
TreesAndGrass_1920_1080_30fps_8bit__1920x1080__av1__crf30,0.2995194694903323,0.11115628128616675,99.97648363846154,99.99657163076924,2.287865999999994,0.35161600000000703,1080p,av1,30,TreesAndGrass_1920_1080_30fps_8bit
TreesAndGrass_1920_1080_30fps_8bit__1920x1080__av1__crf40,0.340610667559472,0.29368142037339023,99.78542756923076,98.41780393846153,6.110527000000005,6.401398,1080p,av1,40,TreesAndGrass_1920_1080_30fps_8bit
TreesAndGrass_1920_1080_30fps_8bit__1920x1080__av1__crf50,-0.06523711576871706,0.4589618604335268,99.34087300769231,91.47891858461539,8.510631000000004,15.991968999999997,1080p,av1,50,TreesAndGrass_1920_1080_30fps_8bit
TreesAndGrass_1920_1080_30fps_8bit__1920x1080__av1__crf60,-0.07227422864195773,0.8756581704236549,96.28144279999998,76.06227886153846,15.467999000000006,31.200451,1080p,av1,60,TreesAndGrass_1920_1080_30fps_8bit
TreesAndGrass_1920_1080_30fps_8bit__1920x1080__h264__crf18,,-0.007751937984403072,99.98740662307692,100.0,1.6371390000000048,0.0,1080p,h264,18,TreesAndGrass_1920_1080_30fps_8bit
TreesAndGrass_1920_1080_30fps_8bit__1920x1080__h264__crf23,0.6565978873682382,0.5147639036812759,99.91234871538461,99.92185465384615,4.167312999999993,3.197136999999998,1080p,h264,23,TreesAndGrass_1920_1080_30fps_8bit
TreesAndGrass_1920_1080_30fps_8bit__1920x1080__h264__crf28,0.3366977967806476,0.6073458700107742,99.4056009,96.72180515384616,9.012951000000001,9.057113000000001,1080p,h264,28,TreesAndGrass_1920_1080_30fps_8bit
TreesAndGrass_1920_1080_30fps_8bit__1920x1080__h264__crf33,-0.0032217836611908527,0.7160978085084629,97.02486674615383,85.89402488461538,18.040092,18.181639999999987,1080p,h264,33,TreesAndGrass_1920_1080_30fps_8bit
TreesAndGrass_1920_1080_30fps_8bit__1920x1080__h264__crf38,0.16864315378127379,0.7832963512032423,88.64134444615385,69.12046411538462,31.701756000000003,25.512734000000002,1080p,h264,38,TreesAndGrass_1920_1080_30fps_8bit
TreesAndGrass_1920_1080_30fps_8bit__1920x1080__h264__crf43,0.16239615525336606,0.5684602817098325,77.44745657692309,45.934532084615384,47.686094,25.754547000000002,1080p,h264,43,TreesAndGrass_1920_1080_30fps_8bit
TreesAndGrass_1920_1080_30fps_8bit__1920x1080__hevc__crf18,,-0.008704521751521407,99.9915251076923,100.0,1.1017360000000025,0.0,1080p,hevc,18,TreesAndGrass_1920_1080_30fps_8bit
TreesAndGrass_1920_1080_30fps_8bit__1920x1080__hevc__crf23,0.4886077254330811,0.29499048942637623,99.9167159076923,99.75478240769232,3.337896999999998,2.9732390000000066,1080p,hevc,23,TreesAndGrass_1920_1080_30fps_8bit
TreesAndGrass_1920_1080_30fps_8bit__1920x1080__hevc__crf28,0.14963239401817216,0.4709315662533265,99.47007643846155,94.78861252307692,8.023453000000003,15.992931999999996,1080p,hevc,28,TreesAndGrass_1920_1080_30fps_8bit
TreesAndGrass_1920_1080_30fps_8bit__1920x1080__hevc__crf33,-0.027484880332302078,0.7996641214134174,97.68059286923076,84.3658181076923,14.749464000000003,32.49864600000001,1080p,hevc,33,TreesAndGrass_1920_1080_30fps_8bit
TreesAndGrass_1920_1080_30fps_8bit__1920x1080__hevc__crf38,0.08555484455389034,0.8787645331030519,90.21447011538461,67.37378534615385,25.368159000000006,50.005723,1080p,hevc,38,TreesAndGrass_1920_1080_30fps_8bit
TreesAndGrass_1920_1080_30fps_8bit__1920x1080__hevc__crf43,-0.07822189059916779,0.7534495590559827,79.87300281538462,45.36799556153846,39.567641,53.306588999999995,1080p,hevc,43,TreesAndGrass_1920_1080_30fps_8bit
TreesAndGrass_1920_1080_30fps_8bit__1920x1080__vp9__crf20,,,100.0,100.0,0.0,0.0,1080p,vp9,20,TreesAndGrass_1920_1080_30fps_8bit
TreesAndGrass_1920_1080_30fps_8bit__1920x1080__vp9__crf30,-0.007751937984464263,-0.008727065720148414,99.99657762307693,99.99748963076922,0.44490899999999556,0.32634799999999586,1080p,vp9,30,TreesAndGrass_1920_1080_30fps_8bit
TreesAndGrass_1920_1080_30fps_8bit__1920x1080__vp9__crf40,0.5956480308189249,0.5142316620407235,99.86358925384616,99.13605116153846,5.198088999999996,6.525597000000005,1080p,vp9,40,TreesAndGrass_1920_1080_30fps_8bit
TreesAndGrass_1920_1080_30fps_8bit__1920x1080__vp9__crf50,0.24305291827136527,0.642319393414549,98.89534631538461,90.62830805384615,11.432569999999998,16.792264000000003,1080p,vp9,50,TreesAndGrass_1920_1080_30fps_8bit
TreesAndGrass_1920_1080_30fps_8bit__1920x1080__vp9__crf60,0.10040521081890967,0.7914900742773844,94.5077276,74.06096423846154,20.955166000000006,35.891194999999996,1080p,vp9,60,TreesAndGrass_1920_1080_30fps_8bit
TreesAndGrass_1920_1080_30fps_8bit__640x360__av1__crf20,0.4045661929406709,0.789534539785106,89.79303313076923,70.52178326153847,34.92814,18.380865,360p,av1,20,TreesAndGrass_1920_1080_30fps_8bit
TreesAndGrass_1920_1080_30fps_8bit__640x360__av1__crf30,0.3647960435869831,0.752473598904959,87.3394920076923,65.44572862307692,37.56196,19.603889000000002,360p,av1,30,TreesAndGrass_1920_1080_30fps_8bit
TreesAndGrass_1920_1080_30fps_8bit__640x360__av1__crf40,0.2258472608949739,0.6719323029708728,83.8476094076923,57.62735829230769,42.41784,21.346755,360p,av1,40,TreesAndGrass_1920_1080_30fps_8bit
TreesAndGrass_1920_1080_30fps_8bit__640x360__av1__crf50,0.013956969645463883,0.595260662409987,79.99524793846153,49.16026936923077,47.416037,22.202855999999997,360p,av1,50,TreesAndGrass_1920_1080_30fps_8bit
TreesAndGrass_1920_1080_30fps_8bit__640x360__av1__crf60,-0.030455901845258312,0.5116194403388425,73.41215006923076,33.82606017692307,54.441931000000004,32.230935,360p,av1,60,TreesAndGrass_1920_1080_30fps_8bit
TreesAndGrass_1920_1080_30fps_8bit__640x360__h264__crf18,0.4911985279194147,0.8190346470483159,88.28566909230769,67.84095033846152,35.550324,18.948823999999995,360p,h264,18,TreesAndGrass_1920_1080_30fps_8bit
TreesAndGrass_1920_1080_30fps_8bit__640x360__h264__crf23,0.4930711985469805,0.8153561417078936,84.74414148461538,60.34800224615385,39.062348,19.697466000000006,360p,h264,23,TreesAndGrass_1920_1080_30fps_8bit
TreesAndGrass_1920_1080_30fps_8bit__640x360__h264__crf28,0.38224931217603586,0.7483460108092319,79.23957313846155,49.65794256923077,45.806457,20.798663999999995,360p,h264,28,TreesAndGrass_1920_1080_30fps_8bit
TreesAndGrass_1920_1080_30fps_8bit__640x360__h264__crf33,0.3099201110696791,0.6225747692334379,72.16435231538462,35.23511236923078,53.154884,21.873097,360p,h264,33,TreesAndGrass_1920_1080_30fps_8bit
TreesAndGrass_1920_1080_30fps_8bit__640x360__h264__crf38,0.23366712298242537,0.43443566462467087,65.25825580769231,18.633185015384615,54.749713,21.511006000000002,360p,h264,38,TreesAndGrass_1920_1080_30fps_8bit
TreesAndGrass_1920_1080_30fps_8bit__640x360__h264__crf43,0.2678122843526629,0.29036490679369614,59.256163661538466,3.334447823076923,56.651801,9.890559,360p,h264,43,TreesAndGrass_1920_1080_30fps_8bit
TreesAndGrass_1920_1080_30fps_8bit__640x360__hevc__crf18,0.37815196669420637,0.7705796311958796,88.41447373846154,69.00605917692306,34.619716,17.98219900000001,360p,hevc,18,TreesAndGrass_1920_1080_30fps_8bit
TreesAndGrass_1920_1080_30fps_8bit__640x360__hevc__crf23,0.3109745480050071,0.7400233850180755,85.3537941153846,63.22127158461538,37.11141,19.068335000000005,360p,hevc,23,TreesAndGrass_1920_1080_30fps_8bit
TreesAndGrass_1920_1080_30fps_8bit__640x360__hevc__crf28,0.26099853570221193,0.7246578038877786,80.52403842307695,53.79804345384615,42.239163,21.841096,360p,hevc,28,TreesAndGrass_1920_1080_30fps_8bit
TreesAndGrass_1920_1080_30fps_8bit__640x360__hevc__crf33,0.14786300502230595,0.6095595682342226,74.1732666076923,40.132104500000004,48.669573,27.366885999999997,360p,hevc,33,TreesAndGrass_1920_1080_30fps_8bit
TreesAndGrass_1920_1080_30fps_8bit__640x360__hevc__crf38,0.05507552393596762,0.3850701667431886,67.2843190076923,22.7575909,50.036124,28.517567999999997,360p,hevc,38,TreesAndGrass_1920_1080_30fps_8bit
TreesAndGrass_1920_1080_30fps_8bit__640x360__hevc__crf43,0.05284077673852031,0.1591718588714254,60.39884167692307,5.052839907692308,52.81567400000001,15.213529,360p,hevc,43,TreesAndGrass_1920_1080_30fps_8bit
TreesAndGrass_1920_1080_30fps_8bit__640x360__vp9__crf20,0.37520635283904524,0.7859087645626621,90.18230423076923,72.15014183846154,33.815791000000004,19.60373700000001,360p,vp9,20,TreesAndGrass_1920_1080_30fps_8bit
TreesAndGrass_1920_1080_30fps_8bit__640x360__vp9__crf30,0.34229548909765783,0.7738562175260172,87.91110535384614,68.0501798923077,34.501341,21.358406000000002,360p,vp9,30,TreesAndGrass_1920_1080_30fps_8bit
TreesAndGrass_1920_1080_30fps_8bit__640x360__vp9__crf40,0.29916319876553626,0.7671710729573563,83.35328399999999,58.95407380769231,36.960455,25.536476,360p,vp9,40,TreesAndGrass_1920_1080_30fps_8bit
TreesAndGrass_1920_1080_30fps_8bit__640x360__vp9__crf50,0.22789378186373246,0.6701777547883155,76.31491947692308,42.77675418461538,44.925937,31.823338,360p,vp9,50,TreesAndGrass_1920_1080_30fps_8bit
TreesAndGrass_1920_1080_30fps_8bit__640x360__vp9__crf60,0.10750081821441418,0.4892591751664008,68.95136393076923,22.378992384615383,48.67028299999999,36.739886999999996,360p,vp9,60,TreesAndGrass_1920_1080_30fps_8bit
TreesAndGrass_1920_1080_30fps_8bit__960x540__av1__crf20,0.26507770690546323,0.6509553713382565,97.55298226153847,88.07286020000001,20.627088,14.689763,540p,av1,20,TreesAndGrass_1920_1080_30fps_8bit
TreesAndGrass_1920_1080_30fps_8bit__960x540__av1__crf30,0.1618551852939847,0.6967154528313,96.50862916153847,83.79000003076922,22.586838,13.372737,540p,av1,30,TreesAndGrass_1920_1080_30fps_8bit
TreesAndGrass_1920_1080_30fps_8bit__960x540__av1__crf40,-0.03396753272284328,0.5978770188540247,94.33187043846154,76.71176714615385,26.242814999999993,14.770305000000008,540p,av1,40,TreesAndGrass_1920_1080_30fps_8bit
TreesAndGrass_1920_1080_30fps_8bit__960x540__av1__crf50,-0.12690752969145414,0.6080903782178612,91.09170693076923,69.39589371538462,30.090586000000002,18.807421000000005,540p,av1,50,TreesAndGrass_1920_1080_30fps_8bit
TreesAndGrass_1920_1080_30fps_8bit__960x540__av1__crf60,0.014140126740582445,0.7651028810216167,84.37547966923076,53.875918376923075,38.367742,31.773077000000008,540p,av1,60,TreesAndGrass_1920_1080_30fps_8bit
TreesAndGrass_1920_1080_30fps_8bit__960x540__h264__crf18,0.3236156416667754,0.7600336816337153,96.74893153846152,86.47053115384615,21.121954000000002,15.916408000000004,540p,h264,18,TreesAndGrass_1920_1080_30fps_8bit
TreesAndGrass_1920_1080_30fps_8bit__960x540__h264__crf23,0.31732012695975675,0.7988601416191462,94.67676093076922,80.66848831538461,24.150765000000007,14.671114000000003,540p,h264,23,TreesAndGrass_1920_1080_30fps_8bit
TreesAndGrass_1920_1080_30fps_8bit__960x540__h264__crf28,0.2579506490991505,0.7479636931970229,90.08313552307693,71.74995301538462,30.397406000000004,16.708831999999994,540p,h264,28,TreesAndGrass_1920_1080_30fps_8bit
TreesAndGrass_1920_1080_30fps_8bit__960x540__h264__crf33,0.23647388902612473,0.7098473616303757,82.77586346923077,57.260760838461536,40.465062,22.317403000000006,540p,h264,33,TreesAndGrass_1920_1080_30fps_8bit
TreesAndGrass_1920_1080_30fps_8bit__960x540__h264__crf38,0.20407269888256943,0.5518511641424999,73.96045058461537,39.067154676923074,52.001888,23.370366999999998,540p,h264,38,TreesAndGrass_1920_1080_30fps_8bit
TreesAndGrass_1920_1080_30fps_8bit__960x540__h264__crf43,0.17035819097977017,0.34774674903439945,66.04938978461539,19.673206092307694,54.064117,22.007864,540p,h264,43,TreesAndGrass_1920_1080_30fps_8bit
TreesAndGrass_1920_1080_30fps_8bit__960x540__hevc__crf18,0.2067244483045386,0.7018627238821433,96.93588917692306,86.50719894615384,20.419797000000003,13.932302000000007,540p,hevc,18,TreesAndGrass_1920_1080_30fps_8bit
TreesAndGrass_1920_1080_30fps_8bit__960x540__hevc__crf23,0.08588146016453761,0.6681884605237994,95.2337388076923,81.5518185923077,22.333466,15.815541999999994,540p,hevc,23,TreesAndGrass_1920_1080_30fps_8bit
TreesAndGrass_1920_1080_30fps_8bit__960x540__hevc__crf28,0.0729788484239309,0.7115280823689839,91.30033285384614,73.18889188461539,26.682558999999998,18.557022999999994,540p,hevc,28,TreesAndGrass_1920_1080_30fps_8bit
TreesAndGrass_1920_1080_30fps_8bit__960x540__hevc__crf33,0.07937390902483552,0.7398704194284496,84.96837202307694,60.36188138461538,34.915893,27.054053999999994,540p,hevc,33,TreesAndGrass_1920_1080_30fps_8bit
TreesAndGrass_1920_1080_30fps_8bit__960x540__hevc__crf38,0.07623845765950579,0.6734055208310544,76.41054567692308,41.648532153846155,45.410352,49.072222,540p,hevc,38,TreesAndGrass_1920_1080_30fps_8bit
TreesAndGrass_1920_1080_30fps_8bit__960x540__hevc__crf43,-0.03911237155395755,0.3575358230557069,68.22632417692307,21.270328107692308,47.306714,36.599691,540p,hevc,43,TreesAndGrass_1920_1080_30fps_8bit
TreesAndGrass_1920_1080_30fps_8bit__960x540__vp9__crf20,0.2500901562392442,0.643599418323279,97.6709126,89.22954425384614,19.766266,16.836143000000007,540p,vp9,20,TreesAndGrass_1920_1080_30fps_8bit
TreesAndGrass_1920_1080_30fps_8bit__960x540__vp9__crf30,0.16059477302207587,0.7074124981788938,96.73749150769231,85.76385906923076,20.317178,17.326765999999992,540p,vp9,30,TreesAndGrass_1920_1080_30fps_8bit
TreesAndGrass_1920_1080_30fps_8bit__960x540__vp9__crf40,0.1337079618088982,0.7286132867638656,93.7922138923077,78.21074027692308,23.306901999999994,18.98921100000001,540p,vp9,40,TreesAndGrass_1920_1080_30fps_8bit
TreesAndGrass_1920_1080_30fps_8bit__960x540__vp9__crf50,0.19389373636930415,0.7440349660265294,87.50684144615384,64.48082053846154,31.064800000000005,29.117740999999995,540p,vp9,50,TreesAndGrass_1920_1080_30fps_8bit
TreesAndGrass_1920_1080_30fps_8bit__960x540__vp9__crf60,0.14768248105198747,0.7287263634654038,78.83350101538463,42.97960001538461,41.589177,41.348065000000005,540p,vp9,60,TreesAndGrass_1920_1080_30fps_8bit
TunnelFlag_1920x1080_5994_10bit_420__1280x720__av1__crf20,,,99.97234799230769,100.0,3.5947610000000054,0.0,720p,av1,20,TunnelFlag_1920x1080_5994_10bit_420
TunnelFlag_1920x1080_5994_10bit_420__1280x720__av1__crf30,,,99.96023997692308,100.0,5.168802999999997,0.0,720p,av1,30,TunnelFlag_1920x1080_5994_10bit_420
TunnelFlag_1920x1080_5994_10bit_420__1280x720__av1__crf40,-0.14767321120348423,-0.1874323259680756,99.93749770769232,98.00805823076922,8.125298,4.9570580000000035,720p,av1,40,TunnelFlag_1920x1080_5994_10bit_420
TunnelFlag_1920x1080_5994_10bit_420__1280x720__av1__crf50,-0.17866754525268508,-0.15083757550258178,99.90482596923077,91.98184746153845,12.372624000000002,8.957335,720p,av1,50,TunnelFlag_1920x1080_5994_10bit_420
TunnelFlag_1920x1080_5994_10bit_420__1280x720__av1__crf60,-0.16093247731322655,0.6355658671163469,99.84019231538461,82.59826675384615,19.797413000000006,14.441878000000003,720p,av1,60,TunnelFlag_1920x1080_5994_10bit_420
TunnelFlag_1920x1080_5994_10bit_420__1280x720__h264__crf18,,-0.020629868994496366,99.96165415384615,100.0,4.984960000000001,0.0,720p,h264,18,TunnelFlag_1920x1080_5994_10bit_420
TunnelFlag_1920x1080_5994_10bit_420__1280x720__h264__crf23,-0.2612195333323274,-0.2608238236081905,99.93266587692308,96.72575696153847,8.753435999999994,7.3643399999999986,720p,h264,23,TunnelFlag_1920x1080_5994_10bit_420
TunnelFlag_1920x1080_5994_10bit_420__1280x720__h264__crf28,-0.2825881368939944,0.16989563311625785,99.87878623076924,86.94703804615384,15.75779,10.501487999999995,720p,h264,28,TunnelFlag_1920x1080_5994_10bit_420
TunnelFlag_1920x1080_5994_10bit_420__1280x720__h264__crf33,-0.2194551410133413,0.16876481917870984,99.40102256923078,73.70344719230769,26.731109000000004,15.435030999999995,720p,h264,33,TunnelFlag_1920x1080_5994_10bit_420
TunnelFlag_1920x1080_5994_10bit_420__1280x720__h264__crf38,-0.08628182138791789,0.2288349416462096,89.19677393846155,55.59132556923077,35.541638,18.751827000000006,720p,h264,38,TunnelFlag_1920x1080_5994_10bit_420
TunnelFlag_1920x1080_5994_10bit_420__1280x720__h264__crf43,0.03279439928886934,0.34836586331585534,76.69287601538463,33.5025998,38.284598,17.76825,720p,h264,43,TunnelFlag_1920x1080_5994_10bit_420
TunnelFlag_1920x1080_5994_10bit_420__1280x720__hevc__crf18,,,99.96612464615384,100.0,4.403796,0.0,720p,hevc,18,TunnelFlag_1920x1080_5994_10bit_420
TunnelFlag_1920x1080_5994_10bit_420__1280x720__hevc__crf23,-0.19111528012334597,-0.30994342834007454,99.94528747692308,97.50349276923077,7.112628000000001,4.977956000000006,720p,hevc,23,TunnelFlag_1920x1080_5994_10bit_420
TunnelFlag_1920x1080_5994_10bit_420__1280x720__hevc__crf28,-0.342353966982967,-0.028945634925500962,99.90544010769231,86.64222473846154,12.292786000000007,13.035755999999992,720p,hevc,28,TunnelFlag_1920x1080_5994_10bit_420
TunnelFlag_1920x1080_5994_10bit_420__1280x720__hevc__crf33,-0.27956720666756985,0.13312977823406585,99.68419327692307,72.64077860769231,20.895084999999995,19.668639999999996,720p,hevc,33,TunnelFlag_1920x1080_5994_10bit_420
TunnelFlag_1920x1080_5994_10bit_420__1280x720__hevc__crf38,-0.0864433990886952,0.19083013648652497,92.31436755384615,54.259709615384615,30.016992000000002,19.747018000000004,720p,hevc,38,TunnelFlag_1920x1080_5994_10bit_420
TunnelFlag_1920x1080_5994_10bit_420__1280x720__hevc__crf43,-0.023679755680090182,0.27682292661880464,80.6459538923077,34.645831776923075,34.157109,14.310737000000003,720p,hevc,43,TunnelFlag_1920x1080_5994_10bit_420
TunnelFlag_1920x1080_5994_10bit_420__1280x720__vp9__crf20,,,99.98084380769231,100.0,2.4903050000000064,0.0,720p,vp9,20,TunnelFlag_1920x1080_5994_10bit_420
TunnelFlag_1920x1080_5994_10bit_420__1280x720__vp9__crf30,,-0.021913070421481332,99.97756105384615,100.0,2.917062999999999,0.0,720p,vp9,30,TunnelFlag_1920x1080_5994_10bit_420
TunnelFlag_1920x1080_5994_10bit_420__1280x720__vp9__crf40,-0.18261301674495303,-0.22398945080240598,99.96829133076923,94.42353763076923,4.122127000000006,10.946079999999995,720p,vp9,40,TunnelFlag_1920x1080_5994_10bit_420
TunnelFlag_1920x1080_5994_10bit_420__1280x720__vp9__crf50,-0.35514875366135884,0.5118401546781958,99.94167779230769,78.5482057,7.581886999999995,29.07628299999999,720p,vp9,50,TunnelFlag_1920x1080_5994_10bit_420
TunnelFlag_1920x1080_5994_10bit_420__1280x720__vp9__crf60,0.1812213849208709,0.7535725379171083,98.1154113076923,57.377572792307696,15.457358999999997,34.074501999999995,720p,vp9,60,TunnelFlag_1920x1080_5994_10bit_420
TunnelFlag_1920x1080_5994_10bit_420__1920x1080__av1__crf20,,,99.99449233846154,100.0,0.7159960000000041,0.0,1080p,av1,20,TunnelFlag_1920x1080_5994_10bit_420
TunnelFlag_1920x1080_5994_10bit_420__1920x1080__av1__crf30,,,99.98700154615385,100.0,1.6897989999999936,0.0,1080p,av1,30,TunnelFlag_1920x1080_5994_10bit_420
TunnelFlag_1920x1080_5994_10bit_420__1920x1080__av1__crf40,,-0.011000326224594695,99.96883753076922,100.0,4.051120999999995,0.0,1080p,av1,40,TunnelFlag_1920x1080_5994_10bit_420
TunnelFlag_1920x1080_5994_10bit_420__1920x1080__av1__crf50,-0.11237176211088086,-0.19955175599060762,99.94661793846154,98.69181953076924,6.9396679999999975,4.408725000000004,1080p,av1,50,TunnelFlag_1920x1080_5994_10bit_420
TunnelFlag_1920x1080_5994_10bit_420__1920x1080__av1__crf60,-0.1673558562152643,0.21271435498884092,99.90548139230769,91.3814212,12.287419,10.24377299999999,1080p,av1,60,TunnelFlag_1920x1080_5994_10bit_420
TunnelFlag_1920x1080_5994_10bit_420__1920x1080__h264__crf18,,,99.98513241538463,100.0,1.932785999999993,0.0,1080p,h264,18,TunnelFlag_1920x1080_5994_10bit_420
TunnelFlag_1920x1080_5994_10bit_420__1920x1080__h264__crf23,,-0.01040119950105262,99.96472267692307,100.0,4.586051999999995,0.0,1080p,h264,23,TunnelFlag_1920x1080_5994_10bit_420
TunnelFlag_1920x1080_5994_10bit_420__1920x1080__h264__crf28,-0.18739867664568718,-0.18713534552817396,99.92651793076922,96.83372249230767,9.552668999999995,7.158749,1080p,h264,28,TunnelFlag_1920x1080_5994_10bit_420
TunnelFlag_1920x1080_5994_10bit_420__1920x1080__h264__crf33,-0.2597726709009135,0.20681662167880477,99.86313496153846,86.40479314615385,17.792455000000004,12.504733000000002,1080p,h264,33,TunnelFlag_1920x1080_5994_10bit_420
TunnelFlag_1920x1080_5994_10bit_420__1920x1080__h264__crf38,0.08000876471071909,0.3612602361557311,97.411581,71.8208254076923,30.048955000000007,14.851028,1080p,h264,38,TunnelFlag_1920x1080_5994_10bit_420
TunnelFlag_1920x1080_5994_10bit_420__1920x1080__h264__crf43,0.17127539640222317,0.4808456095750165,85.78820332307693,52.50064270769231,36.746332,16.805593000000002,1080p,h264,43,TunnelFlag_1920x1080_5994_10bit_420
TunnelFlag_1920x1080_5994_10bit_420__1920x1080__hevc__crf18,,,99.98899465384616,100.0,1.430695,0.0,1080p,hevc,18,TunnelFlag_1920x1080_5994_10bit_420
TunnelFlag_1920x1080_5994_10bit_420__1920x1080__hevc__crf23,,-0.0077519379844859316,99.97396021538461,100.0,3.385171999999997,0.0,1080p,hevc,23,TunnelFlag_1920x1080_5994_10bit_420
TunnelFlag_1920x1080_5994_10bit_420__1920x1080__hevc__crf28,-0.277692441255086,-0.36025131478418326,99.94606943076923,96.15411866153846,7.0109740000000045,6.072277,1080p,hevc,28,TunnelFlag_1920x1080_5994_10bit_420
TunnelFlag_1920x1080_5994_10bit_420__1920x1080__hevc__crf33,-0.3648276811523191,0.06944603779328819,99.89608310769232,85.66719266923077,13.509196000000003,12.577505000000002,1080p,hevc,33,TunnelFlag_1920x1080_5994_10bit_420
TunnelFlag_1920x1080_5994_10bit_420__1920x1080__hevc__crf38,-0.1874666689179102,0.18602583350096757,99.21231996923076,70.32396036153847,23.458397000000005,15.944779999999994,1080p,hevc,38,TunnelFlag_1920x1080_5994_10bit_420
TunnelFlag_1920x1080_5994_10bit_420__1920x1080__hevc__crf43,-0.12093499647996436,0.12716572757728098,89.8068351923077,48.496736784615386,32.18441599999999,17.177335,1080p,hevc,43,TunnelFlag_1920x1080_5994_10bit_420
TunnelFlag_1920x1080_5994_10bit_420__1920x1080__vp9__crf20,,,100.0,100.0,0.0,0.0,1080p,vp9,20,TunnelFlag_1920x1080_5994_10bit_420
TunnelFlag_1920x1080_5994_10bit_420__1920x1080__vp9__crf30,,,99.99852014615384,100.0,0.19238099999999747,0.0,1080p,vp9,30,TunnelFlag_1920x1080_5994_10bit_420
TunnelFlag_1920x1080_5994_10bit_420__1920x1080__vp9__crf40,-0.047348675298786634,-0.08150679630125551,99.98984993846153,99.71898846153847,1.319507999999999,2.090823999999998,1080p,vp9,40,TunnelFlag_1920x1080_5994_10bit_420
TunnelFlag_1920x1080_5994_10bit_420__1920x1080__vp9__crf50,-0.26163473028961964,-0.2880907702013616,99.97073323846153,90.1134927923077,3.804678999999993,15.800111000000001,1080p,vp9,50,TunnelFlag_1920x1080_5994_10bit_420
TunnelFlag_1920x1080_5994_10bit_420__1920x1080__vp9__crf60,-0.3110232280372573,0.6912084373839997,99.91328771538461,71.45808146153847,9.350108000000006,30.528329000000006,1080p,vp9,60,TunnelFlag_1920x1080_5994_10bit_420
TunnelFlag_1920x1080_5994_10bit_420__640x360__av1__crf20,-0.12750531705134222,0.15452771947199448,99.86391383076923,89.32305391538462,17.691202000000004,6.754203000000004,360p,av1,20,TunnelFlag_1920x1080_5994_10bit_420
TunnelFlag_1920x1080_5994_10bit_420__640x360__av1__crf30,-0.16632379633658892,0.33554360227535324,99.8452808,83.67329980769232,20.113495999999998,8.582740999999999,360p,av1,30,TunnelFlag_1920x1080_5994_10bit_420
TunnelFlag_1920x1080_5994_10bit_420__640x360__av1__crf40,-0.22492399518990966,0.2952111867245814,99.68414539230768,76.04404163846154,24.852511000000007,12.960429000000005,360p,av1,40,TunnelFlag_1920x1080_5994_10bit_420
TunnelFlag_1920x1080_5994_10bit_420__640x360__av1__crf50,0.13575998172064974,0.4909829022975626,96.71780784615383,69.56792925384616,31.140068999999997,14.910046999999999,360p,av1,50,TunnelFlag_1920x1080_5994_10bit_420
TunnelFlag_1920x1080_5994_10bit_420__640x360__av1__crf60,0.30388076813028253,0.6387849817059861,88.05955100769232,53.81260100769231,37.890325000000004,20.163799999999995,360p,av1,60,TunnelFlag_1920x1080_5994_10bit_420
TunnelFlag_1920x1080_5994_10bit_420__640x360__h264__crf18,-0.2880447298352438,0.3928122025334831,99.83932536153846,76.55705860769231,20.799025999999998,12.380608999999993,360p,h264,18,TunnelFlag_1920x1080_5994_10bit_420
TunnelFlag_1920x1080_5994_10bit_420__640x360__h264__crf23,-0.2753163073645076,0.15481413047783138,99.14482026153846,64.43614936923078,26.673047999999994,14.327798000000008,360p,h264,23,TunnelFlag_1920x1080_5994_10bit_420
TunnelFlag_1920x1080_5994_10bit_420__640x360__h264__crf28,-0.13165969733017963,0.17285072319734351,92.2765468,51.478311084615385,33.327329999999996,16.236895999999994,360p,h264,28,TunnelFlag_1920x1080_5994_10bit_420
TunnelFlag_1920x1080_5994_10bit_420__640x360__h264__crf33,-0.13061470641151882,0.19500836670618354,82.32751394615383,36.81195848461539,35.350215,16.448088000000002,360p,h264,33,TunnelFlag_1920x1080_5994_10bit_420
TunnelFlag_1920x1080_5994_10bit_420__640x360__h264__crf38,0.04182439960446875,0.35860337065284387,70.43828824615385,17.82591706923077,37.920741,16.368325000000002,360p,h264,38,TunnelFlag_1920x1080_5994_10bit_420
TunnelFlag_1920x1080_5994_10bit_420__640x360__h264__crf43,-0.22584112374818657,0.32097864851839547,59.28018714615384,0.17247214615384618,41.101690000000005,3.37956,360p,h264,43,TunnelFlag_1920x1080_5994_10bit_420
TunnelFlag_1920x1080_5994_10bit_420__640x360__hevc__crf18,-0.2557860748409903,0.3882128875664196,99.84815477692307,83.75395815384616,19.461,7.586072999999999,360p,hevc,18,TunnelFlag_1920x1080_5994_10bit_420
TunnelFlag_1920x1080_5994_10bit_420__640x360__hevc__crf23,-0.22111300148759883,0.27730396091662773,98.95938038461539,71.25360113846153,23.776331,13.36447299999999,360p,hevc,23,TunnelFlag_1920x1080_5994_10bit_420
TunnelFlag_1920x1080_5994_10bit_420__640x360__hevc__crf28,-0.08753043748527177,0.17610031958403752,93.3557062923077,54.93325793076923,30.328457,20.038334000000006,360p,hevc,28,TunnelFlag_1920x1080_5994_10bit_420
TunnelFlag_1920x1080_5994_10bit_420__640x360__hevc__crf33,-0.011952880409681822,0.2956550237472294,84.72872768461538,41.315350238461534,32.876659000000004,18.759279999999997,360p,hevc,33,TunnelFlag_1920x1080_5994_10bit_420
TunnelFlag_1920x1080_5994_10bit_420__640x360__hevc__crf38,0.04098446926868111,0.3966573906524199,74.79180212307692,26.560945323076922,34.86971400000001,15.671396999999999,360p,hevc,38,TunnelFlag_1920x1080_5994_10bit_420
TunnelFlag_1920x1080_5994_10bit_420__640x360__hevc__crf43,0.06096344647308272,0.37376207633557423,64.10517783846153,8.423147,36.127433,14.692794,360p,hevc,43,TunnelFlag_1920x1080_5994_10bit_420
TunnelFlag_1920x1080_5994_10bit_420__640x360__vp9__crf20,-0.18016548540834926,0.005785872698604362,99.8736472,90.9305404,16.425864000000004,8.758439999999993,360p,vp9,20,TunnelFlag_1920x1080_5994_10bit_420
TunnelFlag_1920x1080_5994_10bit_420__640x360__vp9__crf30,-0.24567408620055253,0.5134692708296493,99.8681723076923,84.84908411538463,17.137600000000006,15.505645999999999,360p,vp9,30,TunnelFlag_1920x1080_5994_10bit_420
TunnelFlag_1920x1080_5994_10bit_420__640x360__vp9__crf40,-0.14671084140427254,0.580951695502964,99.1743284923077,68.6849424076923,19.350668999999996,28.559396000000007,360p,vp9,40,TunnelFlag_1920x1080_5994_10bit_420
TunnelFlag_1920x1080_5994_10bit_420__640x360__vp9__crf50,0.21527692840433152,0.6651300702282277,92.72842623076923,50.14232207692308,25.120998,29.557173000000006,360p,vp9,50,TunnelFlag_1920x1080_5994_10bit_420
TunnelFlag_1920x1080_5994_10bit_420__640x360__vp9__crf60,0.4783618577792663,0.8621777387197402,82.31716406923076,36.9242864,32.70218999999999,25.745267999999996,360p,vp9,60,TunnelFlag_1920x1080_5994_10bit_420
TunnelFlag_1920x1080_5994_10bit_420__960x540__av1__crf20,-0.00903216895114638,-0.074407240506788,99.94013306923077,99.99797740769232,7.782701000000003,0.2222929999999934,540p,av1,20,TunnelFlag_1920x1080_5994_10bit_420
TunnelFlag_1920x1080_5994_10bit_420__960x540__av1__crf30,-0.09919541681107144,-0.0933731165309557,99.92790862307692,97.72883117692307,9.371879000000007,5.994309000000001,540p,av1,30,TunnelFlag_1920x1080_5994_10bit_420
TunnelFlag_1920x1080_5994_10bit_420__960x540__av1__crf40,-0.12811390811658896,-0.12807454382713576,99.89522956153846,91.83613190000001,13.620157000000006,8.888756999999998,540p,av1,40,TunnelFlag_1920x1080_5994_10bit_420
TunnelFlag_1920x1080_5994_10bit_420__960x540__av1__crf50,-0.14995897133640693,0.3612677625885977,99.85772035384616,85.27115805384615,18.496353999999997,11.427689,540p,av1,50,TunnelFlag_1920x1080_5994_10bit_420
TunnelFlag_1920x1080_5994_10bit_420__960x540__av1__crf60,0.08920997133448413,0.6702471212220849,98.8534964,75.01850943076924,26.279538000000002,16.863891999999993,540p,av1,60,TunnelFlag_1920x1080_5994_10bit_420
TunnelFlag_1920x1080_5994_10bit_420__960x540__h264__crf18,-0.1501562982302341,-0.15004521824968045,99.92515650769232,95.3119424076923,9.729653999999996,6.106026,540p,h264,18,TunnelFlag_1920x1080_5994_10bit_420
TunnelFlag_1920x1080_5994_10bit_420__960x540__h264__crf23,-0.13305833960655988,0.09668227454099915,99.88864440769231,86.73986480000002,14.476226999999994,8.530915000000007,540p,h264,23,TunnelFlag_1920x1080_5994_10bit_420
TunnelFlag_1920x1080_5994_10bit_420__960x540__h264__crf28,-0.10783802137707074,0.19974743904926687,99.81318572307693,74.05798665384614,22.822069,11.077389999999994,540p,h264,28,TunnelFlag_1920x1080_5994_10bit_420
TunnelFlag_1920x1080_5994_10bit_420__960x540__h264__crf33,-0.04863827034193209,0.18679812726249787,94.12842867692308,58.86784751538461,34.17679799999999,14.318435999999998,540p,h264,33,TunnelFlag_1920x1080_5994_10bit_420
TunnelFlag_1920x1080_5994_10bit_420__960x540__h264__crf38,0.06263841350739183,0.3426129770651267,82.13293134615385,39.59211581538461,37.00873200000001,16.052741000000005,540p,h264,38,TunnelFlag_1920x1080_5994_10bit_420
TunnelFlag_1920x1080_5994_10bit_420__960x540__h264__crf43,0.08654068392443266,0.35488189859588043,69.75979593846154,17.50022790769231,40.190338999999994,12.334340999999998,540p,h264,43,TunnelFlag_1920x1080_5994_10bit_420
TunnelFlag_1920x1080_5994_10bit_420__960x540__hevc__crf18,-0.2078217692459991,-0.29441023568013164,99.93254619230768,97.89430252307693,8.768995000000004,4.671412000000004,540p,hevc,18,TunnelFlag_1920x1080_5994_10bit_420
TunnelFlag_1920x1080_5994_10bit_420__960x540__hevc__crf23,-0.33900540086360625,-0.25672975270015,99.90653626153846,89.35140933076923,12.150285999999994,9.239457999999999,540p,hevc,23,TunnelFlag_1920x1080_5994_10bit_420
TunnelFlag_1920x1080_5994_10bit_420__960x540__hevc__crf28,-0.3840442683269098,0.04471387626350349,99.85731166153846,75.06010716153845,18.188293,18.372984000000002,540p,hevc,28,TunnelFlag_1920x1080_5994_10bit_420
TunnelFlag_1920x1080_5994_10bit_420__960x540__hevc__crf33,-0.1805759120458024,0.06867915235208438,96.20341669230768,58.81550533846154,27.962875999999994,22.721112999999995,540p,hevc,33,TunnelFlag_1920x1080_5994_10bit_420
TunnelFlag_1920x1080_5994_10bit_420__960x540__hevc__crf38,-0.029575848199670237,0.275387105729151,85.99129476923076,42.90165437692308,32.353464,19.847105,540p,hevc,38,TunnelFlag_1920x1080_5994_10bit_420
TunnelFlag_1920x1080_5994_10bit_420__960x540__hevc__crf43,0.13272335598604024,0.43444313333605933,74.46448796153847,25.220544330769233,34.961438,13.009319000000001,540p,hevc,43,TunnelFlag_1920x1080_5994_10bit_420
TunnelFlag_1920x1080_5994_10bit_420__960x540__vp9__crf20,,-0.04022235452234647,99.94977328461538,100.0,6.529472999999996,0.0,540p,vp9,20,TunnelFlag_1920x1080_5994_10bit_420
TunnelFlag_1920x1080_5994_10bit_420__960x540__vp9__crf30,-0.10984940821697683,-0.15502433974452834,99.94584119230768,97.96021987692306,7.040644999999998,5.685214000000002,540p,vp9,30,TunnelFlag_1920x1080_5994_10bit_420
TunnelFlag_1920x1080_5994_10bit_420__960x540__vp9__crf40,-0.3088105436027759,0.16025592202728253,99.93335801538463,86.43971587692307,8.663458000000006,20.156779,540p,vp9,40,TunnelFlag_1920x1080_5994_10bit_420
TunnelFlag_1920x1080_5994_10bit_420__960x540__vp9__crf50,-0.2775818004938791,0.5859731781499903,99.81068600769231,66.85173818461539,13.035691999999997,32.92045399999999,540p,vp9,50,TunnelFlag_1920x1080_5994_10bit_420
TunnelFlag_1920x1080_5994_10bit_420__960x540__vp9__crf60,0.3977234599639472,0.8367777410006573,92.88070446923076,50.08442756153846,22.149029,27.417951000000002,540p,vp9,60,TunnelFlag_1920x1080_5994_10bit_420
Vertical_Carnaby_1080x1920_5994__1080x1920__av1__crf20,0.6401319567430307,0.5507486376244409,99.7766900846154,96.12159880769231,2.5281630000000064,11.011326999999994,1080p,av1,20,Vertical_Carnaby_1080x1920_5994
Vertical_Carnaby_1080x1920_5994__1080x1920__av1__crf30,0.8653960046465283,0.8164957319372012,98.45804569230769,93.10616991538463,5.043011000000007,15.464830000000006,1080p,av1,30,Vertical_Carnaby_1080x1920_5994
Vertical_Carnaby_1080x1920_5994__1080x1920__av1__crf40,0.8635042097853345,0.8613073262079476,93.77759826153846,86.83892173846154,11.985483000000002,20.604394999999997,1080p,av1,40,Vertical_Carnaby_1080x1920_5994
Vertical_Carnaby_1080x1920_5994__1080x1920__av1__crf50,0.8640718271773565,0.8445819806463946,86.5420665,78.52506753076923,18.351777999999996,23.873897999999997,1080p,av1,50,Vertical_Carnaby_1080x1920_5994
Vertical_Carnaby_1080x1920_5994__1080x1920__av1__crf60,0.8703760490121774,0.8341121816465523,73.73712831538462,62.3726471076923,25.151654000000008,29.687742,1080p,av1,60,Vertical_Carnaby_1080x1920_5994
Vertical_Carnaby_1080x1920_5994__1080x1920__h264__crf18,0.7772248824714932,0.7263038814330028,98.93111502307693,94.84214252307692,3.620611999999994,12.408563000000001,1080p,h264,18,Vertical_Carnaby_1080x1920_5994
Vertical_Carnaby_1080x1920_5994__1080x1920__h264__crf23,0.8198846428089259,0.8242430815359407,95.18215978461538,89.43439259230769,9.707346999999999,16.545326000000003,1080p,h264,23,Vertical_Carnaby_1080x1920_5994
Vertical_Carnaby_1080x1920_5994__1080x1920__h264__crf28,0.7919844671420375,0.7722608096554947,87.66995463076923,81.35753609999999,16.639138000000003,18.758945999999995,1080p,h264,28,Vertical_Carnaby_1080x1920_5994
Vertical_Carnaby_1080x1920_5994__1080x1920__h264__crf33,0.8123506243368236,0.7572880010107199,76.77301220769232,69.68353109230769,20.505252000000013,20.847961000000005,1080p,h264,33,Vertical_Carnaby_1080x1920_5994
Vertical_Carnaby_1080x1920_5994__1080x1920__h264__crf38,0.8914300829400186,0.8300124815655882,63.3795582,53.08826064615384,27.785449,30.999929,1080p,h264,38,Vertical_Carnaby_1080x1920_5994
Vertical_Carnaby_1080x1920_5994__1080x1920__h264__crf43,0.9602791042952897,0.9373139845188201,49.61328654615385,32.22451641538461,31.618329000000003,36.487913999999996,1080p,h264,43,Vertical_Carnaby_1080x1920_5994
Vertical_Carnaby_1080x1920_5994__1080x1920__hevc__crf18,0.8282852364267811,0.7967530611997125,98.49101588461538,93.77214524615385,4.103240999999997,14.111399000000006,1080p,hevc,18,Vertical_Carnaby_1080x1920_5994
Vertical_Carnaby_1080x1920_5994__1080x1920__hevc__crf23,0.804890090494065,0.8132079516451317,94.92163847692306,88.77006689230768,8.95666,17.889900999999995,1080p,hevc,23,Vertical_Carnaby_1080x1920_5994
Vertical_Carnaby_1080x1920_5994__1080x1920__hevc__crf28,0.7784597480593791,0.76242909708229,88.48752414615385,81.47750199230768,14.287661999999997,20.389638000000005,1080p,hevc,28,Vertical_Carnaby_1080x1920_5994
Vertical_Carnaby_1080x1920_5994__1080x1920__hevc__crf33,0.7803067312847187,0.7244442132515247,79.28617205384616,70.89631929230768,17.255454,21.57795999999999,1080p,hevc,33,Vertical_Carnaby_1080x1920_5994
Vertical_Carnaby_1080x1920_5994__1080x1920__hevc__crf38,0.8478486517910532,0.7859031567517706,67.34264830000001,55.33661165384615,20.295457,26.720028,1080p,hevc,38,Vertical_Carnaby_1080x1920_5994
Vertical_Carnaby_1080x1920_5994__1080x1920__hevc__crf43,0.8931341600315934,0.8718797712699021,54.68790854615385,35.44045982307693,27.100322,30.934775,1080p,hevc,43,Vertical_Carnaby_1080x1920_5994
Vertical_Carnaby_1080x1920_5994__1080x1920__vp9__crf20,0.5794554216700606,0.47224807088300585,99.92945743076922,96.83663611538462,1.3063470000000024,10.403958000000003,1080p,vp9,20,Vertical_Carnaby_1080x1920_5994
Vertical_Carnaby_1080x1920_5994__1080x1920__vp9__crf30,0.8084654916226243,0.7648248653749078,99.06159779230768,94.53541701538462,4.085087999999999,14.207014999999998,1080p,vp9,30,Vertical_Carnaby_1080x1920_5994
Vertical_Carnaby_1080x1920_5994__1080x1920__vp9__crf40,0.8345435518755339,0.8363999043945024,95.2701850076923,88.94904951538462,10.223746000000006,21.246796000000003,1080p,vp9,40,Vertical_Carnaby_1080x1920_5994
Vertical_Carnaby_1080x1920_5994__1080x1920__vp9__crf50,0.8409309099677558,0.8235969724877282,87.10966605384615,78.82823323846154,19.260189999999994,28.707655000000003,1080p,vp9,50,Vertical_Carnaby_1080x1920_5994
Vertical_Carnaby_1080x1920_5994__1080x1920__vp9__crf60,0.8594099364178663,0.8321461663449383,74.13498811538462,60.91729782307693,29.536866999999994,43.867478999999996,1080p,vp9,60,Vertical_Carnaby_1080x1920_5994
Vertical_Carnaby_1080x1920_5994__360x640__av1__crf20,0.9080022978957016,0.9087426579091907,88.59252141538461,83.81066155384615,15.373376000000007,17.248874,360p,av1,20,Vertical_Carnaby_1080x1920_5994
Vertical_Carnaby_1080x1920_5994__360x640__av1__crf30,0.9133596192019574,0.900608876122304,83.10725301538461,76.63898419230769,18.53589000000001,20.038426,360p,av1,30,Vertical_Carnaby_1080x1920_5994
Vertical_Carnaby_1080x1920_5994__360x640__av1__crf40,0.9216195731579392,0.8979857509377648,74.02806935384616,65.33419995384617,22.017801,25.611379,360p,av1,40,Vertical_Carnaby_1080x1920_5994
Vertical_Carnaby_1080x1920_5994__360x640__av1__crf50,0.9379890470702601,0.9135118826359034,62.842001461538466,48.987092007692304,28.35971,36.622415,360p,av1,50,Vertical_Carnaby_1080x1920_5994
Vertical_Carnaby_1080x1920_5994__360x640__av1__crf60,0.9459327171951185,0.9348517304810543,47.11914542307692,24.384800161538465,29.044476000000003,46.550843,360p,av1,60,Vertical_Carnaby_1080x1920_5994
Vertical_Carnaby_1080x1920_5994__360x640__h264__crf18,0.9213145544277065,0.9086365266899378,82.86666746153846,78.09866713076923,18.732810999999998,17.964713000000003,360p,h264,18,Vertical_Carnaby_1080x1920_5994
Vertical_Carnaby_1080x1920_5994__360x640__h264__crf23,0.8796597116323461,0.8412437765429994,73.67518587692308,66.20909731538461,20.937213999999997,20.210172999999998,360p,h264,23,Vertical_Carnaby_1080x1920_5994
Vertical_Carnaby_1080x1920_5994__360x640__h264__crf28,0.8886734918443148,0.8260483440146102,62.09225920769231,50.16118775384615,23.438069,24.727536999999998,360p,h264,28,Vertical_Carnaby_1080x1920_5994
Vertical_Carnaby_1080x1920_5994__360x640__h264__crf33,0.9188078022797632,0.8640790108461456,49.205060176923084,30.578623423076923,26.777072000000004,33.969081,360p,h264,33,Vertical_Carnaby_1080x1920_5994
Vertical_Carnaby_1080x1920_5994__360x640__h264__crf38,0.9636304060007235,0.9583135336868929,36.79650773846154,10.95341473846154,26.958478000000003,28.44353,360p,h264,38,Vertical_Carnaby_1080x1920_5994
Vertical_Carnaby_1080x1920_5994__360x640__h264__crf43,0.6380687508434532,0.9358603920796962,26.570490515384616,0.40448038461538455,27.425701000000004,6.978184,360p,h264,43,Vertical_Carnaby_1080x1920_5994
Vertical_Carnaby_1080x1920_5994__360x640__hevc__crf18,0.9220469237025356,0.9117697699332168,82.32414786923076,77.99568034615385,18.774946,21.588001000000006,360p,hevc,18,Vertical_Carnaby_1080x1920_5994
Vertical_Carnaby_1080x1920_5994__360x640__hevc__crf23,0.9073711129417803,0.881267038804883,73.99621491538463,67.95498261538462,20.540157000000008,24.361578999999992,360p,hevc,23,Vertical_Carnaby_1080x1920_5994
Vertical_Carnaby_1080x1920_5994__360x640__hevc__crf28,0.8967571109605235,0.856245109739748,63.393186023076936,53.809755969230764,23.641259999999996,30.444303999999995,360p,hevc,28,Vertical_Carnaby_1080x1920_5994
Vertical_Carnaby_1080x1920_5994__360x640__hevc__crf33,0.9364917261481142,0.9043718130780506,51.32057061538462,34.66492813076923,29.029340000000005,40.193986,360p,hevc,33,Vertical_Carnaby_1080x1920_5994
Vertical_Carnaby_1080x1920_5994__360x640__hevc__crf38,0.9608485511284997,0.9546589442524384,39.36566142307693,14.472119653846155,33.667048,38.548962,360p,hevc,38,Vertical_Carnaby_1080x1920_5994
Vertical_Carnaby_1080x1920_5994__360x640__hevc__crf43,0.7902376033341579,0.9679611829316396,27.98848946153846,1.8238607615384617,32.171369,13.437317,360p,hevc,43,Vertical_Carnaby_1080x1920_5994
Vertical_Carnaby_1080x1920_5994__360x640__vp9__crf20,0.927880298274504,0.931468763204816,90.09729373846154,86.22160701538462,17.224490000000003,19.386968999999993,360p,vp9,20,Vertical_Carnaby_1080x1920_5994
Vertical_Carnaby_1080x1920_5994__360x640__vp9__crf30,0.9238808042479946,0.9144646531544064,84.70477024615384,79.9699519923077,18.823227000000003,24.151111,360p,vp9,30,Vertical_Carnaby_1080x1920_5994
Vertical_Carnaby_1080x1920_5994__360x640__vp9__crf40,0.9214269426980031,0.893722424995612,74.88845216923077,67.65079903846154,25.900319999999994,32.953404,360p,vp9,40,Vertical_Carnaby_1080x1920_5994
Vertical_Carnaby_1080x1920_5994__360x640__vp9__crf50,0.9182049126982622,0.8822390549613834,61.270912100000004,47.91906172307692,32.966839,45.084300999999996,360p,vp9,50,Vertical_Carnaby_1080x1920_5994
Vertical_Carnaby_1080x1920_5994__360x640__vp9__crf60,0.9428130322122542,0.9298486490576933,46.13407607692307,21.00506883846154,38.31737699999999,61.23673,360p,vp9,60,Vertical_Carnaby_1080x1920_5994
Vertical_Carnaby_1080x1920_5994__540x960__av1__crf20,0.8655610446289318,0.8621298582952472,96.42421233846154,92.43219953846153,9.175027999999998,15.437545,540p,av1,20,Vertical_Carnaby_1080x1920_5994
Vertical_Carnaby_1080x1920_5994__540x960__av1__crf30,0.9055846320098813,0.9008336598095621,92.4179266923077,86.83872649230769,13.779270999999994,18.93696,540p,av1,30,Vertical_Carnaby_1080x1920_5994
Vertical_Carnaby_1080x1920_5994__540x960__av1__crf40,0.9010431379101977,0.8811969724868066,84.70565115384616,77.68963077692308,17.97871599999999,21.275509,540p,av1,40,Vertical_Carnaby_1080x1920_5994
Vertical_Carnaby_1080x1920_5994__540x960__av1__crf50,0.925627884310036,0.8977311072583879,74.47672642307693,64.49177550769231,24.113985,29.556050999999997,540p,av1,50,Vertical_Carnaby_1080x1920_5994
Vertical_Carnaby_1080x1920_5994__540x960__av1__crf60,0.9288697556180222,0.9005322329771085,58.712912153846155,41.5676736,29.784305999999994,43.031942,540p,av1,60,Vertical_Carnaby_1080x1920_5994
Vertical_Carnaby_1080x1920_5994__540x960__h264__crf18,0.8806653683521961,0.8789668212312326,92.30980143076924,88.21049875384617,12.974710000000002,14.896248999999997,540p,h264,18,Vertical_Carnaby_1080x1920_5994
Vertical_Carnaby_1080x1920_5994__540x960__h264__crf23,0.8362240850903989,0.8065343152245626,84.53557322307692,78.6582875,15.911694000000011,15.281890000000004,540p,h264,23,Vertical_Carnaby_1080x1920_5994
Vertical_Carnaby_1080x1920_5994__540x960__h264__crf28,0.8439251481606493,0.7796392802568908,73.9102239,65.44033096923077,19.454072999999994,18.804820999999997,540p,h264,28,Vertical_Carnaby_1080x1920_5994
Vertical_Carnaby_1080x1920_5994__540x960__h264__crf33,0.9151212339434645,0.8589043206291779,60.6929685,47.96685665384615,23.656388000000007,25.599671999999998,540p,h264,33,Vertical_Carnaby_1080x1920_5994
Vertical_Carnaby_1080x1920_5994__540x960__h264__crf38,0.9605548994979622,0.9374749264339404,46.89007312307693,27.43922469230769,28.798491999999996,35.611762999999996,540p,h264,38,Vertical_Carnaby_1080x1920_5994
Vertical_Carnaby_1080x1920_5994__540x960__h264__crf43,0.9405711130864813,0.9745159414693252,34.71660866923077,7.835408746153846,35.89692599999999,27.692536,540p,h264,43,Vertical_Carnaby_1080x1920_5994
Vertical_Carnaby_1080x1920_5994__540x960__hevc__crf18,0.8672677310861999,0.8680187525564383,91.74781410769229,87.96828066923077,14.043864,16.943983000000003,540p,hevc,18,Vertical_Carnaby_1080x1920_5994
Vertical_Carnaby_1080x1920_5994__540x960__hevc__crf23,0.8518942540599634,0.8324174421951124,84.8107509,79.90268566923078,16.04285999999999,20.96413299999999,540p,hevc,23,Vertical_Carnaby_1080x1920_5994
Vertical_Carnaby_1080x1920_5994__540x960__hevc__crf28,0.8522349993842103,0.811938523665679,75.24288764615385,68.25344623846154,19.25820499999999,25.719691000000005,540p,hevc,28,Vertical_Carnaby_1080x1920_5994
Vertical_Carnaby_1080x1920_5994__540x960__hevc__crf33,0.8940026499979051,0.8515514605287497,63.259808099999994,52.03667031538462,23.55238899999999,29.71983300000001,540p,hevc,33,Vertical_Carnaby_1080x1920_5994
Vertical_Carnaby_1080x1920_5994__540x960__hevc__crf38,0.947496226041536,0.9255759025009956,49.7075768,31.08932868461538,29.480809999999998,32.882784,540p,hevc,38,Vertical_Carnaby_1080x1920_5994
Vertical_Carnaby_1080x1920_5994__540x960__hevc__crf43,0.9494094826408096,0.9723352267742333,37.36257390769231,8.730564438461538,34.932337000000004,27.05943,540p,hevc,43,Vertical_Carnaby_1080x1920_5994
Vertical_Carnaby_1080x1920_5994__540x960__vp9__crf20,0.8781528600991907,0.864135727175904,97.29030398461539,94.2512809,7.4273060000000015,13.529938000000001,540p,vp9,20,Vertical_Carnaby_1080x1920_5994
Vertical_Carnaby_1080x1920_5994__540x960__vp9__crf30,0.8987342691632908,0.8958598888338457,93.52146622307691,89.32515863846155,12.579161,19.830484,540p,vp9,30,Vertical_Carnaby_1080x1920_5994
Vertical_Carnaby_1080x1920_5994__540x960__vp9__crf40,0.8948497762267265,0.8745740084904584,85.4625701923077,79.51844034615385,19.61408399999999,27.423575,540p,vp9,40,Vertical_Carnaby_1080x1920_5994
Vertical_Carnaby_1080x1920_5994__540x960__vp9__crf50,0.9026047282577034,0.8699738204885564,73.14077906923076,63.2011425,27.742737000000005,36.205491,540p,vp9,50,Vertical_Carnaby_1080x1920_5994
Vertical_Carnaby_1080x1920_5994__540x960__vp9__crf60,0.8979177134543477,0.8710951549856938,58.107614892307694,38.9581074923077,33.899286,49.459818999999996,540p,vp9,60,Vertical_Carnaby_1080x1920_5994
Vertical_Carnaby_1080x1920_5994__720x1280__av1__crf20,0.8524281882946876,0.8001131504469735,98.6752527,95.21480432307692,5.293884000000006,12.481258999999994,720p,av1,20,Vertical_Carnaby_1080x1920_5994
Vertical_Carnaby_1080x1920_5994__720x1280__av1__crf30,0.8792681085921646,0.8761563353534003,95.63734186153846,90.82767542307693,9.539274000000006,18.242401,720p,av1,30,Vertical_Carnaby_1080x1920_5994
Vertical_Carnaby_1080x1920_5994__720x1280__av1__crf40,0.8828554441935719,0.8675048722247719,88.88724306923076,82.83807273076924,16.67114699999999,21.452161000000004,720p,av1,40,Vertical_Carnaby_1080x1920_5994
Vertical_Carnaby_1080x1920_5994__720x1280__av1__crf50,0.8957375888515048,0.8637699843694608,79.84896083846154,71.92914952307692,21.540423999999987,26.385110999999995,720p,av1,50,Vertical_Carnaby_1080x1920_5994
Vertical_Carnaby_1080x1920_5994__720x1280__av1__crf60,0.9131073479652092,0.8786406470752023,64.90833287692308,51.292851084615386,29.217321999999996,35.025128,720p,av1,60,Vertical_Carnaby_1080x1920_5994
Vertical_Carnaby_1080x1920_5994__720x1280__h264__crf18,0.868810773241011,0.8658169864115153,96.13829903846154,92.92091567692307,8.180381999999994,13.996291,720p,h264,18,Vertical_Carnaby_1080x1920_5994
Vertical_Carnaby_1080x1920_5994__720x1280__h264__crf23,0.8205838313662985,0.8052408534106513,89.92372006153846,85.28120209999999,12.711967999999999,16.460026,720p,h264,23,Vertical_Carnaby_1080x1920_5994
Vertical_Carnaby_1080x1920_5994__720x1280__h264__crf28,0.7969424781709079,0.7435109660380843,80.50546564615384,74.76401676153846,16.141529000000006,19.476461,720p,h264,28,Vertical_Carnaby_1080x1920_5994
Vertical_Carnaby_1080x1920_5994__720x1280__h264__crf33,0.8723479393664292,0.7974768922534989,67.93677145384615,59.73454989230768,21.726107999999996,22.049103999999993,720p,h264,33,Vertical_Carnaby_1080x1920_5994
Vertical_Carnaby_1080x1920_5994__720x1280__h264__crf38,0.952556392333297,0.9134466551615719,53.53136646923077,39.9555306,29.553101000000005,35.586760999999996,720p,h264,38,Vertical_Carnaby_1080x1920_5994
Vertical_Carnaby_1080x1920_5994__720x1280__h264__crf43,0.9683938656438619,0.9679072188637374,39.71306686153846,17.760008215384616,34.469106999999994,37.569168,720p,h264,43,Vertical_Carnaby_1080x1920_5994
Vertical_Carnaby_1080x1920_5994__720x1280__hevc__crf18,0.8461900857620495,0.8532831904953379,95.42916186923077,91.81030372307693,8.314227000000002,14.639115000000004,720p,hevc,18,Vertical_Carnaby_1080x1920_5994
Vertical_Carnaby_1080x1920_5994__720x1280__hevc__crf23,0.8156087526948135,0.8073342820449477,89.79000418461538,85.22427506923077,12.47935799999999,16.456920999999994,720p,hevc,23,Vertical_Carnaby_1080x1920_5994
Vertical_Carnaby_1080x1920_5994__720x1280__hevc__crf28,0.8099904902665384,0.7691902823175067,81.52891912307692,75.75218857692307,15.585525000000004,20.162312,720p,hevc,28,Vertical_Carnaby_1080x1920_5994
Vertical_Carnaby_1080x1920_5994__720x1280__hevc__crf33,0.8312535695963055,0.7732317014532699,70.62957374615384,62.44855571538461,20.108401999999998,22.178911,720p,hevc,33,Vertical_Carnaby_1080x1920_5994
Vertical_Carnaby_1080x1920_5994__720x1280__hevc__crf38,0.8928256106867711,0.8525013370133132,57.82048970769231,43.41351348461538,25.346486,31.067999999999998,720p,hevc,38,Vertical_Carnaby_1080x1920_5994
Vertical_Carnaby_1080x1920_5994__720x1280__hevc__crf43,0.9323996944599112,0.9401641442417659,44.271509976923085,20.7943018,33.997215999999995,39.959698,720p,hevc,43,Vertical_Carnaby_1080x1920_5994
Vertical_Carnaby_1080x1920_5994__720x1280__vp9__crf20,0.8169275854990559,0.7651391724212852,99.1308406,96.29576823846155,4.0707689999999985,11.444582999999994,720p,vp9,20,Vertical_Carnaby_1080x1920_5994
Vertical_Carnaby_1080x1920_5994__720x1280__vp9__crf30,0.8722111421165839,0.8627278670666341,96.71983456923077,92.64649710000002,8.336416999999997,16.062476000000004,720p,vp9,30,Vertical_Carnaby_1080x1920_5994
Vertical_Carnaby_1080x1920_5994__720x1280__vp9__crf40,0.8729596241144771,0.8627490087243677,90.27772480769231,84.76222261538462,16.902694999999994,24.04793099999999,720p,vp9,40,Vertical_Carnaby_1080x1920_5994
Vertical_Carnaby_1080x1920_5994__720x1280__vp9__crf50,0.8683980426911829,0.8370019254438807,79.4151793923077,71.39449263076922,24.311616,34.772073999999996,720p,vp9,50,Vertical_Carnaby_1080x1920_5994
Vertical_Carnaby_1080x1920_5994__720x1280__vp9__crf60,0.8667901800590226,0.834148267832675,64.78646735384615,49.328062323076914,32.847623,52.944447,720p,vp9,60,Vertical_Carnaby_1080x1920_5994
Vertical_bees_1080x1920_2997__1080x1920__av1__crf20,0.9268595121051995,0.9017426647996499,99.45363340769231,99.49492346923077,2.583194000000006,2.838599000000002,1080p,av1,20,Vertical_bees_1080x1920_2997
Vertical_bees_1080x1920_2997__1080x1920__av1__crf30,0.9250335100651064,0.9385252763053962,98.44008826923077,98.3024104923077,4.221802999999994,4.3301660000000055,1080p,av1,30,Vertical_bees_1080x1920_2997
Vertical_bees_1080x1920_2997__1080x1920__av1__crf40,0.887074896420823,0.9185994905129975,96.61020898461538,96.1956538,6.102322000000001,5.682777999999999,1080p,av1,40,Vertical_bees_1080x1920_2997
Vertical_bees_1080x1920_2997__1080x1920__av1__crf50,0.8697984193871294,0.9125433688598231,94.43103537692306,93.88468473076922,8.38197799999999,7.108833000000004,1080p,av1,50,Vertical_bees_1080x1920_2997
Vertical_bees_1080x1920_2997__1080x1920__av1__crf60,0.778353576796183,0.8218633897237929,89.67876684615383,88.42905828461538,10.327324000000004,10.000358000000006,1080p,av1,60,Vertical_bees_1080x1920_2997
Vertical_bees_1080x1920_2997__1080x1920__h264__crf18,0.9066542711449126,0.9260309708568532,99.43643196923077,99.65818794615384,2.3088379999999944,2.2132289999999983,1080p,h264,18,Vertical_bees_1080x1920_2997
Vertical_bees_1080x1920_2997__1080x1920__h264__crf23,0.9434068110726792,0.9600961691612646,97.92424170000001,98.2922220076923,4.119005000000001,4.623572999999993,1080p,h264,23,Vertical_bees_1080x1920_2997
Vertical_bees_1080x1920_2997__1080x1920__h264__crf28,0.9047235620205043,0.9310328802185283,94.48117596153845,94.8388896,6.530033000000003,7.682439000000002,1080p,h264,28,Vertical_bees_1080x1920_2997
Vertical_bees_1080x1920_2997__1080x1920__h264__crf33,0.8312286616701103,0.8635586288237237,87.91315506923075,88.57106877692307,6.497080999999994,8.853026999999997,1080p,h264,33,Vertical_bees_1080x1920_2997
Vertical_bees_1080x1920_2997__1080x1920__h264__crf38,0.8866712238047973,0.9088544377038218,77.3388930923077,78.12275826153846,7.667649999999995,9.452404999999999,1080p,h264,38,Vertical_bees_1080x1920_2997
Vertical_bees_1080x1920_2997__1080x1920__h264__crf43,0.938305538474995,0.9322970264346798,63.004224107692316,61.81530133846153,9.132694000000008,11.617888999999998,1080p,h264,43,Vertical_bees_1080x1920_2997
Vertical_bees_1080x1920_2997__1080x1920__hevc__crf18,0.9270142070157967,0.911466466954272,99.2917356230769,99.51438753076923,2.4737659999999977,3.4116659999999968,1080p,hevc,18,Vertical_bees_1080x1920_2997
Vertical_bees_1080x1920_2997__1080x1920__hevc__crf23,0.9361367068031009,0.9366928215899439,97.87472266923078,98.18853284615383,4.648133999999999,6.035533999999998,1080p,hevc,23,Vertical_bees_1080x1920_2997
Vertical_bees_1080x1920_2997__1080x1920__hevc__crf28,0.9144538756111127,0.9259554956194759,95.20065481538462,95.32831367692307,5.3937310000000025,7.159231999999989,1080p,hevc,28,Vertical_bees_1080x1920_2997
Vertical_bees_1080x1920_2997__1080x1920__hevc__crf33,0.854530619891134,0.8722300778423988,90.21589123846154,90.10269280769232,5.452699999999993,8.318978000000001,1080p,hevc,33,Vertical_bees_1080x1920_2997
Vertical_bees_1080x1920_2997__1080x1920__hevc__crf38,0.7886587362623346,0.8021754541414364,81.62887816923076,81.07857483076923,4.935012,9.770616000000004,1080p,hevc,38,Vertical_bees_1080x1920_2997
Vertical_bees_1080x1920_2997__1080x1920__hevc__crf43,0.759884869017078,0.7626959086783646,68.60489046923078,66.6519016923077,7.2210740000000015,12.958786999999994,1080p,hevc,43,Vertical_bees_1080x1920_2997
Vertical_bees_1080x1920_2997__1080x1920__vp9__crf20,0.8883631766846812,0.905691491615479,99.74675699999999,99.79403883846155,1.873778999999999,2.025484000000006,1080p,vp9,20,Vertical_bees_1080x1920_2997
Vertical_bees_1080x1920_2997__1080x1920__vp9__crf30,0.9528381747206411,0.9200041285299881,98.53332913846154,98.61918694615385,3.8126709999999946,4.2147310000000004,1080p,vp9,30,Vertical_bees_1080x1920_2997
Vertical_bees_1080x1920_2997__1080x1920__vp9__crf40,0.9189068995465894,0.9176814309365953,95.18279047692307,94.82296003846155,7.698386999999997,8.149089000000004,1080p,vp9,40,Vertical_bees_1080x1920_2997
Vertical_bees_1080x1920_2997__1080x1920__vp9__crf50,0.8667112827678214,0.8819503519791463,88.75377727692307,87.93902473846154,11.166317000000006,12.011312000000004,1080p,vp9,50,Vertical_bees_1080x1920_2997
Vertical_bees_1080x1920_2997__1080x1920__vp9__crf60,0.837789455929291,0.8436374308592832,78.46443783846152,75.7621255923077,14.957836999999998,17.40274199999999,1080p,vp9,60,Vertical_bees_1080x1920_2997
Vertical_bees_1080x1920_2997__360x640__av1__crf20,0.9459069322979563,0.9528033962828726,81.07624859230768,79.52423780769232,7.781700000000001,8.751508999999999,360p,av1,20,Vertical_bees_1080x1920_2997
Vertical_bees_1080x1920_2997__360x640__av1__crf30,0.8823969212066101,0.8914940167453778,78.36160096153846,76.40976641538462,6.26381099999999,8.851220999999995,360p,av1,30,Vertical_bees_1080x1920_2997
Vertical_bees_1080x1920_2997__360x640__av1__crf40,0.8582659624177954,0.8611003732822365,74.41195100769231,71.95705401538463,8.078876999999991,10.36343699999999,360p,av1,40,Vertical_bees_1080x1920_2997
Vertical_bees_1080x1920_2997__360x640__av1__crf50,0.8262902582623417,0.822472207583301,70.61048177692308,67.36530493846155,9.519574000000006,12.062459000000004,360p,av1,50,Vertical_bees_1080x1920_2997
Vertical_bees_1080x1920_2997__360x640__av1__crf60,0.7697694150695101,0.7658747078635239,62.99409830769231,56.855112138461536,13.305901999999996,15.998444,360p,av1,60,Vertical_bees_1080x1920_2997
Vertical_bees_1080x1920_2997__360x640__h264__crf18,0.9661480300339915,0.9681575686880705,79.34000648461539,77.82692266923077,10.225729999999999,11.152497999999994,360p,h264,18,Vertical_bees_1080x1920_2997
Vertical_bees_1080x1920_2997__360x640__h264__crf23,0.9006036603858606,0.9057431822802946,75.04222155384615,72.9548323,10.372197999999997,12.80286199999999,360p,h264,23,Vertical_bees_1080x1920_2997
Vertical_bees_1080x1920_2997__360x640__h264__crf28,0.7943999304498879,0.8074907466880442,67.66063418461539,64.21810289999999,10.250605000000007,13.309343999999996,360p,h264,28,Vertical_bees_1080x1920_2997
Vertical_bees_1080x1920_2997__360x640__h264__crf33,0.7130672071924182,0.7380050795728543,56.62217786923077,50.13596636923078,8.170650000000002,12.766993999999997,360p,h264,33,Vertical_bees_1080x1920_2997
Vertical_bees_1080x1920_2997__360x640__h264__crf38,0.7067639171287792,0.7246737050021055,41.65582012307692,29.095846646153845,10.54025,14.151646999999997,360p,h264,38,Vertical_bees_1080x1920_2997
Vertical_bees_1080x1920_2997__360x640__h264__crf43,0.6649451245812249,0.638137046141455,28.133408146153844,6.154273715384616,10.800611,12.582651,360p,h264,43,Vertical_bees_1080x1920_2997
Vertical_bees_1080x1920_2997__360x640__hevc__crf18,0.9493639623042697,0.9582649065358593,79.62499391538462,78.77167039230768,7.551673000000008,9.592588000000006,360p,hevc,18,Vertical_bees_1080x1920_2997
Vertical_bees_1080x1920_2997__360x640__hevc__crf23,0.9440825586084621,0.9476032482168584,75.73412960769232,74.49855163846154,8.488426999999987,9.700597000000002,360p,hevc,23,Vertical_bees_1080x1920_2997
Vertical_bees_1080x1920_2997__360x640__hevc__crf28,0.8149412297005544,0.8180440995825844,69.18060744615386,67.41348836923079,7.727272999999997,11.535286999999997,360p,hevc,28,Vertical_bees_1080x1920_2997
Vertical_bees_1080x1920_2997__360x640__hevc__crf33,0.7284980311288466,0.7225317344926492,59.305753469230766,55.444604992307696,8.134386,13.05133,360p,hevc,33,Vertical_bees_1080x1920_2997
Vertical_bees_1080x1920_2997__360x640__hevc__crf38,0.6492216047065175,0.6421129586268852,46.8076788923077,37.656501869230766,9.039929,14.897149000000002,360p,hevc,38,Vertical_bees_1080x1920_2997
Vertical_bees_1080x1920_2997__360x640__hevc__crf43,0.7208274639068127,0.7179854891919081,32.89286937692307,14.086457492307693,9.681617000000003,16.817585,360p,hevc,43,Vertical_bees_1080x1920_2997
Vertical_bees_1080x1920_2997__360x640__vp9__crf20,0.9654316545994779,0.9671598528603771,81.41534236153846,80.2639784076923,7.9022859999999895,8.55943099999999,360p,vp9,20,Vertical_bees_1080x1920_2997
Vertical_bees_1080x1920_2997__360x640__vp9__crf30,0.9413414817719999,0.9425917419199885,77.9181497,76.65404573076923,9.784030000000001,10.060673999999992,360p,vp9,30,Vertical_bees_1080x1920_2997
Vertical_bees_1080x1920_2997__360x640__vp9__crf40,0.8879196700776906,0.8847255577722004,70.75062685384616,68.94297614615385,13.936621000000002,15.054463000000013,360p,vp9,40,Vertical_bees_1080x1920_2997
Vertical_bees_1080x1920_2997__360x640__vp9__crf50,0.8130913627333479,0.8048885157918846,60.03814182307693,55.685056469230766,18.407488,21.320850999999998,360p,vp9,50,Vertical_bees_1080x1920_2997
Vertical_bees_1080x1920_2997__360x640__vp9__crf60,0.7652331243926884,0.7561374757837853,48.290165038461545,34.7554988923077,18.427999,26.320405999999995,360p,vp9,60,Vertical_bees_1080x1920_2997
Vertical_bees_1080x1920_2997__540x960__av1__crf20,0.9311997010401148,0.941720174541634,92.44269179230768,91.8433672846154,5.472087000000002,6.8813479999999885,540p,av1,20,Vertical_bees_1080x1920_2997
Vertical_bees_1080x1920_2997__540x960__av1__crf30,0.8717706347542022,0.8956368130278212,90.56851818461537,89.57330533076923,5.505300000000005,7.223134999999999,540p,av1,30,Vertical_bees_1080x1920_2997
Vertical_bees_1080x1920_2997__540x960__av1__crf40,0.854997441617378,0.8785151508377691,87.3338962076923,86.07685954615384,7.603605000000002,8.155026000000007,540p,av1,40,Vertical_bees_1080x1920_2997
Vertical_bees_1080x1920_2997__540x960__av1__crf50,0.8291130790534369,0.8449325555560926,84.17112078461538,82.5171890076923,9.857799999999997,10.838425,540p,av1,50,Vertical_bees_1080x1920_2997
Vertical_bees_1080x1920_2997__540x960__av1__crf60,0.7571361457794564,0.764979353658103,77.32302458461538,73.98371618461539,13.076059,14.642315999999994,540p,av1,60,Vertical_bees_1080x1920_2997
Vertical_bees_1080x1920_2997__540x960__h264__crf18,0.9520086928193248,0.964828061205172,91.26315091538463,91.33917785384617,7.285218999999998,8.844250000000002,540p,h264,18,Vertical_bees_1080x1920_2997
Vertical_bees_1080x1920_2997__540x960__h264__crf23,0.8882023374775277,0.9086325868477823,88.01335223846154,87.84450619230769,8.807220000000001,10.62781799999999,540p,h264,23,Vertical_bees_1080x1920_2997
Vertical_bees_1080x1920_2997__540x960__h264__crf28,0.7557017286834088,0.7857878103422609,81.97841544615383,81.34791332307692,9.549551999999991,12.732890999999995,540p,h264,28,Vertical_bees_1080x1920_2997
Vertical_bees_1080x1920_2997__540x960__h264__crf33,0.6372989611576789,0.6801240134913129,71.62229920769231,70.24760718461539,8.439069999999987,13.518850000000008,540p,h264,33,Vertical_bees_1080x1920_2997
Vertical_bees_1080x1920_2997__540x960__h264__crf38,0.6354029317254294,0.6711210166450094,57.042823684615385,52.68809012307692,10.144217999999995,15.659078000000001,540p,h264,38,Vertical_bees_1080x1920_2997
Vertical_bees_1080x1920_2997__540x960__h264__crf43,0.7530324484601281,0.7765165627736448,40.858583884615385,29.901989084615384,10.884436,16.365904,540p,h264,43,Vertical_bees_1080x1920_2997
Vertical_bees_1080x1920_2997__540x960__hevc__crf18,0.9582882560685297,0.964856545727805,91.3131559076923,91.61406161538461,6.093174999999988,7.856083999999996,540p,hevc,18,Vertical_bees_1080x1920_2997
Vertical_bees_1080x1920_2997__540x960__hevc__crf23,0.9288739442545731,0.9432818622300417,88.45549954615386,88.61804166923078,6.364149999999995,8.052154999999999,540p,hevc,23,Vertical_bees_1080x1920_2997
Vertical_bees_1080x1920_2997__540x960__hevc__crf28,0.8710343649587429,0.8847367562026344,83.28111317692307,83.2228164923077,6.361117000000007,8.85602800000001,540p,hevc,28,Vertical_bees_1080x1920_2997
Vertical_bees_1080x1920_2997__540x960__hevc__crf33,0.762173719610798,0.7723833459279762,74.55766517692307,73.58019176923078,6.60929800000001,11.42147399999999,540p,hevc,33,Vertical_bees_1080x1920_2997
Vertical_bees_1080x1920_2997__540x960__hevc__crf38,0.7381298891494446,0.7367754292782052,62.52866923846154,59.34174328461539,7.503286999999993,15.135657999999992,540p,hevc,38,Vertical_bees_1080x1920_2997
Vertical_bees_1080x1920_2997__540x960__hevc__crf43,0.7415961306854484,0.7452150180636072,47.52136486153846,38.05869539230769,9.887481000000001,16.578294999999997,540p,hevc,43,Vertical_bees_1080x1920_2997
Vertical_bees_1080x1920_2997__540x960__vp9__crf20,0.9646753474772274,0.9586388594796654,92.69687896153846,92.51847166153846,6.582711000000003,7.287538999999995,540p,vp9,20,Vertical_bees_1080x1920_2997
Vertical_bees_1080x1920_2997__540x960__vp9__crf30,0.9468886382397295,0.9523666680196526,90.09092120769229,89.67865215384616,7.753047999999993,8.847619999999992,540p,vp9,30,Vertical_bees_1080x1920_2997
Vertical_bees_1080x1920_2997__540x960__vp9__crf40,0.9382311094095498,0.9444434675805004,84.06546723846154,83.33025648461539,11.915350000000004,13.05775700000001,540p,vp9,40,Vertical_bees_1080x1920_2997
Vertical_bees_1080x1920_2997__540x960__vp9__crf50,0.8942305827811631,0.8940345639536699,73.8459475923077,72.35847368461539,16.690668000000002,18.07896699999999,540p,vp9,50,Vertical_bees_1080x1920_2997
Vertical_bees_1080x1920_2997__540x960__vp9__crf60,0.7744941039525047,0.7645824030520588,61.67993468461539,55.490396200000006,17.543481999999997,23.053604000000007,540p,vp9,60,Vertical_bees_1080x1920_2997
Vertical_bees_1080x1920_2997__720x1280__av1__crf20,0.9369744756566298,0.9536896627861221,96.59087996153848,97.01006368461539,5.356125000000006,5.883543000000003,720p,av1,20,Vertical_bees_1080x1920_2997
Vertical_bees_1080x1920_2997__720x1280__av1__crf30,0.8863689416275039,0.9272430605783257,94.89833301538462,94.97474901538462,6.180835000000002,6.604718000000005,720p,av1,30,Vertical_bees_1080x1920_2997
Vertical_bees_1080x1920_2997__720x1280__av1__crf40,0.8640348006078558,0.9001443745712919,92.21521485384616,92.03754603846154,7.4268240000000105,6.018450999999999,720p,av1,40,Vertical_bees_1080x1920_2997
Vertical_bees_1080x1920_2997__720x1280__av1__crf50,0.8216168119751901,0.8475235600488088,89.30702699999999,88.68638422307693,9.249565000000004,8.555523999999991,720p,av1,50,Vertical_bees_1080x1920_2997
Vertical_bees_1080x1920_2997__720x1280__av1__crf60,0.7185712973598839,0.7332963149829259,83.48944716923079,81.80759932307693,11.838939999999994,12.942741999999996,720p,av1,60,Vertical_bees_1080x1920_2997
Vertical_bees_1080x1920_2997__720x1280__h264__crf18,0.959313546915981,0.9681428040482466,96.33811346153847,97.04835643076923,6.0232269999999914,6.105431999999993,720p,h264,18,Vertical_bees_1080x1920_2997
Vertical_bees_1080x1920_2997__720x1280__h264__crf23,0.928778272629776,0.9517399977472479,93.71650589230771,94.32607204615385,7.327539999999999,8.116371999999998,720p,h264,23,Vertical_bees_1080x1920_2997
Vertical_bees_1080x1920_2997__720x1280__h264__crf28,0.8934515809598164,0.9230786979219612,88.70736552307692,89.31729073846154,8.438626,8.606973999999994,720p,h264,28,Vertical_bees_1080x1920_2997
Vertical_bees_1080x1920_2997__720x1280__h264__crf33,0.7852665492701112,0.8182348241026746,79.61382292307691,80.17527677692308,7.944014999999993,10.979831000000004,720p,h264,33,Vertical_bees_1080x1920_2997
Vertical_bees_1080x1920_2997__720x1280__h264__crf38,0.8666199652227858,0.8904205899219293,66.0953091,65.52234744615384,9.265650999999998,10.129307000000004,720p,h264,38,Vertical_bees_1080x1920_2997
Vertical_bees_1080x1920_2997__720x1280__h264__crf43,0.8875869089247761,0.9108820688263812,50.378670661538465,45.893169715384616,11.207199000000003,14.110146,720p,h264,43,Vertical_bees_1080x1920_2997
Vertical_bees_1080x1920_2997__720x1280__hevc__crf18,0.9631221965727439,0.9624865548308206,96.28418323076923,97.11878503076923,5.600215000000006,6.848468999999994,720p,hevc,18,Vertical_bees_1080x1920_2997
Vertical_bees_1080x1920_2997__720x1280__hevc__crf23,0.9420385454227233,0.9551836982211087,94.02483857692309,94.63225163846154,5.773976000000005,7.395487000000003,720p,hevc,23,Vertical_bees_1080x1920_2997
Vertical_bees_1080x1920_2997__720x1280__hevc__crf28,0.8750908137551965,0.8909373196798387,89.9206565769231,90.20168639230769,6.092916000000002,8.000799999999998,720p,hevc,28,Vertical_bees_1080x1920_2997
Vertical_bees_1080x1920_2997__720x1280__hevc__crf33,0.7857145591677858,0.802377066738032,82.82368796153845,82.99033087692307,5.413978,9.05412299999999,720p,hevc,33,Vertical_bees_1080x1920_2997
Vertical_bees_1080x1920_2997__720x1280__hevc__crf38,0.6776915067613482,0.6866492634291275,71.8869066076923,71.13439196153847,6.727624000000006,12.934746000000004,720p,hevc,38,Vertical_bees_1080x1920_2997
Vertical_bees_1080x1920_2997__720x1280__hevc__crf43,0.7481001524421089,0.7493236546159967,57.16236546153846,52.574745692307694,7.864733999999999,11.831378999999998,720p,hevc,43,Vertical_bees_1080x1920_2997
Vertical_bees_1080x1920_2997__720x1280__vp9__crf20,0.9585462894671487,0.9499187339700575,97.34367025384614,97.73618550769231,5.330332999999996,5.362408000000002,720p,vp9,20,Vertical_bees_1080x1920_2997
Vertical_bees_1080x1920_2997__720x1280__vp9__crf30,0.950220973600907,0.9475903868460506,95.16532482307692,95.31884953846154,6.641781000000009,8.005709999999993,720p,vp9,30,Vertical_bees_1080x1920_2997
Vertical_bees_1080x1920_2997__720x1280__vp9__crf40,0.9348522419345469,0.9417698288156546,90.25414653846154,90.03912202307693,10.222049999999996,11.516382000000007,720p,vp9,40,Vertical_bees_1080x1920_2997
Vertical_bees_1080x1920_2997__720x1280__vp9__crf50,0.8953347049482855,0.9019748436894857,81.68277901538461,81.11033769999999,14.848225999999997,15.356397000000001,720p,vp9,50,Vertical_bees_1080x1920_2997
Vertical_bees_1080x1920_2997__720x1280__vp9__crf60,0.8221138824303362,0.8183583956979913,69.58511186923077,65.7100403153846,17.826977999999997,20.96927300000001,720p,vp9,60,Vertical_bees_1080x1920_2997
WalkingInStreet_1920x1080_30fps__1080x1920__av1__crf20,,,99.99027346153845,100.0,1.2644499999999965,0.0,1080p,av1,20,WalkingInStreet_1920x1080_30fps
WalkingInStreet_1920x1080_30fps__1080x1920__av1__crf30,0.29733194426576787,0.11856956633548223,99.95780236153846,99.81317306923077,2.720327999999995,2.7998869999999982,1080p,av1,30,WalkingInStreet_1920x1080_30fps
WalkingInStreet_1920x1080_30fps__1080x1920__av1__crf40,0.702743827927603,0.7219656779952965,98.94341298461539,95.39266086923077,6.260845000000003,10.943816999999996,1080p,av1,40,WalkingInStreet_1920x1080_30fps
WalkingInStreet_1920x1080_30fps__1080x1920__av1__crf50,0.4335974168652422,0.6919745015549512,95.23314189999999,85.98495162307691,14.858407999999997,19.089910000000003,1080p,av1,50,WalkingInStreet_1920x1080_30fps
WalkingInStreet_1920x1080_30fps__1080x1920__av1__crf60,0.27559343102006917,0.7749272526712325,85.29517205384616,70.30040574615384,26.899942999999993,28.162997999999995,1080p,av1,60,WalkingInStreet_1920x1080_30fps
WalkingInStreet_1920x1080_30fps__1080x1920__h264__crf18,,-0.01874043170992759,99.97866423846155,100.0,2.773649000000006,0.0,1080p,h264,18,WalkingInStreet_1920x1080_30fps
WalkingInStreet_1920x1080_30fps__1080x1920__h264__crf23,0.7650814865604872,0.689575712070094,99.61078271538462,99.20117373076923,6.010204000000002,5.117445000000004,1080p,h264,23,WalkingInStreet_1920x1080_30fps
WalkingInStreet_1920x1080_30fps__1080x1920__h264__crf28,0.7320370436341536,0.7800833237703255,97.4800167769231,93.25584596153847,12.051056000000003,10.102859999999993,1080p,h264,28,WalkingInStreet_1920x1080_30fps
WalkingInStreet_1920x1080_30fps__1080x1920__h264__crf33,0.5082196302883272,0.7343921577891565,90.32426613076923,82.75780711538461,22.00806,11.303125000000009,1080p,h264,33,WalkingInStreet_1920x1080_30fps
WalkingInStreet_1920x1080_30fps__1080x1920__h264__crf38,0.40170576600443164,0.7013936500511831,78.1337566923077,66.71731209230768,32.001996,14.259330999999996,1080p,h264,38,WalkingInStreet_1920x1080_30fps
WalkingInStreet_1920x1080_30fps__1080x1920__h264__crf43,0.3136462659123275,0.5676480135498067,64.19125723076922,43.73440163076922,35.953337,17.258081000000004,1080p,h264,43,WalkingInStreet_1920x1080_30fps
WalkingInStreet_1920x1080_30fps__1080x1920__hevc__crf18,,-0.028176110721626596,99.9852632076923,100.0,1.9157830000000047,0.0,1080p,hevc,18,WalkingInStreet_1920x1080_30fps
WalkingInStreet_1920x1080_30fps__1080x1920__hevc__crf23,0.7840905839894335,0.6934938472948374,99.63893663076924,98.96076534615386,4.466485000000006,5.475216000000003,1080p,hevc,23,WalkingInStreet_1920x1080_30fps
WalkingInStreet_1920x1080_30fps__1080x1920__hevc__crf28,0.6321384191210937,0.7115094074422706,97.52076575384616,92.8317311230769,9.140090999999998,12.877277000000007,1080p,hevc,28,WalkingInStreet_1920x1080_30fps
WalkingInStreet_1920x1080_30fps__1080x1920__hevc__crf33,0.3369333517763263,0.6805416554375463,91.70739932307691,82.91757556923079,18.166357000000005,17.668846000000002,1080p,hevc,33,WalkingInStreet_1920x1080_30fps
WalkingInStreet_1920x1080_30fps__1080x1920__hevc__crf38,0.16106418074429737,0.6735480453837187,81.50042967692308,67.46900192307693,26.081188999999995,22.137935000000006,1080p,hevc,38,WalkingInStreet_1920x1080_30fps
WalkingInStreet_1920x1080_30fps__1080x1920__hevc__crf43,0.12290774218116331,0.6555102511274171,69.01076208461538,44.96836835384616,28.877180000000003,26.291142999999998,1080p,hevc,43,WalkingInStreet_1920x1080_30fps
WalkingInStreet_1920x1080_30fps__1080x1920__vp9__crf20,,,100.0,100.0,0.0,0.0,1080p,vp9,20,WalkingInStreet_1920x1080_30fps
WalkingInStreet_1920x1080_30fps__1080x1920__vp9__crf30,0.5023972482286547,0.10372775684250679,99.98387724615385,99.9176573923077,0.715919999999997,1.7971529999999944,1080p,vp9,30,WalkingInStreet_1920x1080_30fps
WalkingInStreet_1920x1080_30fps__1080x1920__vp9__crf40,0.8126376838186882,0.8147587915868619,99.13815744615385,96.88845200769231,5.893601000000004,9.173789,1080p,vp9,40,WalkingInStreet_1920x1080_30fps
WalkingInStreet_1920x1080_30fps__1080x1920__vp9__crf50,0.7338283007351424,0.8933402894749328,94.97013000769232,87.47059066923077,14.19274,20.545654999999996,1080p,vp9,50,WalkingInStreet_1920x1080_30fps
WalkingInStreet_1920x1080_30fps__1080x1920__vp9__crf60,0.5729831692576103,0.8870381314831357,83.80911783846155,69.14487758461537,29.218366000000003,33.491005,1080p,vp9,60,WalkingInStreet_1920x1080_30fps
WalkingInStreet_1920x1080_30fps__360x640__av1__crf20,0.8525756900566922,0.8795584889748235,91.00529863846153,81.55927325384616,22.456213000000005,14.599582999999996,360p,av1,20,WalkingInStreet_1920x1080_30fps
WalkingInStreet_1920x1080_30fps__360x640__av1__crf30,0.7592685640613753,0.8553901545005125,87.00247023846153,74.16587435384616,25.229563999999996,15.922027,360p,av1,30,WalkingInStreet_1920x1080_30fps
WalkingInStreet_1920x1080_30fps__360x640__av1__crf40,0.5095543548907863,0.7377504703737973,80.03709114615384,62.70488971538462,29.80167399999999,20.457581000000005,360p,av1,40,WalkingInStreet_1920x1080_30fps
WalkingInStreet_1920x1080_30fps__360x640__av1__crf50,0.2778920966385221,0.6835491976073823,72.22533243076921,49.45514296923077,30.012026999999996,25.730443,360p,av1,50,WalkingInStreet_1920x1080_30fps
WalkingInStreet_1920x1080_30fps__360x640__av1__crf60,0.17874525508474223,0.6774905520652206,60.754891146153845,27.903420915384615,33.486041,32.744789,360p,av1,60,WalkingInStreet_1920x1080_30fps
WalkingInStreet_1920x1080_30fps__360x640__h264__crf18,0.8045448821007013,0.9054074959291194,88.82554857692308,78.7326835769231,24.035880000000006,16.95552699999999,360p,h264,18,WalkingInStreet_1920x1080_30fps
WalkingInStreet_1920x1080_30fps__360x640__h264__crf23,0.7488405904298671,0.8936491997118412,83.18883943846153,69.89278263846153,29.518158999999997,18.546522000000003,360p,h264,23,WalkingInStreet_1920x1080_30fps
WalkingInStreet_1920x1080_30fps__360x640__h264__crf28,0.6231974392639396,0.8083106371684409,74.76178447692307,57.325830453846145,33.982347,21.328874999999996,360p,h264,28,WalkingInStreet_1920x1080_30fps
WalkingInStreet_1920x1080_30fps__360x640__h264__crf33,0.5018241767697769,0.7042365903244143,64.29637703076924,39.277983400000004,36.33337,22.746144,360p,h264,33,WalkingInStreet_1920x1080_30fps
WalkingInStreet_1920x1080_30fps__360x640__h264__crf38,0.3626325487007922,0.538186419107526,52.51252204615384,15.634566138461539,38.365736,23.7642,360p,h264,38,WalkingInStreet_1920x1080_30fps
WalkingInStreet_1920x1080_30fps__360x640__h264__crf43,0.07809068058901818,0.20170829513188682,42.16213351538462,0.0005357153846153845,39.034086,0.069643,360p,h264,43,WalkingInStreet_1920x1080_30fps
WalkingInStreet_1920x1080_30fps__360x640__hevc__crf18,0.7533497998886134,0.8722905668780442,88.4063027923077,79.18262143076925,22.603358,14.862248999999991,360p,hevc,18,WalkingInStreet_1920x1080_30fps
WalkingInStreet_1920x1080_30fps__360x640__hevc__crf23,0.6086920622577957,0.8339618296921767,82.9188344923077,71.04148073076924,26.417778,15.957874999999987,360p,hevc,23,WalkingInStreet_1920x1080_30fps
WalkingInStreet_1920x1080_30fps__360x640__hevc__crf28,0.4144639317255691,0.759907477747779,75.18849513076924,58.58711076153847,27.618531000000004,21.113100999999993,360p,hevc,28,WalkingInStreet_1920x1080_30fps
WalkingInStreet_1920x1080_30fps__360x640__hevc__crf33,0.29215989916064083,0.6909441772542227,65.54601186153846,41.77594653846154,29.597679,24.954402,360p,hevc,33,WalkingInStreet_1920x1080_30fps
WalkingInStreet_1920x1080_30fps__360x640__hevc__crf38,0.1078217593014879,0.4727699862471874,55.20092632307692,19.946442061538463,31.620792,28.420853,360p,hevc,38,WalkingInStreet_1920x1080_30fps
WalkingInStreet_1920x1080_30fps__360x640__hevc__crf43,-0.0887049903078214,0.26268184651889265,44.82872695384616,0.37116725384615384,35.401483999999996,8.551109,360p,hevc,43,WalkingInStreet_1920x1080_30fps
WalkingInStreet_1920x1080_30fps__360x640__vp9__crf20,0.845480664630819,0.8940514913627914,91.66704177692309,84.19198842307692,20.971664000000004,14.858275000000006,360p,vp9,20,WalkingInStreet_1920x1080_30fps
WalkingInStreet_1920x1080_30fps__360x640__vp9__crf30,0.7919444836910824,0.9071862303697867,88.03165967692307,78.8762741076923,23.657668,16.350437999999997,360p,vp9,30,WalkingInStreet_1920x1080_30fps
WalkingInStreet_1920x1080_30fps__360x640__vp9__crf40,0.7138307465861177,0.9004533578538138,80.37257918461538,66.89402484615384,30.914609,24.328286999999996,360p,vp9,40,WalkingInStreet_1920x1080_30fps
WalkingInStreet_1920x1080_30fps__360x640__vp9__crf50,0.6160512389702614,0.8800708659637763,69.41639376923077,46.470051969230774,37.329704,36.126711,360p,vp9,50,WalkingInStreet_1920x1080_30fps
WalkingInStreet_1920x1080_30fps__360x640__vp9__crf60,0.5326346139608634,0.8511510270552838,56.5594079923077,18.662080207692306,39.159894,48.752006,360p,vp9,60,WalkingInStreet_1920x1080_30fps
WalkingInStreet_1920x1080_30fps__540x960__av1__crf20,0.8148787035472093,0.8456630871740007,98.46160194615385,95.55053991538463,10.861329999999995,11.159741999999994,540p,av1,20,WalkingInStreet_1920x1080_30fps
WalkingInStreet_1920x1080_30fps__540x960__av1__crf30,0.823022030148458,0.8353915159600674,96.48057235384616,89.67759982307692,13.186257999999995,12.438017000000002,540p,av1,30,WalkingInStreet_1920x1080_30fps
WalkingInStreet_1920x1080_30fps__540x960__av1__crf40,0.4976673996523692,0.694131580697309,91.62108313076924,79.67560076923075,19.060004000000006,18.17866699999999,540p,av1,40,WalkingInStreet_1920x1080_30fps
WalkingInStreet_1920x1080_30fps__540x960__av1__crf50,0.2742847257690222,0.6773998978154969,84.43713521538461,67.95432721538462,27.228579999999994,20.72994200000001,540p,av1,50,WalkingInStreet_1920x1080_30fps
WalkingInStreet_1920x1080_30fps__540x960__av1__crf60,0.2293722049579642,0.7535195447199203,72.60234936923077,48.39663877692307,33.43326999999999,34.563167,540p,av1,60,WalkingInStreet_1920x1080_30fps
WalkingInStreet_1920x1080_30fps__540x960__h264__crf18,0.8399312175004672,0.88133953835772,97.19138742307693,93.51822757692308,11.940843000000001,13.612407000000005,540p,h264,18,WalkingInStreet_1920x1080_30fps
WalkingInStreet_1920x1080_30fps__540x960__h264__crf23,0.7851240705665731,0.8756361631731625,93.84724486153847,86.43788526923076,16.369952999999995,12.95448900000001,540p,h264,23,WalkingInStreet_1920x1080_30fps
WalkingInStreet_1920x1080_30fps__540x960__h264__crf28,0.6236198611721852,0.8225398171028233,86.89309103846155,76.37643056153846,25.670761999999996,15.844459999999998,540p,h264,28,WalkingInStreet_1920x1080_30fps
WalkingInStreet_1920x1080_30fps__540x960__h264__crf33,0.46313289416989234,0.7558577420529813,76.23139583846155,61.0046426,32.201333000000005,19.302327000000005,540p,h264,33,WalkingInStreet_1920x1080_30fps
WalkingInStreet_1920x1080_30fps__540x960__h264__crf38,0.3595935806930582,0.6636379138231666,62.968141946153835,38.30443209230769,34.860472,22.612519,540p,h264,38,WalkingInStreet_1920x1080_30fps
WalkingInStreet_1920x1080_30fps__540x960__h264__crf43,0.24864880102300338,0.48517530619980886,49.78508385384616,11.141132915384617,36.927512,20.261805,540p,h264,43,WalkingInStreet_1920x1080_30fps
WalkingInStreet_1920x1080_30fps__540x960__hevc__crf18,0.7580181136350569,0.8027441664382382,97.13002337692308,93.05376493076925,11.07723,12.54177700000001,540p,hevc,18,WalkingInStreet_1920x1080_30fps
WalkingInStreet_1920x1080_30fps__540x960__hevc__crf23,0.6123486594990059,0.8012232760730239,93.63636726923077,86.26053013076923,15.244483000000002,14.535916,540p,hevc,23,WalkingInStreet_1920x1080_30fps
WalkingInStreet_1920x1080_30fps__540x960__hevc__crf28,0.3821002033917563,0.7443972887045759,87.16434796153848,76.0396751,23.158237,19.355405000000005,540p,hevc,28,WalkingInStreet_1920x1080_30fps
WalkingInStreet_1920x1080_30fps__540x960__hevc__crf33,0.22493384106694542,0.7166703046367554,77.49615403076923,61.3783213923077,26.140426000000005,22.482411000000006,540p,hevc,33,WalkingInStreet_1920x1080_30fps
WalkingInStreet_1920x1080_30fps__540x960__hevc__crf38,0.14305375942667584,0.6572528083293141,65.91334513076923,40.407815407692304,27.898116,26.769968,540p,hevc,38,WalkingInStreet_1920x1080_30fps
WalkingInStreet_1920x1080_30fps__540x960__hevc__crf43,0.026160533347771533,0.48875800897024557,53.869892953846154,14.267687246153844,29.923212999999997,29.29317,540p,hevc,43,WalkingInStreet_1920x1080_30fps
WalkingInStreet_1920x1080_30fps__540x960__vp9__crf20,0.829669521627411,0.8251477155333001,98.69079620000001,97.1601100846154,9.637632999999994,9.566783000000001,540p,vp9,20,WalkingInStreet_1920x1080_30fps
WalkingInStreet_1920x1080_30fps__540x960__vp9__crf30,0.805395054343363,0.8631895206995285,96.90230401538463,92.5853647923077,11.108795999999998,14.147013999999999,540p,vp9,30,WalkingInStreet_1920x1080_30fps
WalkingInStreet_1920x1080_30fps__540x960__vp9__crf40,0.7302534832160166,0.8933974831961857,91.74145629230769,83.46922417692308,18.186915999999997,21.033524,540p,vp9,40,WalkingInStreet_1920x1080_30fps
WalkingInStreet_1920x1080_30fps__540x960__vp9__crf50,0.6463065021162002,0.8970007021500711,81.70117733076924,66.5887998,30.813164999999998,31.873116999999993,540p,vp9,50,WalkingInStreet_1920x1080_30fps
WalkingInStreet_1920x1080_30fps__540x960__vp9__crf60,0.5526929690925639,0.8885545206984689,67.77047199999998,40.38057876153846,34.834503,47.25704399999999,540p,vp9,60,WalkingInStreet_1920x1080_30fps
WalkingInStreet_1920x1080_30fps__720x1280__av1__crf20,0.6152250233547802,0.42254540124344825,99.80785634615386,99.62731814615385,5.581965999999994,3.6671560000000056,720p,av1,20,WalkingInStreet_1920x1080_30fps
WalkingInStreet_1920x1080_30fps__720x1280__av1__crf30,0.7940382122248292,0.8002673559891694,98.97694293076924,96.84609890769232,7.165712999999997,9.481086000000005,720p,av1,30,WalkingInStreet_1920x1080_30fps
WalkingInStreet_1920x1080_30fps__720x1280__av1__crf40,0.6646340441785527,0.7791980435478268,95.81892443076923,88.2898341076923,13.044511,16.14821400000001,720p,av1,40,WalkingInStreet_1920x1080_30fps
WalkingInStreet_1920x1080_30fps__720x1280__av1__crf50,0.38581608130291306,0.764998499009374,89.43653774615386,77.0250561,21.688406999999998,22.402489000000003,720p,av1,50,WalkingInStreet_1920x1080_30fps
WalkingInStreet_1920x1080_30fps__720x1280__av1__crf60,0.29126875204412317,0.8071703001207249,77.42796105384615,57.91154324615384,33.235462,33.6702,720p,av1,60,WalkingInStreet_1920x1080_30fps
WalkingInStreet_1920x1080_30fps__720x1280__h264__crf18,0.8414253587289056,0.7676473464574428,99.3677211,98.96086663846154,6.994094000000004,5.980743000000004,720p,h264,18,WalkingInStreet_1920x1080_30fps
WalkingInStreet_1920x1080_30fps__720x1280__h264__crf23,0.8012132350298974,0.8478390987126485,97.66618328461537,94.23560025384616,10.911265999999998,11.926715000000002,720p,h264,23,WalkingInStreet_1920x1080_30fps
WalkingInStreet_1920x1080_30fps__720x1280__h264__crf28,0.6811132483393296,0.8297516317978483,92.79662131538461,85.7479874,18.724911000000006,13.877375,720p,h264,28,WalkingInStreet_1920x1080_30fps
WalkingInStreet_1920x1080_30fps__720x1280__h264__crf33,0.4838448067666268,0.763835153537501,82.9813367,72.37154963076922,30.963319999999996,17.097358,720p,h264,33,WalkingInStreet_1920x1080_30fps
WalkingInStreet_1920x1080_30fps__720x1280__h264__crf38,0.3011007014354402,0.6365932252559842,69.74766707692308,52.528590384615384,33.648893,17.932525999999996,720p,h264,38,WalkingInStreet_1920x1080_30fps
WalkingInStreet_1920x1080_30fps__720x1280__h264__crf43,0.2817482083382161,0.5421574723928749,56.107823438461544,26.36595063076923,36.31913899999999,24.852796,720p,h264,43,WalkingInStreet_1920x1080_30fps
WalkingInStreet_1920x1080_30fps__720x1280__hevc__crf18,0.820896266823319,0.7390655611588605,99.41308271538462,98.68321316153846,6.198389000000006,6.365200999999999,720p,hevc,18,WalkingInStreet_1920x1080_30fps
WalkingInStreet_1920x1080_30fps__720x1280__hevc__crf23,0.6880233330478915,0.7495207995324884,97.49286980769232,93.32125095384615,9.272419999999997,12.393534000000002,720p,hevc,23,WalkingInStreet_1920x1080_30fps
WalkingInStreet_1920x1080_30fps__720x1280__hevc__crf28,0.44139289518648933,0.7327575170411773,92.8350617,84.72969291538463,16.465728999999996,16.568976000000006,720p,hevc,28,WalkingInStreet_1920x1080_30fps
WalkingInStreet_1920x1080_30fps__720x1280__hevc__crf33,0.2864339940054112,0.7290472706654993,84.19306953076924,71.90598352307693,24.350897999999987,21.32545600000001,720p,hevc,33,WalkingInStreet_1920x1080_30fps
WalkingInStreet_1920x1080_30fps__720x1280__hevc__crf38,0.14550850417655822,0.6739411135935411,72.79352455384614,52.88793366153846,27.378974999999997,27.69879600000001,720p,hevc,38,WalkingInStreet_1920x1080_30fps
WalkingInStreet_1920x1080_30fps__720x1280__hevc__crf43,0.04526952507321306,0.5843707451421853,60.48036037692307,27.769297376923078,29.560108999999997,30.293951,720p,hevc,43,WalkingInStreet_1920x1080_30fps
WalkingInStreet_1920x1080_30fps__720x1280__vp9__crf20,0.595027147484725,0.3682268849429817,99.87040057692307,99.79820577692308,4.654982000000004,3.1221199999999953,720p,vp9,20,WalkingInStreet_1920x1080_30fps
WalkingInStreet_1920x1080_30fps__720x1280__vp9__crf30,0.8421305084589437,0.8290004264000221,99.26081833076923,97.9990109153846,5.382660000000001,8.239855000000006,720p,vp9,30,WalkingInStreet_1920x1080_30fps
WalkingInStreet_1920x1080_30fps__720x1280__vp9__crf40,0.7886018311687978,0.8928815073585635,96.49531168461539,91.00356751538462,11.517930000000007,16.548235000000005,720p,vp9,40,WalkingInStreet_1920x1080_30fps
WalkingInStreet_1920x1080_30fps__720x1280__vp9__crf50,0.6558590925044188,0.8992974233246848,88.47984403076923,77.48992517692308,22.876320000000007,26.58945100000001,720p,vp9,50,WalkingInStreet_1920x1080_30fps
WalkingInStreet_1920x1080_30fps__720x1280__vp9__crf60,0.5349222508446554,0.8868725401650736,74.42896220769231,53.68316589230769,33.370224,43.939126,720p,vp9,60,WalkingInStreet_1920x1080_30fps
WorldCup_1920x1080_30p__1280x720__av1__crf20,0.867588556426561,0.8175426560544204,97.10264013076925,95.61460336153846,5.655418999999995,8.726933000000002,720p,av1,20,WorldCup_1920x1080_30p
WorldCup_1920x1080_30p__1280x720__av1__crf30,0.8561067026480373,0.8308048929167146,94.97398872307693,92.48798778461538,8.275570000000002,9.849340999999995,720p,av1,30,WorldCup_1920x1080_30p
WorldCup_1920x1080_30p__1280x720__av1__crf40,0.8681322956318165,0.851489928056555,90.41405236923079,86.69029202307692,11.055139999999994,12.278018000000003,720p,av1,40,WorldCup_1920x1080_30p
WorldCup_1920x1080_30p__1280x720__av1__crf50,0.8932147815760397,0.8817785571442677,83.89263528461538,78.8617803846154,15.471060999999992,17.331536999999997,720p,av1,50,WorldCup_1920x1080_30p
WorldCup_1920x1080_30p__1280x720__av1__crf60,0.9066534230095903,0.9029844976109827,72.63741028461538,63.83348383846155,19.064746,23.471539999999997,720p,av1,60,WorldCup_1920x1080_30p
WorldCup_1920x1080_30p__1280x720__h264__crf18,0.9144953689326328,0.8754613966008702,96.57513480769231,95.74024692307692,6.425724000000002,7.838065,720p,h264,18,WorldCup_1920x1080_30p
WorldCup_1920x1080_30p__1280x720__h264__crf23,0.9099187331028553,0.8941340796627791,92.96198286153846,91.18750820769232,9.63303400000001,10.057370000000006,720p,h264,23,WorldCup_1920x1080_30p
WorldCup_1920x1080_30p__1280x720__h264__crf28,0.900725698750157,0.885899208001517,86.68840367692307,84.32258351538462,12.461362999999992,11.554932000000008,720p,h264,28,WorldCup_1920x1080_30p
WorldCup_1920x1080_30p__1280x720__h264__crf33,0.9052768056015086,0.8905614813311327,77.11777273846155,74.0117716846154,14.813952999999998,13.518802000000008,720p,h264,33,WorldCup_1920x1080_30p
WorldCup_1920x1080_30p__1280x720__h264__crf38,0.8899084425935956,0.8832823655987528,64.99190343076923,59.01311971538462,16.003683999999993,16.553512000000005,720p,h264,38,WorldCup_1920x1080_30p
WorldCup_1920x1080_30p__1280x720__h264__crf43,0.8972455881669558,0.9068505479542867,52.18825533846154,39.58266143076923,17.582976000000002,22.516506000000003,720p,h264,43,WorldCup_1920x1080_30p
WorldCup_1920x1080_30p__1280x720__hevc__crf18,0.9223120922720894,0.8768876092092353,96.15000913846156,95.39604170000001,6.409550999999993,7.4476159999999965,720p,hevc,18,WorldCup_1920x1080_30p
WorldCup_1920x1080_30p__1280x720__hevc__crf23,0.9287061624907624,0.913283842398631,92.82537310000001,91.23817566153846,10.583212000000003,9.981854999999996,720p,hevc,23,WorldCup_1920x1080_30p
WorldCup_1920x1080_30p__1280x720__hevc__crf28,0.9234020643040465,0.9127256258852458,87.32230665384616,84.71979897692307,12.533360000000002,13.692195999999996,720p,hevc,28,WorldCup_1920x1080_30p
WorldCup_1920x1080_30p__1280x720__hevc__crf33,0.9221216053527687,0.9158494234197438,79.19957956153846,75.03024856153847,15.226027000000002,16.851144000000005,720p,hevc,33,WorldCup_1920x1080_30p
WorldCup_1920x1080_30p__1280x720__hevc__crf38,0.9377670632007914,0.9370460293544435,68.73376586923078,61.469441184615384,17.728837000000006,22.337308,720p,hevc,38,WorldCup_1920x1080_30p
WorldCup_1920x1080_30p__1280x720__hevc__crf43,0.8890029047948903,0.9013543696486181,57.333464292307696,42.98382616153846,17.739244000000006,30.125680000000003,720p,hevc,43,WorldCup_1920x1080_30p
WorldCup_1920x1080_30p__1280x720__vp9__crf20,0.902551961274628,0.8251923137233543,97.82781224615385,96.61224336153846,4.940685000000002,7.271135000000001,720p,vp9,20,WorldCup_1920x1080_30p
WorldCup_1920x1080_30p__1280x720__vp9__crf30,0.9097053392525262,0.8706929459192438,95.44601269230769,93.19041741538462,8.148475000000005,11.520401000000007,720p,vp9,30,WorldCup_1920x1080_30p
WorldCup_1920x1080_30p__1280x720__vp9__crf40,0.9154062181708467,0.9086150995811567,90.04577074615385,86.0072643076923,11.63181999999999,17.324323000000007,720p,vp9,40,WorldCup_1920x1080_30p
WorldCup_1920x1080_30p__1280x720__vp9__crf50,0.9202703326873161,0.9283932173136183,80.94294909999999,74.35692225384616,17.892426,26.094626000000005,720p,vp9,50,WorldCup_1920x1080_30p
WorldCup_1920x1080_30p__1280x720__vp9__crf60,0.9408136814852697,0.9571449286112704,68.97855523076923,57.0549202,22.926654,33.134294000000004,720p,vp9,60,WorldCup_1920x1080_30p
WorldCup_1920x1080_30p__1920x1080__av1__crf20,0.35119424769254126,0.171613545866917,99.95647511538462,98.81312596923075,1.0309919999999977,4.653463000000002,1080p,av1,20,WorldCup_1920x1080_30p
WorldCup_1920x1080_30p__1920x1080__av1__crf30,0.7278795414202142,0.6569735222470994,99.25459140769229,96.37749937692307,2.8982189999999974,7.706710000000001,1080p,av1,30,WorldCup_1920x1080_30p
WorldCup_1920x1080_30p__1920x1080__av1__crf40,0.8336698079630707,0.8069959951548847,96.17694640769231,91.93172279999999,7.628833,10.184399999999997,1080p,av1,40,WorldCup_1920x1080_30p
WorldCup_1920x1080_30p__1920x1080__av1__crf50,0.8626081168889974,0.845579246170147,91.01722438461539,85.51377822307693,12.572067000000004,13.333302000000003,1080p,av1,50,WorldCup_1920x1080_30p
WorldCup_1920x1080_30p__1920x1080__av1__crf60,0.8756620199733854,0.866574006093189,81.51451486923077,73.64158416923078,17.25396400000001,19.664246000000006,1080p,av1,60,WorldCup_1920x1080_30p
WorldCup_1920x1080_30p__1920x1080__h264__crf18,0.578433747549958,0.32761706271828583,99.8896552,99.07620211538462,1.4935279999999977,4.142938999999998,1080p,h264,18,WorldCup_1920x1080_30p
WorldCup_1920x1080_30p__1920x1080__h264__crf23,0.7795249231900431,0.7406665726816486,98.27021112307693,95.75367952307691,4.1693929999999995,7.10495499999999,1080p,h264,23,WorldCup_1920x1080_30p
WorldCup_1920x1080_30p__1920x1080__h264__crf28,0.8302402049752478,0.815700361575928,93.88220998461539,90.5934262,8.437027,7.9514469999999875,1080p,h264,28,WorldCup_1920x1080_30p
WorldCup_1920x1080_30p__1920x1080__h264__crf33,0.841809889510649,0.8260800440956667,86.32848450769231,82.83367524615385,10.368151999999995,8.744115000000008,1080p,h264,33,WorldCup_1920x1080_30p
WorldCup_1920x1080_30p__1920x1080__h264__crf38,0.878044199644363,0.8629485150926242,75.41771391538462,71.17909322307692,13.248535000000004,12.075012999999998,1080p,h264,38,WorldCup_1920x1080_30p
WorldCup_1920x1080_30p__1920x1080__h264__crf43,0.9033043061559537,0.9018710019646038,62.730823138461545,54.77705059230769,17.305861000000007,18.446793000000007,1080p,h264,43,WorldCup_1920x1080_30p
WorldCup_1920x1080_30p__1920x1080__hevc__crf18,0.6062215932049779,0.41616432475919307,99.75656808461538,98.53572279230768,1.3291700000000048,4.072080999999997,1080p,hevc,18,WorldCup_1920x1080_30p
WorldCup_1920x1080_30p__1920x1080__hevc__crf23,0.7883050657656343,0.7246409191410471,97.9710609076923,95.59955755384615,4.235015000000004,7.569570999999996,1080p,hevc,23,WorldCup_1920x1080_30p
WorldCup_1920x1080_30p__1920x1080__hevc__crf28,0.844458989443824,0.8234893889365309,94.0823311076923,90.64224069999999,8.873970999999997,10.831491,1080p,hevc,28,WorldCup_1920x1080_30p
WorldCup_1920x1080_30p__1920x1080__hevc__crf33,0.8874252263468567,0.8730806554221364,87.67680179999999,83.2428469,11.368891000000005,13.609556999999995,1080p,hevc,33,WorldCup_1920x1080_30p
WorldCup_1920x1080_30p__1920x1080__hevc__crf38,0.8864045539242165,0.8812208194214185,78.56610923076923,72.32300467692308,14.499277000000006,19.889769,1080p,hevc,38,WorldCup_1920x1080_30p
WorldCup_1920x1080_30p__1920x1080__hevc__crf43,0.896906062420895,0.9039228917645665,67.45767278461538,57.01816583846153,16.680711000000002,23.391037999999995,1080p,hevc,43,WorldCup_1920x1080_30p
WorldCup_1920x1080_30p__1920x1080__vp9__crf20,0.39712984928139605,0.06188864236735707,99.99633163846153,99.36784386153846,0.206475999999995,3.7358020000000067,1080p,vp9,20,WorldCup_1920x1080_30p
WorldCup_1920x1080_30p__1920x1080__vp9__crf30,0.7767530887717575,0.6695565174827947,99.50093468461539,97.26100891538461,2.424888999999993,6.869968,1080p,vp9,30,WorldCup_1920x1080_30p
WorldCup_1920x1080_30p__1920x1080__vp9__crf40,0.8875262858848533,0.8512055845961053,96.25201788461538,91.98414864615384,7.330804999999998,12.747671999999994,1080p,vp9,40,WorldCup_1920x1080_30p
WorldCup_1920x1080_30p__1920x1080__vp9__crf50,0.9046452353348706,0.8990466262550326,89.42185036153846,83.22063933076923,13.820439000000007,18.596823,1080p,vp9,50,WorldCup_1920x1080_30p
WorldCup_1920x1080_30p__1920x1080__vp9__crf60,0.9266171607142518,0.9347661213218033,78.86037533076924,69.4738417076923,20.910494,26.124862999999998,1080p,vp9,60,WorldCup_1920x1080_30p
WorldCup_1920x1080_30p__640x360__av1__crf20,0.9427962116507212,0.9303060390669403,81.12734195384616,77.10138803846154,13.724066000000008,15.696905000000001,360p,av1,20,WorldCup_1920x1080_30p
WorldCup_1920x1080_30p__640x360__av1__crf30,0.924445591133299,0.912375825318065,77.42779486153847,72.3053406923077,14.537127000000012,16.34657399999999,360p,av1,30,WorldCup_1920x1080_30p
WorldCup_1920x1080_30p__640x360__av1__crf40,0.9101195130485972,0.901123630350167,70.88948219230768,63.74078703846155,15.844982000000002,19.633244000000005,360p,av1,40,WorldCup_1920x1080_30p
WorldCup_1920x1080_30p__640x360__av1__crf50,0.9082171011061363,0.909584576250508,63.102105723076924,52.31584688461538,18.370410000000007,25.917887,360p,av1,50,WorldCup_1920x1080_30p
WorldCup_1920x1080_30p__640x360__av1__crf60,0.9107592834751517,0.9230507833720922,50.68831071538462,31.619409669230777,21.022627,33.055688,360p,av1,60,WorldCup_1920x1080_30p
WorldCup_1920x1080_30p__640x360__h264__crf18,0.9670893017613285,0.9577373885769235,79.21386641538462,74.74702525384615,15.186201999999994,17.573026999999996,360p,h264,18,WorldCup_1920x1080_30p
WorldCup_1920x1080_30p__640x360__h264__crf23,0.9508727583048509,0.9424804568056134,72.85931402307692,66.66516383076923,17.395289000000005,20.726975999999993,360p,h264,23,WorldCup_1920x1080_30p
WorldCup_1920x1080_30p__640x360__h264__crf28,0.9480608036146241,0.9434433611379635,64.07465712307693,55.241890561538455,18.329095999999993,18.744537,360p,h264,28,WorldCup_1920x1080_30p
WorldCup_1920x1080_30p__640x360__h264__crf33,0.9063496367685316,0.9028137161583014,53.414453138461546,39.86015649230769,18.05805,20.500273999999997,360p,h264,33,WorldCup_1920x1080_30p
WorldCup_1920x1080_30p__640x360__h264__crf38,0.8790073887750872,0.8907172830276989,42.254754399999996,20.754083507692307,16.833061,20.99353,360p,h264,38,WorldCup_1920x1080_30p
WorldCup_1920x1080_30p__640x360__h264__crf43,0.7593952745338749,0.8721894561551862,31.26533223846154,1.2302903923076922,15.702147999999998,9.866075,360p,h264,43,WorldCup_1920x1080_30p
WorldCup_1920x1080_30p__640x360__hevc__crf18,0.9731280928402158,0.9650715207978836,78.48215244615385,75.47963511538461,16.868285999999998,17.356724,360p,hevc,18,WorldCup_1920x1080_30p
WorldCup_1920x1080_30p__640x360__hevc__crf23,0.9654772107910192,0.9580056913905195,72.8805634076923,68.67446178461539,18.18943399999999,20.338505999999995,360p,hevc,23,WorldCup_1920x1080_30p
WorldCup_1920x1080_30p__640x360__hevc__crf28,0.9621872733661959,0.957182089202096,64.97196256153848,58.527206884615396,19.272665000000003,23.768427000000003,360p,hevc,28,WorldCup_1920x1080_30p
WorldCup_1920x1080_30p__640x360__hevc__crf33,0.92707894304647,0.9302861658349151,55.51265916923077,43.91707459230769,20.316266999999996,28.912869,360p,hevc,33,WorldCup_1920x1080_30p
WorldCup_1920x1080_30p__640x360__hevc__crf38,0.9172375523032171,0.930804306812255,45.647337699999994,26.675324107692308,21.817541999999996,34.02283,360p,hevc,38,WorldCup_1920x1080_30p
WorldCup_1920x1080_30p__640x360__hevc__crf43,0.8754930844780511,0.9009628088369933,36.35828548461538,6.9268251,20.780533,25.563099,360p,hevc,43,WorldCup_1920x1080_30p
WorldCup_1920x1080_30p__640x360__vp9__crf20,0.9610763187452397,0.9507080701076249,81.9532382153846,78.63766540769231,13.85977299999999,16.305833000000007,360p,vp9,20,WorldCup_1920x1080_30p
WorldCup_1920x1080_30p__640x360__vp9__crf30,0.9563665979317214,0.9528149669859164,77.66148316923076,73.25243098461539,16.486538999999993,19.032361999999992,360p,vp9,30,WorldCup_1920x1080_30p
WorldCup_1920x1080_30p__640x360__vp9__crf40,0.948260998105465,0.9539240044891534,69.48502164615384,62.023509415384616,17.373481000000005,27.206302,360p,vp9,40,WorldCup_1920x1080_30p
WorldCup_1920x1080_30p__640x360__vp9__crf50,0.9391080547231667,0.9605983442350845,58.94921433076923,44.83340084615385,20.620393,35.814986999999995,360p,vp9,50,WorldCup_1920x1080_30p
WorldCup_1920x1080_30p__640x360__vp9__crf60,0.9345962582627498,0.9600260507215643,47.99321955384615,24.036538184615384,20.580701999999995,41.235214,360p,vp9,60,WorldCup_1920x1080_30p
WorldCup_1920x1080_30p__960x540__av1__crf20,0.8989471954677838,0.8794630537937379,92.2380331,89.62259252307693,9.964185,12.244187999999994,540p,av1,20,WorldCup_1920x1080_30p
WorldCup_1920x1080_30p__960x540__av1__crf30,0.8906179499305727,0.8723398962615541,89.59557256923077,86.12058902307693,10.764212,12.714701000000005,540p,av1,30,WorldCup_1920x1080_30p
WorldCup_1920x1080_30p__960x540__av1__crf40,0.8744095895512656,0.8587878165959892,84.31176609230769,79.14365188461538,12.872812999999994,15.218465999999992,540p,av1,40,WorldCup_1920x1080_30p
WorldCup_1920x1080_30p__960x540__av1__crf50,0.8986317046584001,0.8864063513159616,77.14663123846154,69.98460133076924,16.684626999999992,19.900885000000002,540p,av1,50,WorldCup_1920x1080_30p
WorldCup_1920x1080_30p__960x540__av1__crf60,0.9074551458149313,0.9040753971749057,65.0404293,52.574299869230764,19.872023999999996,29.198392000000005,540p,av1,60,WorldCup_1920x1080_30p
WorldCup_1920x1080_30p__960x540__h264__crf18,0.9472377516966826,0.9315335595777225,91.11674060769231,89.01404376153847,11.021145000000004,12.383047999999988,540p,h264,18,WorldCup_1920x1080_30p
WorldCup_1920x1080_30p__960x540__h264__crf23,0.9163081751790509,0.9017668176988806,86.3962469076923,83.01744047692308,13.492392999999993,14.912521999999996,540p,h264,23,WorldCup_1920x1080_30p
WorldCup_1920x1080_30p__960x540__h264__crf28,0.9146292539385078,0.9017564669891671,78.71208682307692,74.15522919230769,16.542727999999997,16.000079,540p,h264,28,WorldCup_1920x1080_30p
WorldCup_1920x1080_30p__960x540__h264__crf33,0.8959696646572889,0.8876815181768102,68.17240045384615,61.48030807692308,16.173237,18.483892999999995,540p,h264,33,WorldCup_1920x1080_30p
WorldCup_1920x1080_30p__960x540__h264__crf38,0.8953795266093749,0.893755894762691,55.76520677692307,43.99629810769231,17.010033,20.56266,540p,h264,38,WorldCup_1920x1080_30p
WorldCup_1920x1080_30p__960x540__h264__crf43,0.8713456369733079,0.8857759400710905,43.590544407692306,22.314865546153843,17.716907,24.332243999999996,540p,h264,43,WorldCup_1920x1080_30p
WorldCup_1920x1080_30p__960x540__hevc__crf18,0.9549780662924535,0.9399917117478537,90.60066709230769,89.16079727692306,11.734882999999996,12.501221999999999,540p,hevc,18,WorldCup_1920x1080_30p
WorldCup_1920x1080_30p__960x540__hevc__crf23,0.9446351697420431,0.9340195276472925,86.31957442307692,84.04270277692308,13.499690999999999,14.524984000000003,540p,hevc,23,WorldCup_1920x1080_30p
WorldCup_1920x1080_30p__960x540__hevc__crf28,0.9497205321781145,0.94108775680963,79.67404560000001,76.20970305384616,15.620981999999998,17.61667200000001,540p,hevc,28,WorldCup_1920x1080_30p
WorldCup_1920x1080_30p__960x540__hevc__crf33,0.9349690172855565,0.9303602921764715,70.66120188461537,64.17868474615385,17.77689199999999,22.285600000000002,540p,hevc,33,WorldCup_1920x1080_30p
WorldCup_1920x1080_30p__960x540__hevc__crf38,0.9204657730285281,0.9239132027807756,59.93525070769231,48.39704236923077,18.721895999999994,27.671439,540p,hevc,38,WorldCup_1920x1080_30p
WorldCup_1920x1080_30p__960x540__hevc__crf43,0.903301659498208,0.9188993656215435,49.07340133076923,28.412085938461537,19.047759,30.035293,540p,hevc,43,WorldCup_1920x1080_30p
WorldCup_1920x1080_30p__960x540__vp9__crf20,0.9308492093334834,0.9090091020334008,92.87150977692308,91.03224343076923,10.498914,12.143496999999996,540p,vp9,20,WorldCup_1920x1080_30p
WorldCup_1920x1080_30p__960x540__vp9__crf30,0.9313549547277079,0.9216313804901803,89.70522492307693,86.79278486923079,12.301134000000005,15.40428700000001,540p,vp9,30,WorldCup_1920x1080_30p
WorldCup_1920x1080_30p__960x540__vp9__crf40,0.9281640834093461,0.9295498094368454,83.02820693846155,78.07224647692307,14.749925000000005,21.039568000000003,540p,vp9,40,WorldCup_1920x1080_30p
WorldCup_1920x1080_30p__960x540__vp9__crf50,0.926372122364838,0.9384073881369095,72.83868486923076,63.85852578461538,19.280338,30.111235000000008,540p,vp9,50,WorldCup_1920x1080_30p
WorldCup_1920x1080_30p__960x540__vp9__crf60,0.9128379583436238,0.9384336978370674,61.118859507692314,44.71472528461539,23.492784999999998,37.612612000000006,540p,vp9,60,WorldCup_1920x1080_30p
WorldCup_far_1920x1080_30p__1280x720__av1__crf20,0.9538852251739963,0.8874093576789737,98.21969109230768,98.5509268,6.768969999999996,6.302083999999994,720p,av1,20,WorldCup_far_1920x1080_30p
WorldCup_far_1920x1080_30p__1280x720__av1__crf30,0.9622418190914669,0.9244856438739687,96.65948680000001,96.65949103076923,9.252469000000005,9.190403000000003,720p,av1,30,WorldCup_far_1920x1080_30p
WorldCup_far_1920x1080_30p__1280x720__av1__crf40,0.9532382517430537,0.9461400231689769,93.42645293846154,92.4936827,13.449067999999997,13.976917999999998,720p,av1,40,WorldCup_far_1920x1080_30p
WorldCup_far_1920x1080_30p__1280x720__av1__crf50,0.9535904137592216,0.951410666513298,88.58259848461539,86.48240827692308,16.748996000000005,16.044386000000003,720p,av1,50,WorldCup_far_1920x1080_30p
WorldCup_far_1920x1080_30p__1280x720__av1__crf60,0.9399763941726494,0.9521589769905467,79.44582173846152,73.94520687692308,17.896533000000005,21.732022,720p,av1,60,WorldCup_far_1920x1080_30p
WorldCup_far_1920x1080_30p__1280x720__h264__crf18,0.964963732686004,0.9187984187190568,97.63360914615386,98.11305727692307,7.877685999999997,7.327696000000003,720p,h264,18,WorldCup_far_1920x1080_30p
WorldCup_far_1920x1080_30p__1280x720__h264__crf23,0.9635361705142553,0.9509044015983383,94.86156314615387,94.99470806923075,11.722487000000001,11.377604000000005,720p,h264,23,WorldCup_far_1920x1080_30p
WorldCup_far_1920x1080_30p__1280x720__h264__crf28,0.9643127312437463,0.9617654986697681,89.27927863076923,88.64175837692306,18.287352,16.984181000000007,720p,h264,28,WorldCup_far_1920x1080_30p
WorldCup_far_1920x1080_30p__1280x720__h264__crf33,0.9581350366888751,0.9621633504058291,79.89965316153847,77.85799164615385,21.007966999999994,18.161019999999994,720p,h264,33,WorldCup_far_1920x1080_30p
WorldCup_far_1920x1080_30p__1280x720__h264__crf38,0.9457381455172156,0.9545738402403872,67.01381100000002,60.947717,22.358060000000002,19.250075999999993,720p,h264,38,WorldCup_far_1920x1080_30p
WorldCup_far_1920x1080_30p__1280x720__h264__crf43,0.915963399594037,0.9406800271856205,52.61859713846153,38.07859997692307,22.240111999999996,22.761426,720p,h264,43,WorldCup_far_1920x1080_30p
WorldCup_far_1920x1080_30p__1280x720__hevc__crf18,0.97123560154761,0.9274048901187862,97.57489987692307,98.00635957692307,7.663640000000001,7.296149999999997,720p,hevc,18,WorldCup_far_1920x1080_30p
WorldCup_far_1920x1080_30p__1280x720__hevc__crf23,0.9702296260990702,0.9490567917225985,95.0399120923077,95.1043249076923,11.143733999999995,11.308239999999998,720p,hevc,23,WorldCup_far_1920x1080_30p
WorldCup_far_1920x1080_30p__1280x720__hevc__crf28,0.9651992923695099,0.9633405988938214,90.3690519923077,89.5859903153846,16.542578000000006,16.945477999999994,720p,hevc,28,WorldCup_far_1920x1080_30p
WorldCup_far_1920x1080_30p__1280x720__hevc__crf33,0.955054145676816,0.9593897003819608,82.7956259,80.30814753076923,20.542975,18.713913000000005,720p,hevc,33,WorldCup_far_1920x1080_30p
WorldCup_far_1920x1080_30p__1280x720__hevc__crf38,0.9074471376604452,0.9225869055739278,71.87122379230769,65.57296286153847,22.579606999999996,19.086515,720p,hevc,38,WorldCup_far_1920x1080_30p
WorldCup_far_1920x1080_30p__1280x720__hevc__crf43,0.8596550427208481,0.8763263147091584,58.42617056153846,43.83935031538461,23.63937,22.519881999999996,720p,hevc,43,WorldCup_far_1920x1080_30p
WorldCup_far_1920x1080_30p__1280x720__vp9__crf20,0.9568807569175898,0.8842046217679022,98.6609881076923,98.90294550769231,5.691498999999993,5.432575999999997,720p,vp9,20,WorldCup_far_1920x1080_30p
WorldCup_far_1920x1080_30p__1280x720__vp9__crf30,0.9728493781267978,0.9267792720765271,97.44698319999999,97.31113133076923,8.100763,8.466955999999996,720p,vp9,30,WorldCup_far_1920x1080_30p
WorldCup_far_1920x1080_30p__1280x720__vp9__crf40,0.9550533759111728,0.9454983199455926,93.73103130769232,92.60438220769231,13.130621000000005,13.883898000000002,720p,vp9,40,WorldCup_far_1920x1080_30p
WorldCup_far_1920x1080_30p__1280x720__vp9__crf50,0.9454169381214691,0.9583700847574262,85.9203552153846,83.02084811538462,19.744794000000013,20.732235000000003,720p,vp9,50,WorldCup_far_1920x1080_30p
WorldCup_far_1920x1080_30p__1280x720__vp9__crf60,0.9359618415309655,0.9627216598728243,73.52986413846153,65.96419336923077,21.866489,28.783876,720p,vp9,60,WorldCup_far_1920x1080_30p
WorldCup_far_1920x1080_30p__1920x1080__av1__crf20,0.4717070250212959,0.5219910375818914,99.95791225384616,99.99960306153847,1.0714770000000016,0.05160200000000259,1080p,av1,20,WorldCup_far_1920x1080_30p
WorldCup_far_1920x1080_30p__1920x1080__av1__crf30,0.9352274173808943,0.8103420460159424,99.57711231538461,99.7329406076923,3.2627609999999976,2.8724380000000025,1080p,av1,30,WorldCup_far_1920x1080_30p
WorldCup_far_1920x1080_30p__1920x1080__av1__crf40,0.9708887691653039,0.8996495873210244,98.17706365384616,98.0941144076923,6.741625999999997,6.752584999999996,1080p,av1,40,WorldCup_far_1920x1080_30p
WorldCup_far_1920x1080_30p__1920x1080__av1__crf50,0.953173770641809,0.9307609233851905,94.89648294615385,93.93815680769232,11.705460000000002,12.05207,1080p,av1,50,WorldCup_far_1920x1080_30p
WorldCup_far_1920x1080_30p__1920x1080__av1__crf60,0.9435951318443904,0.9443875203308736,87.43726007692308,84.51198307692309,17.212085000000002,18.239019999999996,1080p,av1,60,WorldCup_far_1920x1080_30p
WorldCup_far_1920x1080_30p__1920x1080__h264__crf18,0.7550675722897908,0.6549941202671274,99.91542923846153,99.99261763076923,1.5922750000000008,0.32342800000000693,1080p,h264,18,WorldCup_far_1920x1080_30p
WorldCup_far_1920x1080_30p__1920x1080__h264__crf23,0.9310546792431379,0.8812952415737678,99.08116836153846,99.46883023846155,4.580098000000007,3.6702959999999933,1080p,h264,23,WorldCup_far_1920x1080_30p
WorldCup_far_1920x1080_30p__1920x1080__h264__crf28,0.9594718088068589,0.9403240981108109,95.94176900769232,96.22705499230769,9.879537999999997,9.196059000000005,1080p,h264,28,WorldCup_far_1920x1080_30p
WorldCup_far_1920x1080_30p__1920x1080__h264__crf33,0.9605789637206318,0.9579122431697376,88.67863833076923,88.33810211538461,18.011336,15.226944000000003,1080p,h264,33,WorldCup_far_1920x1080_30p
WorldCup_far_1920x1080_30p__1920x1080__h264__crf38,0.9604243174199122,0.9609286189585824,77.58010816923077,75.82769210000001,20.896624000000003,16.80408,1080p,h264,38,WorldCup_far_1920x1080_30p
WorldCup_far_1920x1080_30p__1920x1080__h264__crf43,0.9413722679274453,0.9566470177922788,63.18058477692308,56.86935194615385,23.159950000000002,22.264275999999995,1080p,h264,43,WorldCup_far_1920x1080_30p
WorldCup_far_1920x1080_30p__1920x1080__hevc__crf18,0.8098203286825385,0.742208469900162,99.85686886923077,99.96830327692307,1.908760000000001,1.1994559999999979,1080p,hevc,18,WorldCup_far_1920x1080_30p
WorldCup_far_1920x1080_30p__1920x1080__hevc__crf23,0.9681135694029342,0.9068943474590446,98.97190676923078,99.26435560769231,4.825933000000006,4.286133000000007,1080p,hevc,23,WorldCup_far_1920x1080_30p
WorldCup_far_1920x1080_30p__1920x1080__hevc__crf28,0.9699156814656228,0.9349108477355293,96.58415356923076,96.4804384076923,8.989220000000003,8.951560999999998,1080p,hevc,28,WorldCup_far_1920x1080_30p
WorldCup_far_1920x1080_30p__1920x1080__hevc__crf33,0.9407768264848592,0.9401579419698317,91.05678695384616,89.88006036153845,15.682528000000005,14.453529999999986,1080p,hevc,33,WorldCup_far_1920x1080_30p
WorldCup_far_1920x1080_30p__1920x1080__hevc__crf38,0.925671905387379,0.9341199667206184,82.07093601538462,78.65414895384616,19.628585,16.362983,1080p,hevc,38,WorldCup_far_1920x1080_30p
WorldCup_far_1920x1080_30p__1920x1080__hevc__crf43,0.8784457040469831,0.8945240279782318,69.65937072307693,61.39259844615384,23.174242999999997,20.412784000000002,1080p,hevc,43,WorldCup_far_1920x1080_30p
WorldCup_far_1920x1080_30p__1920x1080__vp9__crf20,,0.2893711048746844,99.9992152,100.0,0.10202400000000011,0.0,1080p,vp9,20,WorldCup_far_1920x1080_30p
WorldCup_far_1920x1080_30p__1920x1080__vp9__crf30,0.9638373365398573,0.7926765713570586,99.77799065384615,99.8390690076923,2.5942129999999963,2.370564999999999,1080p,vp9,30,WorldCup_far_1920x1080_30p
WorldCup_far_1920x1080_30p__1920x1080__vp9__crf40,0.9809062688251768,0.9161535147263329,98.2390238076923,97.93791748461538,6.411576999999994,6.973800999999995,1080p,vp9,40,WorldCup_far_1920x1080_30p
WorldCup_far_1920x1080_30p__1920x1080__vp9__crf50,0.952921760288489,0.9452437192995432,93.08707288461538,91.40596289230768,14.041293999999994,15.296295,1080p,vp9,50,WorldCup_far_1920x1080_30p
WorldCup_far_1920x1080_30p__1920x1080__vp9__crf60,0.9485962975498735,0.9650078521747304,82.57758403076923,78.20995906923076,20.85514900000001,24.267466,1080p,vp9,60,WorldCup_far_1920x1080_30p
WorldCup_far_1920x1080_30p__640x360__av1__crf20,0.9751747293553271,0.9713255441555833,82.73673606153847,79.12936945384615,19.599372000000002,18.421007000000003,360p,av1,20,WorldCup_far_1920x1080_30p
WorldCup_far_1920x1080_30p__640x360__av1__crf30,0.967774989132092,0.9660653410499423,79.73058797692308,75.4748473923077,19.478535000000008,18.453473000000002,360p,av1,30,WorldCup_far_1920x1080_30p
WorldCup_far_1920x1080_30p__640x360__av1__crf40,0.963886895536859,0.966563378026057,74.709737,69.29878136923077,20.937090999999995,19.706062000000003,360p,av1,40,WorldCup_far_1920x1080_30p
WorldCup_far_1920x1080_30p__640x360__av1__crf50,0.9448333256494595,0.9582059617670855,68.64408976923077,60.44535729230769,21.741213000000002,21.010745000000007,360p,av1,50,WorldCup_far_1920x1080_30p
WorldCup_far_1920x1080_30p__640x360__av1__crf60,0.9240580293624829,0.9497824060154778,59.09703563076923,45.00860655384615,22.352907000000002,23.819828,360p,av1,60,WorldCup_far_1920x1080_30p
WorldCup_far_1920x1080_30p__640x360__h264__crf18,0.9713957370341275,0.9752723866153349,80.47361861538461,76.4775896923077,22.148967,23.185011000000003,360p,h264,18,WorldCup_far_1920x1080_30p
WorldCup_far_1920x1080_30p__640x360__h264__crf23,0.9629554033320494,0.9717743734274125,75.49781392307692,70.30233807692309,23.437755999999993,24.188939000000005,360p,h264,23,WorldCup_far_1920x1080_30p
WorldCup_far_1920x1080_30p__640x360__h264__crf28,0.9452844912691388,0.9620074152461853,67.80164233846153,59.780905307692315,23.340506000000005,24.793298,360p,h264,28,WorldCup_far_1920x1080_30p
WorldCup_far_1920x1080_30p__640x360__h264__crf33,0.9197964426932778,0.9425453658051088,57.000421800000005,42.94049746153846,22.710613000000002,24.122521,360p,h264,33,WorldCup_far_1920x1080_30p
WorldCup_far_1920x1080_30p__640x360__h264__crf38,0.8986680758714597,0.9225737650580266,44.75187775384615,20.45064276153846,22.267369000000002,21.905387999999995,360p,h264,38,WorldCup_far_1920x1080_30p
WorldCup_far_1920x1080_30p__640x360__h264__crf43,0.6878163125687858,0.8944361494940106,33.99907096923078,0.9756425076923078,21.629261,10.596718,360p,h264,43,WorldCup_far_1920x1080_30p
WorldCup_far_1920x1080_30p__640x360__hevc__crf18,0.9799997714011911,0.9774783005377219,80.61539193076923,77.41718703076923,22.326025,21.809245000000004,360p,hevc,18,WorldCup_far_1920x1080_30p
WorldCup_far_1920x1080_30p__640x360__hevc__crf23,0.9774672345930376,0.9786156929614976,75.95373983846153,71.93772380000001,23.855098000000012,23.085217,360p,hevc,23,WorldCup_far_1920x1080_30p
WorldCup_far_1920x1080_30p__640x360__hevc__crf28,0.962712148146925,0.9725394363787594,69.14265873076923,63.05221866923078,24.918271000000004,24.727444999999996,360p,hevc,28,WorldCup_far_1920x1080_30p
WorldCup_far_1920x1080_30p__640x360__hevc__crf33,0.9295300247108954,0.9499517839713706,59.897748223076924,48.99981476923077,25.22961,24.986649999999997,360p,hevc,33,WorldCup_far_1920x1080_30p
WorldCup_far_1920x1080_30p__640x360__hevc__crf38,0.8886734751518343,0.9122092941486296,49.38195793076923,30.192180084615387,24.761986,26.524695,360p,hevc,38,WorldCup_far_1920x1080_30p
WorldCup_far_1920x1080_30p__640x360__hevc__crf43,0.8401729468099277,0.887780901591056,38.22646970769231,5.004071838461539,23.261632,20.743972,360p,hevc,43,WorldCup_far_1920x1080_30p
WorldCup_far_1920x1080_30p__640x360__vp9__crf20,0.978300903173641,0.9763819704181501,83.39787283846154,80.13146656923077,20.251839000000004,20.140581999999995,360p,vp9,20,WorldCup_far_1920x1080_30p
WorldCup_far_1920x1080_30p__640x360__vp9__crf30,0.9772161233313832,0.9780249763516781,80.39673965384614,76.6151630230769,21.964416999999997,21.202016999999998,360p,vp9,30,WorldCup_far_1920x1080_30p
WorldCup_far_1920x1080_30p__640x360__vp9__crf40,0.9686909608900985,0.9765098959969147,74.15342781538462,68.73019604615385,23.916935999999993,23.705560999999996,360p,vp9,40,WorldCup_far_1920x1080_30p
WorldCup_far_1920x1080_30p__640x360__vp9__crf50,0.946637535778628,0.9713781935693744,64.38448215384616,54.45481573846154,24.992112,28.942783,360p,vp9,50,WorldCup_far_1920x1080_30p
WorldCup_far_1920x1080_30p__640x360__vp9__crf60,0.9055549808598383,0.9502836556041431,52.140822484615384,30.43640303846154,24.251706999999996,36.42154,360p,vp9,60,WorldCup_far_1920x1080_30p
WorldCup_far_1920x1080_30p__960x540__av1__crf20,0.9629381313669755,0.9492130346111208,93.92338724615385,93.02649968461539,12.549443999999994,13.632098999999997,540p,av1,20,WorldCup_far_1920x1080_30p
WorldCup_far_1920x1080_30p__960x540__av1__crf30,0.9627496491671572,0.9562883454043462,91.91222189230768,90.3456901923077,14.910445999999993,15.805596000000008,540p,av1,30,WorldCup_far_1920x1080_30p
WorldCup_far_1920x1080_30p__960x540__av1__crf40,0.9600668862092926,0.9558645723591408,88.18725358461539,85.65150283846154,17.498555999999994,16.10286699999999,540p,av1,40,WorldCup_far_1920x1080_30p
WorldCup_far_1920x1080_30p__960x540__av1__crf50,0.955653631811359,0.9563221519405215,82.7306239,78.627656,19.385016000000007,17.730582999999996,540p,av1,50,WorldCup_far_1920x1080_30p
WorldCup_far_1920x1080_30p__960x540__av1__crf60,0.9375126222940117,0.950363774463637,73.32033154615385,65.13238068461538,20.546840000000003,21.33979,540p,av1,60,WorldCup_far_1920x1080_30p
WorldCup_far_1920x1080_30p__960x540__h264__crf18,0.9726950823189261,0.9621909926219394,92.41599788461538,91.83224177692308,14.675252,15.152251000000007,540p,h264,18,WorldCup_far_1920x1080_30p
WorldCup_far_1920x1080_30p__960x540__h264__crf23,0.971907624855308,0.9689783753858026,88.56286220000001,87.19082303076924,18.650505999999993,18.53985,540p,h264,23,WorldCup_far_1920x1080_30p
WorldCup_far_1920x1080_30p__960x540__h264__crf28,0.9662521280155733,0.9676563173977092,81.85313927692309,79.12531131538462,20.893765000000002,19.556724000000003,540p,h264,28,WorldCup_far_1920x1080_30p
WorldCup_far_1920x1080_30p__960x540__h264__crf33,0.954160839635344,0.9623932767672277,71.3205835,65.57917076923077,21.810199999999995,22.439691999999994,540p,h264,33,WorldCup_far_1920x1080_30p
WorldCup_far_1920x1080_30p__960x540__h264__crf38,0.9387971533861865,0.9518746013634722,58.16252586923077,45.991068846153844,22.954264000000002,24.437543999999995,540p,h264,38,WorldCup_far_1920x1080_30p
WorldCup_far_1920x1080_30p__960x540__h264__crf43,0.9207981848552547,0.9404114723790524,44.27202230769231,21.0260331,22.394044,25.143923,540p,h264,43,WorldCup_far_1920x1080_30p
WorldCup_far_1920x1080_30p__960x540__hevc__crf18,0.9755214213789791,0.9661679381803885,92.4753918923077,92.06667663846154,14.218761999999998,14.769705000000002,540p,hevc,18,WorldCup_far_1920x1080_30p
WorldCup_far_1920x1080_30p__960x540__hevc__crf23,0.975481470519493,0.9716410355986629,88.87219486923078,87.88863256923077,18.373345999999998,18.991448000000005,540p,hevc,23,WorldCup_far_1920x1080_30p
WorldCup_far_1920x1080_30p__960x540__hevc__crf28,0.970485216164861,0.9708370735425482,83.11471813846154,80.90924415384616,22.02997099999999,20.279594000000003,540p,hevc,28,WorldCup_far_1920x1080_30p
WorldCup_far_1920x1080_30p__960x540__hevc__crf33,0.9512327832171282,0.9606813263995932,74.31291211538462,69.86817665384615,22.691496,21.992689000000006,540p,hevc,33,WorldCup_far_1920x1080_30p
WorldCup_far_1920x1080_30p__960x540__hevc__crf38,0.9145643785117323,0.9330754412041371,62.750735530769234,52.42178076923077,24.549619000000007,25.377560000000003,540p,hevc,38,WorldCup_far_1920x1080_30p
WorldCup_far_1920x1080_30p__960x540__hevc__crf43,0.8732064950441576,0.8909178852371459,49.89051985384616,27.916207176923077,23.483412,23.862923,540p,hevc,43,WorldCup_far_1920x1080_30p
WorldCup_far_1920x1080_30p__960x540__vp9__crf20,0.9672054723718825,0.9503438539010322,94.55245413846154,93.95669749999999,11.903053999999997,12.958650000000006,540p,vp9,20,WorldCup_far_1920x1080_30p
WorldCup_far_1920x1080_30p__960x540__vp9__crf30,0.9664228703081253,0.9611672369122148,92.3718686076923,91.1267639,14.817335,16.087996000000004,540p,vp9,30,WorldCup_far_1920x1080_30p
WorldCup_far_1920x1080_30p__960x540__vp9__crf40,0.9650779239347821,0.9693594330181735,87.32606658461538,85.11891731538464,20.221265000000002,18.76994099999999,540p,vp9,40,WorldCup_far_1920x1080_30p
WorldCup_far_1920x1080_30p__960x540__vp9__crf50,0.9551561543111646,0.9706936833964916,78.50350852307692,73.89840927692308,22.98501999999999,23.03909200000001,540p,vp9,50,WorldCup_far_1920x1080_30p
WorldCup_far_1920x1080_30p__960x540__vp9__crf60,0.92824384564919,0.9629085823500991,65.61875804615386,53.70823771538461,23.001312,30.631911000000002,540p,vp9,60,WorldCup_far_1920x1080_30p
